Timestamp,Dorm_ID,Room_ID,Room_Size_m2,Room_Size_Cat,Num_Occupants,Temperature,Humidity,Wind_Speed,App_Electric_Fan,App_Air_Conditioner,App_Laptop_PC,App_Refrigerator,App_TV_Monitor,App_Phone_Charger,App_Electric_Kettle,App_Rice_Cooker,App_Study_Lamp,Appliance_kWh_Active,Electricity_Consumed,Avg_Past_Consumption,Anomaly_Label
2024-01-01 00:00:00,Dorm C,Room 102,22,Medium,2,0.4695244570873399,0.396368359257516,0.4454405995287692,1,0,1,1,0,1,0,0,0,0.1161,0.098537,0.249744,Normal
2024-01-01 00:30:00,Dorm A,Room 104,32,Large,3,0.465544774647693,0.4511844131507186,0.4587292864514259,1,0,0,1,0,1,0,0,1,0.0964,0.068414,0.249744,Normal
2024-01-01 01:00:00,Dorm C,Room 108,20,Medium,1,0.2854149899096556,0.4082889696883288,0.4703604126532033,0,0,0,1,0,1,0,0,1,0.0693,0.055926,0.249744,Normal
2024-01-01 01:30:00,Dorm C,Room 107,21,Medium,2,0.4820950872260694,0.5123083968413018,0.5762413871285659,0,0,0,1,0,1,0,0,1,0.0753,0.066597,0.249744,Normal
2024-01-01 02:00:00,Dorm A,Room 106,32,Large,3,0.6247409477827948,0.672020667986486,0.373003790710542,1,0,1,1,0,1,1,0,0,0.9457,0.685014,0.249744,Normal
2024-01-01 02:30:00,Dorm C,Room 106,15,Small,1,0.3553893805248106,0.3827674233473963,0.3611112631214694,1,0,1,0,1,1,0,0,1,0.088,0.060321,0.249744,Normal
2024-01-01 03:00:00,Dorm B,Room 106,24,Medium,2,0.6671022786402212,0.6431635389634667,0.6110035112450067,0,0,0,1,1,1,0,0,1,0.0974,0.059934,0.249744,Normal
2024-01-01 03:30:00,Dorm A,Room 106,32,Large,3,0.5918541832121293,0.3812052319319284,0.4071437878954785,1,0,1,1,0,1,0,0,1,0.1208,0.101541,0.685014,Normal
2024-01-01 04:00:00,Dorm C,Room 105,11,Small,1,0.4278582829443013,0.3715123461699398,0.3111214145652017,1,0,0,0,1,1,0,0,1,0.0505,0.012103,0.249744,Normal
2024-01-01 04:30:00,Dorm B,Room 104,25,Medium,3,0.507400285103508,0.6163832966938054,0.4044462521445039,1,0,1,1,0,1,0,0,1,0.1206,0.099381,0.249744,Normal
2024-01-01 05:00:00,Dorm B,Room 101,14,Small,4,0.7408917766889805,0.6315705871550474,0.4230507700313165,1,0,0,0,1,1,0,1,0,0.2568,0.209883,0.249744,Normal
2024-01-01 05:30:00,Dorm C,Room 106,15,Small,1,0.6248374029907721,0.6212058947803161,0.6491949249897804,0,0,1,1,0,1,0,0,0,0.1007,0.079698,0.060321,Normal
2024-01-01 06:00:00,Dorm A,Room 102,15,Small,3,0.5275726250527567,0.3027092140111161,0.5735978317184226,0,0,0,0,0,1,0,0,0,0.0096,0.0,0.249744,Normal
2024-01-01 06:30:00,Dorm B,Room 103,12,Small,1,0.4944962718663833,0.4276041705513646,0.6003143435209295,0,0,1,1,0,1,0,0,0,0.0954,0.063422,0.249744,Normal
2024-01-01 07:00:00,Dorm B,Room 108,20,Medium,3,0.5366749294424203,0.6170290429484833,0.5610187328672708,0,0,1,1,0,1,0,0,0,0.1017,0.087015,0.249744,Normal
2024-01-01 07:30:00,Dorm B,Room 101,14,Small,4,0.4577141635631019,0.502186225943571,0.5761672712355047,1,1,1,0,1,1,1,1,0,1.735,1.0,0.209883,Abnormal
2024-01-01 08:00:00,Dorm A,Room 105,18,Medium,1,0.2439323110408615,0.3382893349355171,0.3800982024027808,1,0,1,1,0,0,0,1,1,0.2957,0.177969,0.249744,Normal
2024-01-01 08:30:00,Dorm A,Room 106,32,Large,3,0.8004581401351554,0.5634363893500474,0.4388208158967799,1,1,1,1,0,1,0,0,1,0.7708,0.550358,0.393278,Normal
2024-01-01 09:00:00,Dorm A,Room 108,15,Small,1,0.5472387621580745,0.3910318049007188,0.3438874591873976,1,0,0,1,1,1,0,0,0,0.1092,0.115344,0.249744,Normal
2024-01-01 09:30:00,Dorm C,Room 105,11,Small,1,0.5798259886274272,0.7598077547424569,0.4373948747031249,1,1,1,1,0,1,0,0,0,0.6661,0.402546,0.012103,Normal
2024-01-01 10:00:00,Dorm B,Room 105,19,Medium,3,0.5186225071436685,0.7231138362486436,0.5447186536570369,1,1,1,1,0,0,0,0,0,0.7401,0.486563,0.249744,Normal
2024-01-01 10:30:00,Dorm B,Room 101,14,Small,4,0.4277397183550394,0.5848604044146706,0.4787928698618097,1,0,1,1,0,1,0,1,0,0.3231,0.214351,0.604942,Normal
2024-01-01 11:00:00,Dorm C,Room 102,22,Medium,2,0.5014424096289476,0.6960971503479358,0.6199845489546189,1,0,1,1,0,0,0,0,0,0.1178,0.109585,0.098537,Normal
2024-01-01 11:30:00,Dorm C,Room 101,21,Medium,1,0.3117519132177642,0.5056030155928668,0.3257120391346944,1,1,1,1,0,1,0,1,1,0.8754,0.538765,0.249744,Normal
2024-01-01 12:00:00,Dorm A,Room 101,20,Medium,2,0.8319833353719326,0.6085712303576893,0.5226602850132979,1,0,1,1,0,0,0,0,0,0.1129,0.069466,0.249744,Normal
2024-01-01 12:30:00,Dorm B,Room 102,14,Small,2,0.3607198989689663,0.7132495890711088,0.3128888698045776,0,0,1,1,1,1,0,0,1,0.1186,0.110085,0.249744,Normal
2024-01-01 13:00:00,Dorm B,Room 106,24,Medium,2,0.3879019328988726,0.5321600893593184,0.4739452888436899,0,0,0,1,0,1,0,0,0,0.0707,0.029275,0.059934,Normal
2024-01-01 13:30:00,Dorm A,Room 104,32,Large,3,0.4673101886805368,0.458578397807652,0.5514643442911628,1,0,1,1,1,1,0,1,1,0.3287,0.214702,0.068414,Normal
2024-01-01 14:00:00,Dorm C,Room 101,21,Medium,1,0.6992561411650795,0.2455668603501614,0.436913253234203,1,0,1,1,0,1,0,0,0,0.1213,0.060503,0.538765,Normal
2024-01-01 14:30:00,Dorm B,Room 103,12,Small,1,0.5283409775459348,0.4838637103672257,0.5287653177230948,1,0,1,0,1,1,0,1,0,0.2615,0.164457,0.063422,Normal
2024-01-01 15:00:00,Dorm A,Room 106,32,Large,3,0.3605019821309313,0.6170929114508883,0.3475084926649122,1,0,1,1,0,1,1,0,0,0.8162,0.552199,0.445638,Normal
2024-01-01 15:30:00,Dorm A,Room 104,32,Large,3,0.6947285204377776,0.6350531480859927,0.2630551237073059,1,0,1,1,0,1,0,0,1,0.1253,0.090814,0.141558,Normal
2024-01-01 16:00:00,Dorm B,Room 105,19,Medium,3,0.6244955655147016,0.5702035577120343,0.5294734992389433,1,1,0,0,1,1,0,0,0,0.6086,0.439953,0.486563,Normal
2024-01-01 16:30:00,Dorm C,Room 107,21,Medium,2,0.5986528732862432,0.4165308760706522,0.671874838980069,1,0,1,1,0,1,0,0,0,0.114,0.070098,0.066597,Normal
2024-01-01 17:00:00,Dorm B,Room 104,25,Medium,3,0.622446786489016,0.2055639170517975,0.3431520915586162,1,0,0,1,1,1,0,1,1,0.296,0.20146,0.099381,Normal
2024-01-01 17:30:00,Dorm C,Room 106,15,Small,1,0.8477219254348038,0.4233034629675803,0.6092728853692204,1,0,1,1,1,0,0,0,0,0.1218,0.08455,0.07001,Normal
2024-01-01 18:00:00,Dorm B,Room 106,24,Medium,2,0.8196378810150041,0.4513540940630684,0.4678564751593927,0,0,0,1,0,0,0,1,1,0.2688,0.210837,0.044604,Normal
2024-01-01 18:30:00,Dorm B,Room 103,12,Small,1,0.4342352893366141,0.4500925598895748,0.3024048984071702,0,0,0,1,0,1,0,0,1,0.0787,0.056213,0.11394,Normal
2024-01-01 19:00:00,Dorm A,Room 104,32,Large,3,0.7443224065006648,0.5869853148074664,0.3269009946781318,1,1,0,1,1,1,0,1,1,0.8892,0.621805,0.124643,Normal
2024-01-01 19:30:00,Dorm B,Room 101,14,Small,4,0.5778157672034542,0.7878997314331746,0.4645406849273589,1,0,1,1,1,0,0,0,1,0.1331,0.108719,0.474745,Normal
2024-01-01 20:00:00,Dorm C,Room 102,22,Medium,2,0.5933734830517112,0.5142352356944326,0.4141239013969509,1,0,0,1,1,0,0,0,1,0.1068,0.068063,0.104061,Normal
2024-01-01 20:30:00,Dorm C,Room 103,22,Medium,2,0.2992877617232035,0.4642298698124155,0.3051376265447721,1,0,1,1,0,0,0,0,1,0.1164,0.07831,0.249744,Normal
2024-01-01 21:00:00,Dorm A,Room 105,18,Medium,1,0.5035277358698927,0.4579854596535922,0.2594141363404099,1,0,1,1,0,1,0,1,1,0.31,0.190061,0.177969,Normal
2024-01-01 21:30:00,Dorm B,Room 108,20,Medium,3,0.417311314099503,0.5143609710720523,0.3610665941490798,1,0,1,1,0,1,0,0,1,0.1292,0.069495,0.087015,Normal
2024-01-01 22:00:00,Dorm B,Room 107,14,Small,3,0.6375209655724376,0.3743536249942128,0.4858981437760501,1,0,1,1,1,1,0,0,0,0.1477,0.0936,0.249744,Normal
2024-01-01 22:30:00,Dorm C,Room 106,15,Small,1,0.6701349545431549,0.5137457584078902,0.4618791009138857,0,1,1,1,1,1,0,0,1,0.6645,0.444342,0.074856,Normal
2024-01-01 23:00:00,Dorm A,Room 106,32,Large,3,0.2479936860231962,0.56233335249366,0.4025137833651768,0,0,1,1,1,1,0,0,1,0.1223,0.085733,0.472278,Normal
2024-01-01 23:30:00,Dorm B,Room 101,14,Small,4,0.5234367191007011,0.5268970027150777,0.4868672788168449,1,1,1,1,1,0,0,0,0,0.7253,0.520373,0.383238,Normal
2024-01-02 00:00:00,Dorm B,Room 105,19,Medium,3,0.6769498653757929,0.5633223462448675,0.5874183663124215,0,0,1,1,0,1,0,0,1,0.1045,0.074248,0.463258,Normal
2024-01-02 00:30:00,Dorm C,Room 102,22,Medium,2,0.5013411567434097,0.5598254895912065,0.5099301122804945,1,1,1,1,1,1,0,0,1,0.7511,0.484047,0.092062,Normal
2024-01-02 01:00:00,Dorm B,Room 101,14,Small,4,0.6242356187433727,0.2356800461672135,0.448093668007645,1,0,0,1,1,1,0,0,1,0.1089,0.080338,0.410665,Normal
2024-01-02 01:30:00,Dorm C,Room 104,13,Small,2,0.5735209388450229,0.5896767439304076,0.573987227678261,1,0,0,1,0,1,0,0,0,0.0899,0.054215,0.249744,Normal
2024-01-02 02:00:00,Dorm B,Room 103,12,Small,1,0.5722453174913115,0.3974676165550432,0.3474943401899077,1,1,0,1,0,1,0,0,0,0.7084,0.446899,0.094697,Normal
2024-01-02 02:30:00,Dorm B,Room 102,14,Small,2,0.4899828366882788,0.3350346724730318,0.4356635353715199,0,0,0,1,0,1,1,0,1,0.755,0.474291,0.110085,Normal
2024-01-02 03:00:00,Dorm C,Room 102,22,Medium,2,0.3631263005683615,0.3337689397899149,0.4385225983572494,1,0,1,1,0,1,0,0,0,0.1175,0.086034,0.190058,Normal
2024-01-02 03:30:00,Dorm B,Room 105,19,Medium,3,0.3758822859575769,0.5597952156266954,0.3142504676045768,0,1,0,1,0,1,1,0,1,1.3555,0.905206,0.333588,Abnormal
2024-01-02 04:00:00,Dorm A,Room 108,15,Small,1,0.621590346191197,0.463371151755572,0.4122749482334396,1,0,0,1,1,1,0,0,1,0.1068,0.048734,0.115344,Normal
2024-01-02 04:30:00,Dorm B,Room 106,24,Medium,2,0.5290051774860163,0.2488960114836023,0.213715348408944,0,1,1,1,0,0,0,0,0,0.6926,0.447686,0.100015,Normal
2024-01-02 05:00:00,Dorm A,Room 102,15,Small,3,0.5078052251525021,0.5663344577268528,0.6920498289692649,0,1,0,1,0,1,0,0,0,0.6308,0.424189,0.0,Normal
2024-01-02 05:30:00,Dorm B,Room 104,25,Medium,3,0.4695069624783051,0.2845137680253356,0.3501860350585505,0,1,0,1,0,1,0,0,0,0.679,0.475462,0.15042,Normal
2024-01-02 06:00:00,Dorm B,Room 101,14,Small,4,0.4854368969468554,0.5166295602782116,0.652932139884241,0,0,0,1,0,1,0,1,0,0.2607,0.183139,0.355611,Normal
2024-01-02 06:30:00,Dorm B,Room 107,14,Small,3,0.6668914665948062,0.5311313926377157,0.467215970212364,0,0,0,1,1,1,0,0,1,0.0966,0.056136,0.0936,Normal
2024-01-02 07:00:00,Dorm A,Room 102,15,Small,3,0.4814034250120697,0.626227159717208,0.5304134005836398,1,0,1,1,0,1,0,0,1,0.1221,0.053624,0.212094,Normal
2024-01-02 07:30:00,Dorm A,Room 105,18,Medium,1,0.346420314713414,0.7579207561986538,0.404005981729211,0,0,0,1,0,1,0,0,1,0.0691,0.033776,0.184015,Normal
2024-01-02 08:00:00,Dorm B,Room 106,24,Medium,2,0.6261933746015219,0.2955258805485888,0.4875921935755339,0,0,1,1,1,0,0,0,0,0.1161,0.095048,0.186933,Normal
2024-01-02 08:30:00,Dorm A,Room 108,15,Small,1,0.4988989893440629,0.4883695104432129,0.5406858405142694,1,0,0,0,0,0,1,0,0,0.7791,0.489047,0.082039,Normal
2024-01-02 09:00:00,Dorm B,Room 101,14,Small,4,0.5306072282680838,0.4554704316204847,0.5423729429793859,1,0,1,1,1,1,0,0,0,0.1383,0.086398,0.330972,Normal
2024-01-02 09:30:00,Dorm C,Room 106,15,Small,1,0.7421340170585323,0.5598257947738954,0.5555960861808856,1,0,1,1,1,1,0,0,1,0.1495,0.093583,0.167228,Normal
2024-01-02 10:00:00,Dorm A,Room 103,17,Medium,2,0.5236345739581575,0.5277762321253643,0.4184583448115001,1,1,1,1,0,0,0,1,1,0.9666,0.631202,0.249744,Normal
2024-01-02 10:30:00,Dorm B,Room 105,19,Medium,3,0.5652028599120962,0.4442703339766109,0.4050185384788781,1,1,1,1,0,1,0,1,0,0.9464,0.67346,0.476492,Normal
2024-01-02 11:00:00,Dorm C,Room 107,21,Medium,2,0.3681799861395501,0.4312853856040701,0.2713946342357173,1,0,1,1,0,0,0,1,1,0.3133,0.200376,0.068348,Normal
2024-01-02 11:30:00,Dorm C,Room 102,22,Medium,2,0.4969137679860388,0.3320055411997372,0.5254172608293767,1,0,1,1,1,1,0,0,0,0.1384,0.082543,0.169253,Normal
2024-01-02 12:00:00,Dorm C,Room 103,22,Medium,2,0.6081934373508506,0.6412590735053301,0.5924993088870842,1,1,1,1,0,1,0,0,0,0.6607,0.441137,0.07831,Normal
2024-01-02 12:30:00,Dorm A,Room 107,25,Medium,3,0.3176596219482697,0.5635666331345228,0.656515331453825,0,0,0,1,0,1,0,0,0,0.068,0.055277,0.249744,Normal
2024-01-02 13:00:00,Dorm A,Room 106,32,Large,3,0.5533476484404655,0.6309580239106507,0.4992583700691553,1,0,1,0,0,1,0,1,0,0.2796,0.203609,0.394969,Normal
2024-01-02 13:30:00,Dorm C,Room 108,20,Medium,1,0.5399202017775361,0.4504647892368899,0.3706928846067647,0,1,1,1,0,0,0,0,1,0.7525,0.479454,0.055926,Normal
2024-01-02 14:00:00,Dorm B,Room 106,24,Medium,2,0.5319346991407727,0.3995514432411006,0.2590474064637169,1,1,0,1,0,1,0,0,0,0.7348,0.511714,0.168556,Normal
2024-01-02 14:30:00,Dorm B,Room 107,14,Small,3,0.6655826087603216,0.3376100451256565,0.5876151176978576,1,1,1,1,1,1,0,0,1,0.7727,0.519937,0.074868,Normal
2024-01-02 15:00:00,Dorm C,Room 108,20,Medium,1,0.5712761488284857,0.5488283347351288,0.2471487915723577,1,0,0,1,0,1,0,0,0,0.0901,0.054943,0.26769,Normal
2024-01-02 15:30:00,Dorm C,Room 108,20,Medium,1,0.7247540019594735,0.3432712841735475,0.4217849319094755,1,0,1,0,0,1,1,0,0,0.8054,0.5138,0.196774,Normal
2024-01-02 16:00:00,Dorm A,Room 105,18,Medium,1,0.3930521708042505,0.767764004796524,0.4357370420097329,1,0,1,1,0,0,0,0,1,0.1101,0.048416,0.133935,Normal
2024-01-02 16:30:00,Dorm B,Room 106,24,Medium,2,0.5446351859655602,0.303907662040318,0.4543145047880573,0,1,1,1,0,0,0,0,0,0.6602,0.41497,0.225749,Normal
2024-01-02 17:00:00,Dorm A,Room 102,15,Small,3,0.5377294504017704,0.5362987447418572,0.4669422113797911,1,0,1,1,0,1,0,0,1,0.1229,0.080766,0.159271,Normal
2024-01-02 17:30:00,Dorm A,Room 102,15,Small,3,0.3828977816679878,0.7263489422095815,0.4792204733455776,1,1,1,1,0,0,0,0,0,0.7296,0.48303,0.139645,Normal
2024-01-02 18:00:00,Dorm A,Room 107,25,Medium,3,0.6547305145316402,0.5841244686719205,0.1728773384701627,1,1,1,1,1,1,0,1,1,0.93,0.638753,0.055277,Normal
2024-01-02 18:30:00,Dorm C,Room 106,15,Small,1,0.8383695787290684,0.5218984865601337,0.4644052558631719,1,0,1,1,1,1,0,0,0,0.138,0.063032,0.152499,Normal
2024-01-02 19:00:00,Dorm B,Room 108,20,Medium,3,0.5241115925615275,0.3537510676675141,0.195166174037969,1,0,0,1,1,1,0,1,0,0.3226,0.203854,0.078255,Normal
2024-01-02 19:30:00,Dorm A,Room 102,15,Small,3,0.5941686662457025,0.2930138827755363,0.550490750767334,1,0,1,1,1,0,1,0,1,0.849,0.576764,0.208322,Normal
2024-01-02 20:00:00,Dorm C,Room 108,20,Medium,1,0.5377363872244895,0.609249108468835,0.3960489690637424,1,0,1,1,0,1,0,0,1,0.1244,0.074173,0.276031,Normal
2024-01-02 20:30:00,Dorm A,Room 102,15,Small,3,0.4306293727310383,0.7174272639938546,0.2038686154798611,1,1,0,1,0,0,0,0,1,0.6913,0.470245,0.269729,Normal
2024-01-02 21:00:00,Dorm C,Room 108,20,Medium,1,0.2820442249125378,0.4315869803246002,0.364967356935826,1,0,0,1,1,1,0,0,0,0.1054,0.059702,0.235659,Normal
2024-01-02 21:30:00,Dorm C,Room 108,20,Medium,1,0.4316776493899484,0.3286826391403689,0.3942554046853085,0,1,1,1,1,1,0,0,1,0.7806,0.468224,0.206333,Normal
2024-01-02 22:00:00,Dorm B,Room 105,19,Medium,3,0.3395902842494993,0.1348241714660951,0.605494501916153,1,1,1,1,0,1,0,1,0,0.9127,0.612321,0.515886,Normal
2024-01-02 22:30:00,Dorm B,Room 101,14,Small,4,0.7550876973760672,0.3519462009600958,0.4862375051984033,1,0,1,1,0,1,0,0,0,0.1201,0.092675,0.3004,Normal
2024-01-02 23:00:00,Dorm A,Room 106,32,Large,3,0.5109458935594964,0.4793779489553191,0.5039698451104412,0,0,1,1,0,1,1,0,1,0.8729,0.580768,0.363076,Normal
2024-01-02 23:30:00,Dorm A,Room 106,32,Large,3,0.4799707858093978,0.7310911838211189,0.6043574340384751,1,1,1,1,0,1,0,0,1,0.7329,0.526666,0.394175,Normal
2024-01-03 00:00:00,Dorm B,Room 104,25,Medium,3,0.6457200362631358,0.5950060979430614,0.4511126237380125,1,0,1,1,0,1,0,1,1,0.3244,0.191208,0.258768,Normal
2024-01-03 00:30:00,Dorm B,Room 107,14,Small,3,0.3758526333034525,0.5409170610950773,0.5531264648188328,0,0,0,1,0,1,0,0,1,0.0778,0.062337,0.223224,Normal
2024-01-03 01:00:00,Dorm C,Room 107,21,Medium,2,0.4234791765670554,0.4372788590073459,0.5446893958818175,0,0,1,1,1,1,0,0,1,0.127,0.095567,0.112357,Normal
2024-01-03 01:30:00,Dorm A,Room 105,18,Medium,1,0.5355292739026796,0.4103780821229718,0.308310035088559,0,0,0,1,1,1,0,0,1,0.095,0.074983,0.112556,Normal
2024-01-03 02:00:00,Dorm C,Room 104,13,Small,2,0.6644566666805182,0.702657656058945,0.6393599363719943,1,1,1,1,0,1,0,1,0,0.8924,0.597644,0.054215,Normal
2024-01-03 02:30:00,Dorm A,Room 107,25,Medium,3,0.5937209626886989,0.5255820587044668,0.2922542573341899,0,0,0,1,0,1,0,0,0,0.0729,0.030086,0.347015,Normal
2024-01-03 03:00:00,Dorm B,Room 105,19,Medium,3,0.5597195646100858,0.1870791914117348,0.5727029125088628,1,1,0,1,0,1,0,0,1,0.7029,0.511502,0.531958,Normal
2024-01-03 03:30:00,Dorm C,Room 108,20,Medium,1,0.536877395228691,0.3970965670875147,0.2806446686962656,0,1,0,1,0,1,0,0,1,0.7199,0.42714,0.243746,Normal
2024-01-03 04:00:00,Dorm C,Room 101,21,Medium,1,0.5801062815743935,0.3699561942862352,0.5347770059308272,0,0,0,1,0,1,0,1,1,0.2839,0.16171,0.299634,Normal
2024-01-03 04:30:00,Dorm B,Room 107,14,Small,3,0.553456058404148,0.4158012233673633,0.6860197871906717,0,0,0,1,0,1,0,0,0,0.0671,0.038247,0.183002,Normal
2024-01-03 05:00:00,Dorm A,Room 101,20,Medium,2,0.3881695328444828,0.5788075233576522,0.4370960758199685,1,1,1,1,1,1,1,0,0,1.3941,0.871839,0.069466,Abnormal
2024-01-03 05:30:00,Dorm A,Room 102,15,Small,3,0.5325777635843324,0.4802908698487106,0.4318921652394857,1,0,0,1,0,1,1,0,0,0.8562,0.566153,0.298374,Normal
2024-01-03 06:00:00,Dorm C,Room 108,20,Medium,1,0.3823027079674389,0.484784884342997,0.5358811095590139,0,0,0,1,1,1,0,1,0,0.2829,0.158977,0.26667,Normal
2024-01-03 06:30:00,Dorm C,Room 107,21,Medium,2,0.5372752782582554,0.6891115354978636,0.4231295034562872,0,0,0,1,0,1,0,0,0,0.0732,0.018857,0.10816,Normal
2024-01-03 07:00:00,Dorm C,Room 104,13,Small,2,0.4618899405918979,0.3937279908517705,0.6807847819714445,0,0,0,1,0,1,0,0,1,0.0798,0.053488,0.32593,Normal
2024-01-03 07:30:00,Dorm C,Room 106,15,Small,1,0.8671838578564514,0.7700472703879073,0.485704182200584,0,0,1,0,0,1,0,0,0,0.0412,0.020411,0.137588,Normal
2024-01-03 08:00:00,Dorm C,Room 107,21,Medium,2,0.521039936365678,0.3974245941203302,0.4242364547470907,0,1,1,1,0,1,0,0,1,0.6546,0.422494,0.090299,Normal
2024-01-03 08:30:00,Dorm B,Room 106,24,Medium,2,0.3379421249858382,0.5091898895543516,0.3978292701695219,1,0,1,1,0,1,1,0,0,0.9028,0.576999,0.252781,Normal
2024-01-03 09:00:00,Dorm B,Room 105,19,Medium,3,0.5083865926404586,0.4547549774629596,0.350721736566103,1,0,1,1,0,1,0,0,1,0.1183,0.078807,0.529036,Normal
2024-01-03 09:30:00,Dorm B,Room 106,24,Medium,2,0.5960928081104873,0.5142190598536343,0.3873356125589825,1,0,1,0,0,1,0,1,1,0.2777,0.173025,0.293308,Normal
2024-01-03 10:00:00,Dorm A,Room 102,15,Small,3,0.7509625795172208,0.5614191999790303,0.420576922222923,1,1,1,1,1,1,0,0,0,0.7449,0.531117,0.331846,Normal
2024-01-03 10:30:00,Dorm C,Room 103,22,Medium,2,0.4472881679129323,0.5598383679620724,0.4041452331815363,1,1,1,1,1,0,0,0,0,0.6724,0.429167,0.259724,Normal
2024-01-03 11:00:00,Dorm A,Room 108,15,Small,1,0.3140288896164204,0.385401688021427,0.3836861092428567,0,0,1,1,1,1,1,0,0,0.89,0.523737,0.217708,Normal
2024-01-03 11:30:00,Dorm B,Room 107,14,Small,3,0.6360149774397957,0.3310556062796742,0.7144436971047902,1,0,1,1,1,1,0,1,0,0.3504,0.240698,0.154051,Normal
2024-01-03 12:00:00,Dorm B,Room 106,24,Medium,2,0.3411147750211059,0.863951781178373,0.3390671174798972,1,0,1,1,0,1,0,0,1,0.1199,0.095272,0.279943,Normal
2024-01-03 12:30:00,Dorm A,Room 102,15,Small,3,0.4678609217436822,0.4249539553777952,0.4802384173709662,1,0,1,1,0,1,1,0,1,0.9342,0.623773,0.353988,Normal
2024-01-03 13:00:00,Dorm A,Room 104,32,Large,3,0.491820664568894,0.5988386773216268,0.5337313793151771,1,1,0,1,1,0,0,1,0,0.8467,0.584828,0.248934,Normal
2024-01-03 13:30:00,Dorm B,Room 106,24,Medium,2,0.517048894643548,0.2598193103744549,0.5382406670708092,0,0,1,1,0,1,0,0,0,0.1047,0.053413,0.261476,Normal
2024-01-03 14:00:00,Dorm B,Room 107,14,Small,3,0.618881069118317,0.4549887753812032,0.455615940175523,0,0,1,1,0,1,0,0,0,0.0999,0.069515,0.168493,Normal
2024-01-03 14:30:00,Dorm C,Room 106,15,Small,1,0.4346487737547997,0.4773877127549701,0.4337700546174025,1,0,1,1,0,1,0,0,0,0.1296,0.083592,0.120848,Normal
2024-01-03 15:00:00,Dorm B,Room 108,20,Medium,3,0.4896588363479204,0.5655669137098565,0.5168188723125506,0,1,1,1,0,1,0,0,0,0.7389,0.488652,0.120121,Normal
2024-01-03 15:30:00,Dorm C,Room 101,21,Medium,1,0.5244787317810758,0.0959844161242429,0.4946214350291472,1,0,1,1,0,1,0,0,0,0.1107,0.063455,0.253659,Normal
2024-01-03 16:00:00,Dorm A,Room 107,25,Medium,3,0.546470181881731,0.5204974851618789,0.4315798618938453,1,0,1,1,0,1,0,1,0,0.3267,0.209441,0.241372,Normal
2024-01-03 16:30:00,Dorm A,Room 101,20,Medium,2,0.5395224408352515,0.3271130948521712,0.2752693760219574,0,0,0,0,0,1,0,0,1,0.0144,0.0,0.470653,Normal
2024-01-03 17:00:00,Dorm A,Room 107,25,Medium,3,0.584906675267642,0.5437475903018407,0.4065104718316052,1,1,1,1,1,1,0,0,1,0.7106,0.488626,0.233389,Normal
2024-01-03 17:30:00,Dorm B,Room 108,20,Medium,3,0.6396387658971143,0.3437803638995533,0.3250960717209246,1,0,0,1,1,1,0,0,0,0.1078,0.098892,0.212254,Normal
2024-01-03 18:00:00,Dorm B,Room 106,24,Medium,2,0.5790861131069249,0.3703578902275161,0.3826082711413449,1,1,1,1,0,1,0,0,0,0.7439,0.49434,0.242561,Normal
2024-01-03 18:30:00,Dorm B,Room 103,12,Small,1,0.5872659121214495,0.4558683578160997,0.4666327669521573,1,0,1,1,1,1,0,1,1,0.3388,0.212494,0.182748,Normal
2024-01-03 19:00:00,Dorm B,Room 103,12,Small,1,0.314056375156505,0.3414289350993202,0.5056843516122626,1,1,1,1,1,1,0,0,1,0.7362,0.464532,0.188697,Normal
2024-01-03 19:30:00,Dorm B,Room 108,20,Medium,3,0.5331344974420847,0.4261957667977564,0.6762468255353093,1,0,1,1,1,0,0,0,1,0.1366,0.073772,0.189582,Normal
2024-01-03 20:00:00,Dorm C,Room 105,11,Small,1,0.5907446988771295,0.3207005178801517,0.3981746799173762,1,0,0,1,1,1,0,0,1,0.1157,0.092762,0.207324,Normal
2024-01-03 20:30:00,Dorm C,Room 102,22,Medium,2,0.6242191856541712,0.2266751430443227,0.5555783601277768,1,0,1,0,1,1,1,0,1,0.8803,0.575711,0.154802,Normal
2024-01-03 21:00:00,Dorm B,Room 101,14,Small,4,0.4334790033631572,0.6456819577903368,0.4993528327499165,0,0,1,1,0,1,0,1,1,0.2967,0.213359,0.27732,Normal
2024-01-03 21:30:00,Dorm C,Room 101,21,Medium,1,0.4379494722020308,0.305611520667228,0.6181270450975836,1,1,1,0,1,1,0,0,1,0.6552,0.41183,0.206108,Normal
2024-01-03 22:00:00,Dorm B,Room 106,24,Medium,2,0.449348399605976,0.4698218985915415,0.5317768032047229,0,1,0,1,1,1,0,0,1,0.6946,0.455058,0.263543,Normal
2024-01-03 22:30:00,Dorm A,Room 107,25,Medium,3,0.5983816434115424,0.606727387004405,0.3416600937873275,1,0,1,1,1,1,0,0,0,0.1391,0.090758,0.284437,Normal
2024-01-03 23:00:00,Dorm A,Room 108,15,Small,1,0.6651427156735569,0.4057078735944786,0.2559342144732944,0,0,1,1,0,1,0,0,1,0.1038,0.07844,0.294216,Normal
2024-01-03 23:30:00,Dorm A,Room 108,15,Small,1,0.4717118921279333,0.374813301001784,0.4999888714924255,0,0,1,0,0,1,0,0,1,0.0483,0.023973,0.25106,Normal
2024-01-04 00:00:00,Dorm C,Room 107,21,Medium,2,0.6482441725198361,0.5293295180276143,0.39924905151227,0,0,1,1,0,1,0,0,1,0.1041,0.063111,0.145665,Normal
2024-01-04 00:30:00,Dorm B,Room 103,12,Small,1,0.5429650749174146,0.6603747233753268,0.345039353330785,1,0,0,1,0,1,0,0,0,0.0868,0.053586,0.23467,Normal
2024-01-04 01:00:00,Dorm B,Room 103,12,Small,1,0.5097144451110579,0.3242364926480431,0.3105764714925048,0,0,0,1,0,1,0,0,0,0.0693,0.050822,0.2088,Normal
2024-01-04 01:30:00,Dorm B,Room 105,19,Medium,3,0.4980256611726258,0.4740151676476096,0.4819591275253212,1,0,0,1,0,1,0,0,1,0.0969,0.051284,0.472758,Normal
2024-01-04 02:00:00,Dorm B,Room 103,12,Small,1,0.6265905572843061,0.2414706476262022,0.6435257680635955,0,0,0,1,0,0,0,0,0,0.0646,0.027736,0.189053,Normal
2024-01-04 02:30:00,Dorm A,Room 105,18,Medium,1,0.5700870256922389,0.4382956373475055,0.4136188233336003,0,1,0,1,0,1,0,0,0,0.6985,0.410347,0.105041,Normal
2024-01-04 03:00:00,Dorm B,Room 102,14,Small,2,0.831814097239066,0.5011079443264839,0.5334613643671259,1,0,0,1,0,1,1,0,1,0.8359,0.563694,0.292188,Normal
2024-01-04 03:30:00,Dorm C,Room 106,15,Small,1,0.4120236152086876,0.3704839914083109,0.4503781636600588,0,0,0,1,0,0,0,0,1,0.0685,0.05805,0.116191,Normal
2024-01-04 04:00:00,Dorm C,Room 102,22,Medium,2,0.5959241103818125,0.4289208224682903,0.3079606127794548,1,0,1,1,0,1,0,0,0,0.1218,0.128726,0.214931,Normal
2024-01-04 04:30:00,Dorm B,Room 105,19,Medium,3,0.4553740231688507,0.2891256293752275,0.5508018638372794,1,1,0,1,0,1,0,0,0,0.738,0.502643,0.425927,Normal
2024-01-04 05:00:00,Dorm C,Room 107,21,Medium,2,0.4097338150306465,0.5074087735585344,0.3313174586979375,0,1,1,1,0,1,0,0,0,0.69,0.467164,0.133871,Normal
2024-01-04 05:30:00,Dorm C,Room 105,11,Small,1,0.5249354500614427,0.6512278839057606,0.4652415289752077,0,0,0,1,0,1,0,0,0,0.0646,0.041013,0.169137,Normal
2024-01-04 06:00:00,Dorm C,Room 106,15,Small,1,0.5448268145944021,0.3348429304251508,0.421674999487308,1,0,0,0,0,1,0,0,0,0.0266,0.018586,0.109731,Normal
2024-01-04 06:30:00,Dorm A,Room 105,18,Medium,1,0.9180184814234236,0.4045722022193451,0.5697889502158108,1,1,0,1,0,1,0,0,0,0.6656,0.433885,0.155925,Normal
2024-01-04 07:00:00,Dorm B,Room 105,19,Medium,3,0.501681110011723,0.5699362607688425,0.3357012663578287,1,1,1,1,0,1,0,1,0,0.9254,0.628991,0.433599,Normal
2024-01-04 07:30:00,Dorm A,Room 101,20,Medium,2,0.3747216292066593,0.674212189876479,0.5095394196497128,1,1,0,1,1,1,0,0,1,0.7251,0.462141,0.313768,Normal
2024-01-04 08:00:00,Dorm A,Room 107,25,Medium,3,0.5630324174050816,0.2766393079656306,0.3618970127374192,0,0,1,1,1,1,0,0,0,0.1181,0.076542,0.252157,Normal
2024-01-04 08:30:00,Dorm B,Room 106,24,Medium,2,0.2479730609880858,0.4712762545837616,0.4013300148238396,1,0,1,1,0,1,0,1,0,0.3209,0.227937,0.278275,Normal
2024-01-04 09:00:00,Dorm A,Room 106,32,Large,3,0.5140530598718931,0.5376905762669411,0.0265342420019781,0,0,1,1,1,1,0,0,0,0.1232,0.092633,0.410736,Normal
2024-01-04 09:30:00,Dorm B,Room 105,19,Medium,3,0.5285444657161159,0.4810827721807645,0.7136347844504125,1,1,1,1,1,1,0,0,0,0.7642,0.511316,0.451362,Normal
2024-01-04 10:00:00,Dorm C,Room 103,22,Medium,2,0.6330307780887774,0.1320873554104472,0.5286969746095281,1,0,1,1,0,1,0,0,0,0.1179,0.087978,0.316205,Normal
2024-01-04 10:30:00,Dorm B,Room 102,14,Small,2,0.6570558652604889,0.5697222495445358,0.3705887856040356,0,0,0,1,1,0,0,0,0,0.081,0.069137,0.38269,Normal
2024-01-04 11:00:00,Dorm A,Room 106,32,Large,3,0.4588138063243661,0.7193655593155168,0.3277227385727798,1,1,1,1,0,0,0,1,1,0.8526,0.558217,0.375391,Normal
2024-01-04 11:30:00,Dorm A,Room 108,15,Small,1,0.5061811437738412,0.5132259828191539,0.4031843168332977,1,0,0,1,1,0,1,0,0,0.908,0.577624,0.213213,Abnormal
2024-01-04 12:00:00,Dorm A,Room 108,15,Small,1,0.4235789164635021,0.3445479664484123,0.5486505956896396,0,0,0,1,1,1,0,1,1,0.2827,0.186848,0.265271,Normal
2024-01-04 12:30:00,Dorm C,Room 105,11,Small,1,0.3750056240173723,0.4206710614988542,0.2356547212232902,0,0,0,0,0,1,0,0,1,0.0152,0.015321,0.137106,Normal
2024-01-04 13:00:00,Dorm C,Room 104,13,Small,2,0.5679823311752517,0.7561907632761875,0.4456611989026711,1,0,0,1,0,1,0,0,1,0.0954,0.086713,0.235116,Normal
2024-01-04 13:30:00,Dorm B,Room 108,20,Medium,3,0.355476151557057,0.629810890559223,0.6750698203881714,1,0,0,1,0,1,0,0,0,0.0909,0.076133,0.17028,Normal
2024-01-04 14:00:00,Dorm A,Room 106,32,Large,3,0.4707500943504723,0.5901406229550805,0.3266081452446799,1,1,1,1,0,1,0,0,1,0.7077,0.473513,0.393674,Normal
2024-01-04 14:30:00,Dorm B,Room 107,14,Small,3,0.3928395352569895,0.548460195409247,0.4722907393521852,0,0,1,1,0,0,0,0,1,0.0969,0.067574,0.154353,Normal
2024-01-04 15:00:00,Dorm C,Room 107,21,Medium,2,0.6001624077880064,0.3989192659929595,0.7269767294948266,0,0,1,1,0,1,0,0,0,0.1017,0.088743,0.175533,Normal
2024-01-04 15:30:00,Dorm C,Room 106,15,Small,1,0.7681493095673582,0.4666048618401058,0.5384858406077163,1,1,0,1,0,1,0,0,0,0.719,0.454603,0.100616,Normal
2024-01-04 16:00:00,Dorm B,Room 102,14,Small,2,0.3517181697191114,0.4846294974234191,0.4777539992100591,1,0,1,1,1,1,0,1,0,0.3272,0.202728,0.304302,Normal
2024-01-04 16:30:00,Dorm A,Room 101,20,Medium,2,0.2777151102370477,0.5768475902770878,0.5234278616716875,1,1,0,1,1,1,1,0,0,1.5354,0.970429,0.350862,Abnormal
2024-01-04 17:00:00,Dorm C,Room 107,21,Medium,2,0.5096337752080388,0.7178345911651449,0.4145554256434264,1,0,1,1,1,1,0,0,0,0.1411,0.089189,0.16589,Normal
2024-01-04 17:30:00,Dorm B,Room 106,24,Medium,2,0.5285005164044579,0.6604341420960598,0.6185629676317476,1,0,0,1,0,1,0,0,0,0.09,0.096597,0.274679,Normal
2024-01-04 18:00:00,Dorm A,Room 105,18,Medium,1,0.5557383510068258,0.2874858902940833,0.4147396161004378,1,0,1,1,0,0,0,1,1,0.3307,0.227283,0.195634,Normal
2024-01-04 18:30:00,Dorm C,Room 106,15,Small,1,0.4664967488233961,0.528999865121162,0.2276051730844091,1,0,0,1,0,0,0,0,0,0.081,0.083518,0.132797,Normal
2024-01-04 19:00:00,Dorm A,Room 106,32,Large,3,0.4994676520803386,0.6043572259305177,0.4157026006704495,1,1,0,0,0,0,0,0,0,0.658,0.466515,0.400932,Normal
2024-01-04 19:30:00,Dorm A,Room 107,25,Medium,3,0.5757144623850761,0.5870299872495677,0.3466684435978702,1,0,1,1,1,1,1,0,1,0.9435,0.652198,0.227069,Normal
2024-01-04 20:00:00,Dorm B,Room 101,14,Small,4,0.6660217167994554,0.4036078393880647,0.4289123212242756,1,1,1,1,1,1,0,0,1,0.7178,0.492944,0.270924,Normal
2024-01-04 20:30:00,Dorm A,Room 102,15,Small,3,0.2640224446560238,0.924343882619759,0.4315648388094057,1,0,1,1,0,0,0,0,1,0.1115,0.079406,0.380966,Normal
2024-01-04 21:00:00,Dorm C,Room 102,22,Medium,2,0.4768814416977462,0.3083985233181845,0.6063011259763093,1,0,0,1,1,1,0,0,1,0.1084,0.054066,0.204156,Normal
2024-01-04 21:30:00,Dorm B,Room 104,25,Medium,3,0.5550874026309254,0.3368938444494962,0.5460608394863739,0,0,1,1,0,1,0,0,0,0.0985,0.044725,0.241878,Normal
2024-01-04 22:00:00,Dorm C,Room 103,22,Medium,2,0.4031996395236676,0.5304107148623836,0.4942307952124162,1,0,1,1,1,0,0,0,1,0.1404,0.108254,0.259148,Normal
2024-01-04 22:30:00,Dorm B,Room 101,14,Small,4,0.7587202164093055,0.8071703383526689,0.4622936360978512,1,0,1,1,1,1,0,0,1,0.1474,0.092663,0.291107,Normal
2024-01-04 23:00:00,Dorm C,Room 103,22,Medium,2,0.4411205835174976,0.3731924665759382,0.3356164460332264,1,1,1,1,1,1,0,0,1,0.7152,0.450132,0.228969,Normal
2024-01-04 23:30:00,Dorm B,Room 108,20,Medium,3,0.5208522813139929,0.4570145488208268,0.200972732870164,1,0,1,1,0,1,0,0,1,0.1222,0.076717,0.15683,Normal
2024-01-05 00:00:00,Dorm B,Room 106,24,Medium,2,0.6010131020723329,0.6544021740394081,0.4762227328209941,1,1,0,1,1,1,0,0,0,0.7585,0.501833,0.262807,Normal
2024-01-05 00:30:00,Dorm C,Room 104,13,Small,2,0.4470422577175175,0.4934561081633823,0.5579796156441366,1,1,1,1,0,1,0,0,0,0.6739,0.433657,0.198015,Normal
2024-01-05 01:00:00,Dorm B,Room 106,24,Medium,2,0.2785801003246558,0.4469071795474889,0.4496502454248889,1,0,0,1,1,1,0,0,0,0.1028,0.076405,0.277746,Normal
2024-01-05 01:30:00,Dorm C,Room 108,20,Medium,1,0.4688675592592879,0.5792075888688641,0.3984808485326204,0,0,0,1,1,1,0,0,1,0.0955,0.067968,0.254704,Normal
2024-01-05 02:00:00,Dorm C,Room 101,21,Medium,1,0.6645467919599405,0.536130895416822,0.5183730366450578,0,0,0,1,0,1,0,0,0,0.0722,0.022582,0.247253,Normal
2024-01-05 02:30:00,Dorm A,Room 108,15,Small,1,0.4811818515314811,0.647516295702683,0.452649682034171,1,0,0,1,0,1,1,0,0,0.8636,0.55582,0.255468,Normal
2024-01-05 03:00:00,Dorm C,Room 108,20,Medium,1,0.4128006904506454,0.6858777481568681,0.6648846974598926,1,0,1,1,0,1,0,0,0,0.1185,0.055645,0.236031,Normal
2024-01-05 03:30:00,Dorm A,Room 105,18,Medium,1,0.6506208754364948,0.5411988831592565,0.610536662352367,0,0,0,1,0,1,0,0,0,0.0706,0.029841,0.19959,Normal
2024-01-05 04:00:00,Dorm A,Room 108,15,Small,1,0.4820031985571773,0.5389547273777548,0.5777585914596971,1,0,0,1,0,1,0,0,1,0.0969,0.086545,0.288841,Normal
2024-01-05 04:30:00,Dorm C,Room 102,22,Medium,2,0.4579292550046553,0.5275472967100645,0.5535518946518675,1,0,0,1,0,1,0,1,1,0.2816,0.180838,0.187479,Normal
2024-01-05 05:00:00,Dorm A,Room 103,17,Medium,2,0.5464511429360329,0.5679646669188201,0.3078663977766104,1,0,1,1,0,1,0,0,1,0.1202,0.095787,0.631202,Normal
2024-01-05 05:30:00,Dorm A,Room 106,32,Large,3,0.6298300378413096,0.5041891384546373,0.5421859452108079,1,0,1,1,0,1,0,0,0,0.1188,0.093247,0.406397,Normal
2024-01-05 06:00:00,Dorm A,Room 107,25,Medium,3,0.8460244894166827,0.4959917388476818,0.5077945908234995,1,0,0,1,1,1,1,0,1,0.8106,0.584643,0.28021,Normal
2024-01-05 06:30:00,Dorm C,Room 105,11,Small,1,0.6374105566405718,0.6719396316900326,0.5353993999559595,0,1,0,1,0,1,1,0,0,1.3375,0.831983,0.112749,Abnormal
2024-01-05 07:00:00,Dorm B,Room 105,19,Medium,3,0.6820466497428247,0.7188923172451749,0.5217450548677102,0,0,1,1,0,1,0,1,0,0.2822,0.193837,0.456358,Normal
2024-01-05 07:30:00,Dorm A,Room 103,17,Medium,2,0.4584921805561256,0.2745284762479165,0.5169646467112935,0,0,0,1,0,1,0,0,0,0.0732,0.072509,0.363494,Normal
2024-01-05 08:00:00,Dorm C,Room 101,21,Medium,1,0.3887203203840385,0.4975538889458957,0.7866682977281811,1,0,1,1,0,1,0,1,0,0.3094,0.17798,0.209808,Normal
2024-01-05 08:30:00,Dorm B,Room 107,14,Small,3,0.5347588311782548,0.3948693926060406,0.4535070469585175,1,1,1,1,0,1,0,0,0,0.7666,0.524754,0.143506,Normal
2024-01-05 09:00:00,Dorm A,Room 104,32,Large,3,0.5407762550233546,0.4503802377060296,0.5749788195741907,1,0,1,1,0,1,0,0,1,0.1212,0.090677,0.316113,Normal
2024-01-05 09:30:00,Dorm A,Room 103,17,Medium,2,0.3816553065991809,0.5552356670550185,0.4061426351333127,1,0,1,1,0,1,0,0,0,0.115,0.067517,0.266499,Normal
2024-01-05 10:00:00,Dorm B,Room 101,14,Small,4,0.5028689700011472,0.5944630269826257,0.5574997837107593,1,0,1,1,1,1,0,0,0,0.1397,0.088978,0.27457,Normal
2024-01-05 10:30:00,Dorm C,Room 104,13,Small,2,0.5799830501043621,0.4796028591223655,0.5753366294075184,1,0,1,1,0,1,0,0,1,0.1253,0.07956,0.245143,Normal
2024-01-05 11:00:00,Dorm B,Room 107,14,Small,3,0.5747593448807705,0.2148932331592539,0.5063669694192281,1,0,1,1,0,0,0,0,1,0.1165,0.077048,0.185866,Normal
2024-01-05 11:30:00,Dorm C,Room 103,22,Medium,2,0.5940702646789914,0.3542563320736406,0.6629055324914106,1,0,1,1,0,1,0,0,0,0.1166,0.054162,0.26583,Normal
2024-01-05 12:00:00,Dorm C,Room 105,11,Small,1,0.5654418812728561,0.6278323629260036,0.3565609387533264,1,0,1,1,0,0,0,1,1,0.3301,0.210016,0.232621,Normal
2024-01-05 12:30:00,Dorm C,Room 107,21,Medium,2,0.4583522803325106,0.0933431774484414,0.4041953962021031,1,0,1,1,0,0,0,0,1,0.1223,0.098843,0.15822,Normal
2024-01-05 13:00:00,Dorm B,Room 102,14,Small,2,0.45742736473246,0.6705875877138414,0.4881261046357413,1,1,1,0,0,0,0,0,0,0.6434,0.364794,0.283987,Normal
2024-01-05 13:30:00,Dorm A,Room 105,18,Medium,1,0.3654922016041667,0.5726820573455993,0.5683168560903088,0,0,1,0,1,1,0,0,0,0.0619,0.040294,0.180729,Normal
2024-01-05 14:00:00,Dorm B,Room 108,20,Medium,3,0.7659141676924164,0.68950876150192,0.4841730454899007,1,1,1,1,1,1,0,0,1,0.7744,0.500915,0.146816,Normal
2024-01-05 14:30:00,Dorm B,Room 108,20,Medium,3,0.528198906691187,0.466899078438104,0.6168987224081589,1,1,1,1,1,0,0,0,0,0.738,0.525798,0.186161,Normal
2024-01-05 15:00:00,Dorm C,Room 108,20,Medium,1,0.4962181181916871,0.1931333219126004,0.3832644652056717,1,0,0,1,0,0,0,0,0,0.0779,0.03925,0.219632,Normal
2024-01-05 15:30:00,Dorm B,Room 108,20,Medium,3,0.4017481141230272,0.5593280286423516,0.3258124898333753,1,1,0,0,1,0,1,0,1,1.3102,0.87858,0.220124,Abnormal
2024-01-05 16:00:00,Dorm B,Room 104,25,Medium,3,0.9203649152725388,0.6834064731503,0.4996129638294074,1,0,0,1,0,0,0,0,0,0.0789,0.041605,0.202447,Normal
2024-01-05 16:30:00,Dorm C,Room 102,22,Medium,2,0.3823511047803569,0.6319799385801323,0.4533877246641437,1,0,0,1,0,1,0,0,0,0.0879,0.085742,0.186815,Normal
2024-01-05 17:00:00,Dorm B,Room 102,14,Small,2,0.4688416047741381,0.3986908327976107,0.527774024603721,1,1,1,1,0,1,0,1,0,0.9738,0.660374,0.297455,Abnormal
2024-01-05 17:30:00,Dorm C,Room 106,15,Small,1,0.5821999639276739,0.5088317258564106,0.4593595591824273,1,0,0,1,0,0,0,0,0,0.0729,0.028893,0.128691,Normal
2024-01-05 18:00:00,Dorm A,Room 104,32,Large,3,0.6069436037391049,0.4177745881941077,0.4218550284787988,1,0,1,1,1,1,0,0,1,0.1437,0.080724,0.27854,Normal
2024-01-05 18:30:00,Dorm C,Room 108,20,Medium,1,0.6549502102860735,0.3756802926384644,0.4536567805414324,0,0,0,1,0,0,0,1,1,0.2467,0.168321,0.2046,Normal
2024-01-05 19:00:00,Dorm C,Room 104,13,Small,2,0.7689784641604703,0.636486781498188,0.4661079796046029,1,1,0,1,1,0,1,1,1,1.6474,1.0,0.217546,Abnormal
2024-01-05 19:30:00,Dorm B,Room 101,14,Small,4,0.5943211958013337,0.3200896649022629,0.4260585748385075,1,0,1,1,0,1,0,1,1,0.3335,0.234302,0.260294,Normal
2024-01-05 20:00:00,Dorm C,Room 108,20,Medium,1,0.3846724274263005,0.3647242957873212,0.4382773676410091,1,0,1,1,0,1,1,0,0,0.9436,0.557875,0.201809,Normal
2024-01-05 20:30:00,Dorm A,Room 103,17,Medium,2,0.4919112992636493,0.3338315740812476,0.4142281489106993,1,0,1,1,0,1,0,0,1,0.1222,0.10173,0.216754,Normal
2024-01-05 21:00:00,Dorm C,Room 106,15,Small,1,0.5677055521106004,0.2770717120241682,0.5654205870385135,1,0,1,1,1,0,0,0,1,0.1335,0.079223,0.121014,Normal
2024-01-05 21:30:00,Dorm B,Room 102,14,Small,2,0.8039538506287187,0.5175984695914875,0.4859235768277781,1,0,1,1,1,1,0,0,1,0.146,0.093824,0.3493,Normal
2024-01-05 22:00:00,Dorm C,Room 108,20,Medium,1,0.3388055922493547,0.6667777349832071,0.7333882124366349,0,0,0,1,1,1,0,0,0,0.0904,0.056388,0.227243,Normal
2024-01-05 22:30:00,Dorm C,Room 108,20,Medium,1,0.6877819774496943,0.4689113426172704,0.481926622261984,1,1,1,1,0,1,0,0,1,0.7789,0.47171,0.215852,Normal
2024-01-05 23:00:00,Dorm A,Room 108,15,Small,1,0.5505387041019926,0.2747937634599127,0.3965609606862624,1,0,1,1,1,1,0,0,1,0.1408,0.078117,0.268611,Normal
2024-01-05 23:30:00,Dorm C,Room 102,22,Medium,2,0.6388323496927506,0.6195209194579374,0.7830462905196037,1,0,1,1,1,1,0,0,1,0.1514,0.084939,0.177627,Normal
2024-01-06 00:00:00,Dorm B,Room 103,12,Small,1,0.512705949349179,0.7438149174977486,0.512269499460339,0,0,1,1,0,1,0,0,1,0.105,0.035142,0.171129,Normal
2024-01-06 00:30:00,Dorm A,Room 107,25,Medium,3,0.4133377226271524,0.4011082307747014,0.5814316618614743,0,0,0,1,0,1,0,0,0,0.0707,0.034466,0.314036,Normal
2024-01-06 01:00:00,Dorm C,Room 108,20,Medium,1,0.6271624475457392,0.4257519686336672,0.5336812289240254,0,0,1,1,0,1,0,0,1,0.1056,0.065456,0.231844,Normal
2024-01-06 01:30:00,Dorm A,Room 102,15,Small,3,0.6142197743884252,0.5718635741225517,0.5373892483556629,0,0,0,1,0,1,0,0,1,0.0788,0.04229,0.353552,Normal
2024-01-06 02:00:00,Dorm C,Room 105,11,Small,1,0.6568458011057879,0.7344346391511487,0.52690908501205,0,0,0,1,0,1,0,0,0,0.0694,0.041514,0.229392,Normal
2024-01-06 02:30:00,Dorm B,Room 108,20,Medium,3,0.5246083329816243,0.4196854035323192,0.3304305824942312,1,1,0,1,0,1,0,0,0,0.6388,0.419511,0.279984,Normal
2024-01-06 03:00:00,Dorm A,Room 108,15,Small,1,0.4458965440260612,0.3002619514223911,0.506739230887979,0,1,0,1,0,1,0,0,0,0.6476,0.406126,0.251294,Normal
2024-01-06 03:30:00,Dorm B,Room 104,25,Medium,3,0.3172015555731227,0.5888755740468539,0.3037041930337649,1,0,1,1,0,1,0,0,1,0.1177,0.092552,0.17564,Normal
2024-01-06 04:00:00,Dorm A,Room 101,20,Medium,2,0.6363553480867282,0.6135136405680157,0.4417287922006103,1,0,0,1,0,1,0,0,0,0.0921,0.070611,0.474775,Normal
2024-01-06 04:30:00,Dorm B,Room 105,19,Medium,3,0.58328064490653,0.4969822514614601,0.375595111766743,0,0,1,1,0,1,0,1,0,0.3163,0.21967,0.436164,Normal
2024-01-06 05:00:00,Dorm C,Room 101,21,Medium,1,0.3967839092487741,0.4140568970158267,0.5055324753856788,0,0,0,1,0,1,0,0,0,0.0647,0.051487,0.205261,Normal
2024-01-06 05:30:00,Dorm B,Room 107,14,Small,3,0.4541161932641291,0.6422168453573776,0.5027319173257784,1,0,0,0,0,1,0,0,1,0.0349,0.014133,0.174985,Normal
2024-01-06 06:00:00,Dorm A,Room 108,15,Small,1,0.4637538891386147,0.5736822813631717,0.5203697742443112,1,0,0,1,1,1,0,1,1,0.3157,0.182005,0.264196,Normal
2024-01-06 06:30:00,Dorm B,Room 106,24,Medium,2,0.3273744088713871,0.3831504998747038,0.4971137898382414,1,0,0,1,1,1,0,0,0,0.1042,0.064717,0.265903,Normal
2024-01-06 07:00:00,Dorm B,Room 105,19,Medium,3,0.4166592527259604,0.5032962123216809,0.389846529296032,0,0,1,1,0,1,1,0,0,0.9122,0.604519,0.4207,Normal
2024-01-06 07:30:00,Dorm A,Room 101,20,Medium,2,0.3742315736260454,0.2974317977708697,0.4313345659309201,1,0,0,1,0,1,0,0,0,0.083,0.073312,0.407414,Normal
2024-01-06 08:00:00,Dorm B,Room 108,20,Medium,3,0.4710383452433959,0.596880854904384,0.5730663611882625,0,1,1,1,1,1,0,0,0,0.7509,0.538563,0.291611,Normal
2024-01-06 08:30:00,Dorm C,Room 107,21,Medium,2,0.4272591816821441,0.4575428465311592,0.5907571093251761,1,1,1,1,0,0,1,0,1,1.3609,0.913457,0.152822,Abnormal
2024-01-06 09:00:00,Dorm B,Room 104,25,Medium,3,0.3080465755293403,0.4320483166316611,0.3250681266608055,0,1,1,1,0,1,0,1,1,0.9049,0.612424,0.16377,Normal
2024-01-06 09:30:00,Dorm A,Room 102,15,Small,3,0.7978294348942659,0.4912498691659963,0.2789825413146136,1,0,1,1,0,1,0,0,0,0.1171,0.088288,0.327613,Normal
2024-01-06 10:00:00,Dorm A,Room 106,32,Large,3,0.6944872749867674,0.5020048543330384,0.3754425195036317,0,0,0,1,1,1,0,1,1,0.3005,0.180322,0.382309,Normal
2024-01-06 10:30:00,Dorm C,Room 107,21,Medium,2,0.4218479001520473,0.6276016904241841,0.5880399111858233,1,0,0,1,0,1,0,0,0,0.0949,0.054602,0.216208,Normal
2024-01-06 11:00:00,Dorm B,Room 105,19,Medium,3,0.5629533293872326,0.582948887778354,0.6083958911431231,1,1,1,1,1,0,0,1,0,0.9528,0.642247,0.432955,Normal
2024-01-06 11:30:00,Dorm C,Room 104,13,Small,2,0.5824184787599134,0.4730949741924772,0.3517098752155122,1,0,0,1,0,1,1,0,1,0.8132,0.523704,0.329325,Normal
2024-01-06 12:00:00,Dorm A,Room 104,32,Large,3,0.6862399095214183,0.6083112042917089,0.4995147109625703,1,0,0,1,1,1,0,0,0,0.1159,0.101107,0.250281,Normal
2024-01-06 12:30:00,Dorm C,Room 108,20,Medium,1,0.4165354339549196,0.5549742284822545,0.6827226030647777,1,0,1,1,0,0,0,0,0,0.1117,0.089973,0.222056,Normal
2024-01-06 13:00:00,Dorm C,Room 104,13,Small,2,0.672956723223276,0.4333873143616172,0.5124716598223168,1,0,1,1,1,1,1,0,0,0.9566,0.629337,0.353623,Normal
2024-01-06 13:30:00,Dorm C,Room 106,15,Small,1,0.4528638700117838,0.4777523581434958,0.6331838771036353,0,1,1,1,0,1,0,0,0,0.7353,0.442184,0.118029,Normal
2024-01-06 14:00:00,Dorm C,Room 106,15,Small,1,0.3471184748480899,0.474298060751082,0.5824636125424717,1,0,0,1,0,1,0,0,1,0.087,0.049302,0.139639,Normal
2024-01-06 14:30:00,Dorm A,Room 103,17,Medium,2,0.6235743941372437,0.5703352762554301,0.353451011865928,1,0,0,1,0,1,0,0,0,0.0819,0.026602,0.193749,Normal
2024-01-06 15:00:00,Dorm B,Room 101,14,Small,4,0.6996161646922876,0.4421428603698571,0.4398550398376908,1,0,1,1,1,0,0,0,1,0.1331,0.116542,0.258437,Normal
2024-01-06 15:30:00,Dorm C,Room 104,13,Small,2,0.8736963239302077,0.4387059278224158,0.4668164688536713,0,0,1,1,0,0,0,0,1,0.0929,0.07583,0.384258,Normal
2024-01-06 16:00:00,Dorm B,Room 101,14,Small,4,0.365388347115248,0.7854132699012002,0.4751398143226772,1,0,1,1,1,1,0,0,0,0.1423,0.080675,0.248978,Normal
2024-01-06 16:30:00,Dorm C,Room 107,21,Medium,2,0.6201902399354903,0.6341863753835355,0.5725784207481767,1,0,1,1,1,0,0,1,0,0.3378,0.204599,0.203777,Normal
2024-01-06 17:00:00,Dorm A,Room 105,18,Medium,1,0.4713977069971172,0.38430192385564,0.5116766568712362,0,0,1,1,1,1,0,1,0,0.3412,0.23495,0.166686,Normal
2024-01-06 17:30:00,Dorm B,Room 102,14,Small,2,0.6315221235027139,0.5799876756034366,0.1103927595835187,1,1,1,1,1,1,0,1,0,0.9232,0.622732,0.317366,Abnormal
2024-01-06 18:00:00,Dorm C,Room 102,22,Medium,2,0.3290512464842721,0.5134741005458803,0.3051463487591639,0,0,1,1,0,1,1,1,1,1.1023,0.726031,0.169903,Abnormal
2024-01-06 18:30:00,Dorm B,Room 107,14,Small,3,0.3569276495880528,0.5536242259102806,0.2002282415496065,0,0,1,1,1,0,0,0,1,0.1209,0.069304,0.160362,Normal
2024-01-06 19:00:00,Dorm C,Room 104,13,Small,2,0.4222699114462387,0.5162650900377022,0.4836854562213712,1,0,1,1,0,1,1,0,0,0.8581,0.578158,0.353415,Normal
2024-01-06 19:30:00,Dorm B,Room 101,14,Small,4,0.536990971755985,0.6709131806591726,0.4914981518724425,1,0,1,1,1,1,0,0,1,0.149,0.09272,0.238459,Normal
2024-01-06 20:00:00,Dorm A,Room 107,25,Medium,3,0.4403594723015879,0.5468741486148587,0.4966253207743391,1,0,1,0,1,1,1,1,1,0.9817,0.664681,0.286079,Abnormal
2024-01-06 20:30:00,Dorm B,Room 108,20,Medium,3,0.6148402326123962,0.4869564959855141,0.3476049561064988,1,1,1,1,0,1,1,0,1,1.4116,0.949479,0.310607,Abnormal
2024-01-06 21:00:00,Dorm B,Room 103,12,Small,1,0.6642051221090096,0.6492433600491259,0.5435236402664934,0,0,1,1,0,1,0,0,1,0.1034,0.058381,0.15753,Normal
2024-01-06 21:30:00,Dorm A,Room 101,20,Medium,2,0.6068583285195042,0.5303651508020464,0.5485765699751627,1,1,0,1,1,1,0,0,1,0.6968,0.462369,0.359685,Normal
2024-01-06 22:00:00,Dorm A,Room 105,18,Medium,1,0.7436383316656366,0.5139338725299407,0.3120675275294561,1,0,0,1,1,1,0,0,1,0.1117,0.065911,0.172891,Normal
2024-01-06 22:30:00,Dorm C,Room 102,22,Medium,2,0.5821985941508832,0.5422304877197595,0.2867672867673294,0,0,1,1,1,0,0,0,0,0.1095,0.082099,0.212682,Normal
2024-01-06 23:00:00,Dorm A,Room 108,15,Small,1,0.3630839053333586,0.4823242124336179,0.4626311969819947,1,0,1,1,0,1,0,0,0,0.1257,0.064756,0.257874,Normal
2024-01-06 23:30:00,Dorm A,Room 102,15,Small,3,0.7093616553562989,0.497437177951489,0.677606021415495,1,0,1,1,1,1,0,1,0,0.3203,0.224869,0.309203,Normal
2024-01-07 00:00:00,Dorm B,Room 103,12,Small,1,0.4451806822283654,0.4098594728334184,0.6665640949891929,0,0,0,0,0,1,0,0,0,0.0093,0.001478,0.148517,Normal
2024-01-07 00:30:00,Dorm A,Room 107,25,Medium,3,0.6485737975278048,0.3856882798332438,0.5302382726625157,1,0,0,0,1,1,0,0,1,0.0522,0.03181,0.320497,Normal
2024-01-07 01:00:00,Dorm C,Room 103,22,Medium,2,0.7375920735254059,0.3493294664327944,0.3750697400131378,1,0,0,0,0,1,0,0,1,0.0318,0.034151,0.235591,Normal
2024-01-07 01:30:00,Dorm C,Room 106,15,Small,1,0.5876822720187206,0.2915128005691476,0.5690409680539313,1,0,0,1,1,1,0,0,1,0.1134,0.061198,0.133993,Normal
2024-01-07 02:00:00,Dorm B,Room 101,14,Small,4,0.3256063809619745,0.366796320299234,0.4083699322938573,1,1,1,1,0,1,0,0,1,0.6773,0.467588,0.229886,Normal
2024-01-07 02:30:00,Dorm A,Room 106,32,Large,3,0.4031679595517504,0.4704705663704162,0.3705696443996293,0,0,1,1,0,1,0,0,0,0.1041,0.063249,0.367881,Normal
2024-01-07 03:00:00,Dorm A,Room 102,15,Small,3,0.7039087546465247,0.5112355074766259,0.2054366026406769,0,0,1,1,1,1,0,0,0,0.1169,0.106396,0.30318,Normal
2024-01-07 03:30:00,Dorm B,Room 102,14,Small,2,0.5036972436601074,0.4562109327027011,0.4749297251660058,1,1,1,1,0,1,0,0,0,0.7738,0.502334,0.351295,Normal
2024-01-07 04:00:00,Dorm C,Room 103,22,Medium,2,0.5370727664173174,0.149882749959646,0.3870821937331163,1,0,0,1,0,1,0,0,0,0.095,0.062066,0.210411,Normal
2024-01-07 04:30:00,Dorm B,Room 107,14,Small,3,0.6282295728647015,0.7274851994497045,0.474215689093749,1,0,0,1,0,1,0,1,1,0.3131,0.21291,0.152774,Normal
2024-01-07 05:00:00,Dorm B,Room 108,20,Medium,3,0.6198417411728449,0.6557522311993367,0.1867944554238702,1,0,1,1,0,1,0,1,1,0.3134,0.223438,0.356241,Normal
2024-01-07 05:30:00,Dorm C,Room 108,20,Medium,1,0.5638093253445198,0.5615908302138306,0.483020997589149,0,1,1,1,0,1,0,0,0,0.6915,0.425161,0.214718,Normal
2024-01-07 06:00:00,Dorm A,Room 101,20,Medium,2,0.4983901347469049,0.776409414993831,0.1709868725946633,1,0,1,1,1,1,1,1,0,1.0358,0.665302,0.372521,Abnormal
2024-01-07 06:30:00,Dorm B,Room 105,19,Medium,3,0.4844331198575812,0.3524459777824058,0.5931665236808882,1,1,0,1,0,1,1,1,1,1.554,0.993369,0.446035,Abnormal
2024-01-07 07:00:00,Dorm A,Room 105,18,Medium,1,0.6415255537554521,0.7734899378311428,0.525257968227803,0,1,1,1,0,1,0,0,0,0.6844,0.432419,0.163976,Normal
2024-01-07 07:30:00,Dorm B,Room 104,25,Medium,3,0.6006839629136125,0.3542315695734659,0.429215752696588,1,0,1,1,0,1,0,0,0,0.1261,0.103307,0.219852,Normal
2024-01-07 08:00:00,Dorm C,Room 105,11,Small,1,0.4918636742729472,0.531166516450539,0.5301561535712548,0,0,1,1,0,1,0,0,0,0.1078,0.061868,0.205907,Normal
2024-01-07 08:30:00,Dorm A,Room 102,15,Small,3,0.6716154455264757,0.3088757431242556,0.3453080227743208,1,0,1,1,1,1,0,1,1,0.3567,0.22873,0.290061,Normal
2024-01-07 09:00:00,Dorm B,Room 102,14,Small,2,0.5090772088011721,0.4982406331535404,0.4713298417470041,1,0,1,1,1,0,0,0,1,0.1325,0.063852,0.366399,Normal
2024-01-07 09:30:00,Dorm C,Room 102,22,Medium,2,0.4120990996113686,0.5528328840763586,0.5579955517644425,1,0,1,1,1,0,0,0,0,0.1321,0.128291,0.203354,Normal
2024-01-07 10:00:00,Dorm C,Room 103,22,Medium,2,0.4245384782250504,0.4733475938252207,0.0914270020519798,0,0,1,1,0,1,0,0,0,0.1031,0.053926,0.193929,Normal
2024-01-07 10:30:00,Dorm B,Room 107,14,Small,3,0.3950448928174799,0.6009938728362418,0.4089937617397859,0,1,0,1,0,1,0,1,0,0.8951,0.628102,0.157399,Normal
2024-01-07 11:00:00,Dorm C,Room 108,20,Medium,1,0.4898358803595017,0.5106325036934276,0.4599303928220498,1,0,1,1,0,1,0,0,1,0.125,0.073594,0.225794,Normal
2024-01-07 11:30:00,Dorm C,Room 101,21,Medium,1,0.6919620699651984,0.4193061564745301,0.4390977697450337,1,0,1,1,0,0,0,0,1,0.1086,0.054554,0.186039,Normal
2024-01-07 12:00:00,Dorm B,Room 104,25,Medium,3,0.4183484818540615,0.4127812600932989,0.6374546123464273,1,0,1,1,0,1,0,1,1,0.3043,0.203332,0.206903,Normal
2024-01-07 12:30:00,Dorm A,Room 103,17,Medium,2,0.551687659704231,0.6152545058213583,0.327813263084697,1,0,0,1,0,1,0,0,0,0.0867,0.066083,0.165891,Normal
2024-01-07 13:00:00,Dorm A,Room 105,18,Medium,1,0.4382648373384675,0.4000060605716025,0.3881268998597902,1,0,1,1,0,1,0,1,0,0.3119,0.187727,0.184626,Normal
2024-01-07 13:30:00,Dorm B,Room 108,20,Medium,3,0.4914598550891375,0.6306104258604186,0.2328013571712552,1,0,0,1,0,0,1,0,1,0.8381,0.560015,0.347388,Normal
2024-01-07 14:00:00,Dorm A,Room 106,32,Large,3,0.3237433356906316,0.6757730819003631,0.6438351633566741,0,0,1,1,0,1,0,0,0,0.0986,0.041992,0.347572,Normal
2024-01-07 14:30:00,Dorm C,Room 108,20,Medium,1,0.4967971764271591,0.2508439785554859,0.4330997171623786,1,1,1,1,0,0,0,0,1,0.7165,0.433187,0.218184,Normal
2024-01-07 15:00:00,Dorm C,Room 101,21,Medium,1,0.5003981976733517,0.662578057571318,0.4100513484938128,1,0,1,1,0,1,0,0,0,0.1234,0.082319,0.17143,Normal
2024-01-07 15:30:00,Dorm B,Room 102,14,Small,2,0.5989015477679421,0.7988845799763316,0.4563506799235576,1,0,0,1,0,1,0,0,0,0.0876,0.034459,0.338895,Normal
2024-01-07 16:00:00,Dorm B,Room 102,14,Small,2,0.5563585797038622,0.5331160875033187,0.5389758194385441,1,0,0,1,0,1,0,0,0,0.092,0.053616,0.313525,Normal
2024-01-07 16:30:00,Dorm A,Room 104,32,Large,3,0.3655672571482004,0.584123649511435,0.5043199708758462,0,0,0,1,0,0,0,0,1,0.0706,0.051087,0.231634,Normal
2024-01-07 17:00:00,Dorm C,Room 106,15,Small,1,0.6718953815829181,0.6484813260193463,0.7803120488036541,1,0,1,1,1,0,0,1,0,0.3193,0.219985,0.129711,Normal
2024-01-07 17:30:00,Dorm A,Room 102,15,Small,3,0.5546169235751653,0.4555957870722631,0.5171054068630776,1,1,1,1,1,1,1,1,0,1.7359,0.983351,0.286228,Abnormal
2024-01-07 18:00:00,Dorm C,Room 101,21,Medium,1,0.5530186421197232,0.5228693912797573,0.4068317850283612,0,0,1,1,1,1,1,0,1,0.8387,0.552702,0.162518,Normal
2024-01-07 18:30:00,Dorm A,Room 107,25,Medium,3,0.5251615513464308,0.3029440411170543,0.3953013700069264,0,0,1,1,0,1,0,0,1,0.114,0.084656,0.29644,Normal
2024-01-07 19:00:00,Dorm C,Room 105,11,Small,1,0.4569097718132173,0.5164552150941786,0.4155279434170216,1,0,1,1,1,1,1,0,0,0.8611,0.511419,0.189903,Normal
2024-01-07 19:30:00,Dorm C,Room 105,11,Small,1,0.5556233443459707,0.5692845953119865,0.2824725357897448,1,0,0,1,1,0,1,0,1,0.9154,0.572299,0.222054,Normal
2024-01-07 20:00:00,Dorm B,Room 102,14,Small,2,0.5902187463159138,0.5719374066763829,0.4674294799480848,0,0,1,1,1,1,0,0,1,0.1232,0.070101,0.293532,Normal
2024-01-07 20:30:00,Dorm A,Room 107,25,Medium,3,0.2919569979351062,0.6526578919324648,0.5566391859705054,1,0,1,1,0,0,1,0,1,0.8005,0.504863,0.280149,Normal
2024-01-07 21:00:00,Dorm A,Room 102,15,Small,3,0.4540910754799594,0.3822148439141969,0.389062138372667,1,0,1,1,1,1,0,0,1,0.1423,0.093696,0.327235,Normal
2024-01-07 21:30:00,Dorm B,Room 101,14,Small,4,0.4921794555633815,0.4178083177051593,0.3657861025653317,1,0,1,1,1,1,0,0,0,0.1411,0.098154,0.243092,Normal
2024-01-07 22:00:00,Dorm A,Room 108,15,Small,1,0.5607724412249193,0.7746483238165691,0.6445140095518479,1,0,1,1,0,0,0,0,1,0.118,0.077727,0.24408,Normal
2024-01-07 22:30:00,Dorm B,Room 104,25,Medium,3,0.6865385291899929,0.4739886349085707,0.2915126813609702,1,1,0,1,1,1,0,0,1,0.7149,0.484382,0.206546,Normal
2024-01-07 23:00:00,Dorm C,Room 101,21,Medium,1,0.4228247035406743,0.5254784868732569,0.2145720863427357,0,0,1,1,0,1,1,0,1,0.8404,0.500579,0.19799,Normal
2024-01-07 23:30:00,Dorm A,Room 106,32,Large,3,0.4595663803866603,0.4862332465111214,0.3243340525570428,1,0,1,1,1,1,1,0,0,0.898,0.621103,0.328474,Normal
2024-01-08 00:00:00,Dorm A,Room 106,32,Large,3,0.4576107538721314,0.3753254736490445,0.2778422221132402,1,0,1,1,0,1,0,0,1,0.1251,0.095957,0.345687,Normal
2024-01-08 00:30:00,Dorm B,Room 106,24,Medium,2,0.4188272595848126,0.7346779289802732,0.5089823005547595,0,0,0,1,1,1,0,0,1,0.0981,0.044257,0.254726,Normal
2024-01-08 01:00:00,Dorm C,Room 107,21,Medium,2,0.4798007296270273,0.418529215973358,0.4193734964616458,0,0,1,1,1,0,0,0,1,0.1133,0.048244,0.203836,Normal
2024-01-08 01:30:00,Dorm A,Room 108,15,Small,1,0.6298370177353194,0.3304132588693156,0.4362912745478815,0,0,0,0,1,0,0,0,1,0.0238,0.0,0.23299,Normal
2024-01-08 02:00:00,Dorm C,Room 101,21,Medium,1,0.3849670416288865,0.4298395624341095,0.6009638050521626,1,0,0,1,0,1,0,0,1,0.0876,0.070044,0.223206,Normal
2024-01-08 02:30:00,Dorm C,Room 104,13,Small,2,0.5838073759245102,0.2019068561522235,0.3797079738195651,0,0,0,1,0,1,0,0,1,0.0694,0.002215,0.373846,Normal
2024-01-08 03:00:00,Dorm B,Room 104,25,Medium,3,0.2979952090865263,0.4003667878231593,0.5556339991079703,1,0,0,1,1,1,0,0,1,0.1132,0.066005,0.231803,Normal
2024-01-08 03:30:00,Dorm A,Room 105,18,Medium,1,0.4510611762501564,0.3538032463218407,0.643959469391642,0,0,1,1,1,1,0,0,0,0.1304,0.093888,0.184847,Normal
2024-01-08 04:00:00,Dorm B,Room 103,12,Small,1,0.4821757280469606,0.5868195821632112,0.4079814434320931,0,0,0,1,1,0,0,0,0,0.0745,0.04882,0.136264,Normal
2024-01-08 04:30:00,Dorm C,Room 107,21,Medium,2,0.7511633089953407,0.397114997321837,0.551067177588081,0,0,0,1,1,1,0,0,0,0.093,0.060182,0.193463,Normal
2024-01-08 05:00:00,Dorm B,Room 103,12,Small,1,0.4895148305768755,0.6265544221603665,0.4336362478763428,0,0,1,1,1,1,0,1,0,0.3266,0.215358,0.129537,Normal
2024-01-08 05:30:00,Dorm A,Room 106,32,Large,3,0.2309826304691411,0.7016048798945713,0.573510483980852,0,1,0,1,0,1,1,0,1,1.5008,0.978554,0.331813,Abnormal
2024-01-08 06:00:00,Dorm C,Room 102,22,Medium,2,0.2581390119628077,0.6108840918488785,0.2741163963020875,0,0,0,1,1,1,0,1,0,0.3144,0.188932,0.19835,Normal
2024-01-08 06:30:00,Dorm A,Room 105,18,Medium,1,0.5309606787899849,0.4644273130270678,0.2652358952527731,1,0,0,1,0,1,0,1,0,0.3051,0.200624,0.178783,Normal
2024-01-08 07:00:00,Dorm A,Room 101,20,Medium,2,0.6087630992935341,0.5168196021869431,0.4157068462711364,0,0,0,1,1,1,0,0,0,0.087,0.086033,0.405052,Normal
2024-01-08 07:30:00,Dorm A,Room 104,32,Large,3,0.576780757037375,0.2719666389035661,0.3560032283290135,1,1,0,1,0,1,0,0,0,0.6484,0.41132,0.211573,Normal
2024-01-08 08:00:00,Dorm C,Room 103,22,Medium,2,0.5488820795880077,0.4764207058306166,0.4006577187078142,1,0,1,1,0,1,0,0,0,0.1175,0.064988,0.179928,Normal
2024-01-08 08:30:00,Dorm C,Room 104,13,Small,2,0.682371369005668,0.3696295810598248,0.4363105251453026,0,0,1,1,1,1,0,1,0,0.3111,0.202389,0.342877,Normal
2024-01-08 09:00:00,Dorm B,Room 104,25,Medium,3,0.4539796363929498,0.5981206135393922,0.5490265793995505,0,0,0,1,0,0,0,0,0,0.0613,0.032941,0.217987,Normal
2024-01-08 09:30:00,Dorm B,Room 101,14,Small,4,0.6464926009367086,0.8741774707821646,0.4137402044200735,0,0,1,1,1,1,0,0,0,0.1293,0.094675,0.235463,Normal
2024-01-08 10:00:00,Dorm C,Room 106,15,Small,1,0.3073742284690169,0.5695358471229599,0.3638088565382508,0,1,0,1,0,1,0,0,1,0.6641,0.399038,0.134726,Normal
2024-01-08 10:30:00,Dorm A,Room 105,18,Medium,1,0.4049480592490478,0.203459632837302,0.4204761499628917,1,0,1,1,0,0,0,0,0,0.1098,0.04863,0.180148,Normal
2024-01-08 11:00:00,Dorm C,Room 108,20,Medium,1,0.283885326021195,0.4429941250739488,0.3703731053705534,1,0,1,0,0,0,0,0,0,0.0524,0.039987,0.228422,Normal
2024-01-08 11:30:00,Dorm A,Room 106,32,Large,3,0.4895090604400941,0.5140826487215662,0.3505949250952399,1,1,1,1,0,1,0,0,1,0.7441,0.50325,0.365852,Normal
2024-01-08 12:00:00,Dorm C,Room 101,21,Medium,1,0.5201854947647598,0.5089193664928999,0.2691343523486851,1,0,0,1,1,1,0,0,0,0.1143,0.089585,0.211424,Normal
2024-01-08 12:30:00,Dorm B,Room 106,24,Medium,2,0.5417064863081676,0.38867955401792,0.4709822425095639,1,1,1,1,0,1,0,1,0,0.9229,0.618337,0.243648,Abnormal
2024-01-08 13:00:00,Dorm B,Room 103,12,Small,1,0.5346987091342268,0.5321296772093693,0.3944197186711675,1,0,0,1,0,1,0,0,0,0.0834,0.048598,0.135667,Normal
2024-01-08 13:30:00,Dorm C,Room 108,20,Medium,1,0.4019143568994673,0.3134810096699311,0.5785708660734894,1,1,1,1,0,1,0,1,1,0.8994,0.556153,0.219857,Normal
2024-01-08 14:00:00,Dorm B,Room 107,14,Small,3,0.5008631451483813,0.3572156808476718,0.2890037692564372,1,0,0,1,0,1,0,0,1,0.0914,0.027709,0.191021,Normal
2024-01-08 14:30:00,Dorm A,Room 104,32,Large,3,0.3254335482245839,0.5909887428842937,0.3976135619491315,1,1,1,1,1,1,0,0,0,0.7155,0.442607,0.231548,Normal
2024-01-08 15:00:00,Dorm A,Room 101,20,Medium,2,0.7093418554115374,0.3468174713447009,0.6801403684232356,1,1,0,1,0,1,0,0,0,0.6944,0.480107,0.37315,Normal
2024-01-08 15:30:00,Dorm A,Room 108,15,Small,1,0.485646624106268,0.5751777059394567,0.3499226148307403,1,0,1,1,0,0,0,0,0,0.1069,0.063863,0.218428,Normal
2024-01-08 16:00:00,Dorm B,Room 107,14,Small,3,0.4607843609339799,0.2948223084877447,0.4342702453640599,1,1,1,1,1,1,0,0,0,0.7394,0.518909,0.180134,Normal
2024-01-08 16:30:00,Dorm A,Room 101,20,Medium,2,0.7396327636983625,0.7554431416059058,0.3167829345206724,1,0,0,1,0,1,0,0,0,0.0831,0.072182,0.382874,Normal
2024-01-08 17:00:00,Dorm B,Room 105,19,Medium,3,0.359681909117191,0.3822930651717003,0.3008769693271641,1,0,1,1,0,1,0,0,1,0.1242,0.05975,0.478232,Normal
2024-01-08 17:30:00,Dorm A,Room 106,32,Large,3,0.3753378330463234,0.4632107217091963,0.648276949854228,1,0,1,0,1,1,0,1,0,0.2607,0.183929,0.372722,Normal
2024-01-08 18:00:00,Dorm A,Room 108,15,Small,1,0.3792789140073606,0.5446686806824586,0.4831664988709657,1,0,0,1,1,1,0,0,1,0.1141,0.057556,0.209336,Normal
2024-01-08 18:30:00,Dorm A,Room 105,18,Medium,1,0.517285368123797,0.4129963188841797,0.4786843639580963,0,0,1,1,0,1,0,0,0,0.1017,0.058441,0.172412,Normal
2024-01-08 19:00:00,Dorm A,Room 101,20,Medium,2,0.5843196563126634,0.5171563599024751,0.2591409715714021,1,1,0,1,1,0,0,0,0,0.7552,0.476657,0.356983,Normal
2024-01-08 19:30:00,Dorm A,Room 101,20,Medium,2,0.6256597463117481,0.5806366192938028,0.5056849807451419,1,1,1,1,0,0,0,0,0,0.7098,0.483549,0.366188,Normal
2024-01-08 20:00:00,Dorm A,Room 101,20,Medium,2,0.8715606799388308,0.6372546071026806,0.6015021999631855,1,0,0,1,0,0,0,0,1,0.0823,0.063496,0.374571,Normal
2024-01-08 20:30:00,Dorm B,Room 103,12,Small,1,0.2245155743157339,0.6124010461430622,0.6005490569374422,1,0,1,1,1,1,0,0,1,0.1431,0.075997,0.129863,Normal
2024-01-08 21:00:00,Dorm C,Room 102,22,Medium,2,0.6080873565870811,0.4708315884038876,0.5428265250735189,1,0,1,1,1,1,0,0,1,0.1454,0.084085,0.197762,Normal
2024-01-08 21:30:00,Dorm B,Room 107,14,Small,3,0.4516258208225236,0.4745318938374929,0.3271432997049044,0,0,0,1,1,1,0,0,1,0.0967,0.07689,0.201307,Normal
2024-01-08 22:00:00,Dorm C,Room 101,21,Medium,1,0.4476957729875023,0.8413103719866268,0.5002122206080394,1,0,1,1,1,1,0,0,1,0.1471,0.078426,0.202721,Normal
2024-01-08 22:30:00,Dorm B,Room 106,24,Medium,2,0.4432192006403508,0.6356785646779006,0.5427367556825996,1,0,1,1,0,1,0,0,1,0.1231,0.070114,0.262383,Normal
2024-01-08 23:00:00,Dorm C,Room 106,15,Small,1,0.4044351610775299,0.3606083036299685,0.2473686932671573,1,0,1,1,1,1,0,0,0,0.1354,0.071557,0.148637,Normal
2024-01-08 23:30:00,Dorm A,Room 105,18,Medium,1,0.7524603927353246,0.5107756024912296,0.3281277668521084,1,0,1,1,0,1,0,0,1,0.1262,0.069583,0.16608,Normal
2024-01-09 00:00:00,Dorm A,Room 101,20,Medium,2,0.6394318019502155,0.4468279253665985,0.569198687282511,1,1,0,1,0,1,0,0,1,0.6967,0.471048,0.353833,Normal
2024-01-09 00:30:00,Dorm B,Room 107,14,Small,3,0.5295067872814442,0.4761922006085857,0.5677456726100883,1,1,0,1,1,1,1,1,1,1.6409,1.0,0.193988,Abnormal
2024-01-09 01:00:00,Dorm B,Room 104,25,Medium,3,0.7077028168713593,0.3153923476272988,0.2768644336159639,1,0,0,1,0,0,0,0,1,0.0773,0.045623,0.203753,Normal
2024-01-09 01:30:00,Dorm C,Room 108,20,Medium,1,0.3234094742948377,0.4355441847236697,0.558025234687916,0,0,0,1,0,1,0,0,0,0.0644,0.023018,0.234479,Normal
2024-01-09 02:00:00,Dorm A,Room 106,32,Large,3,0.3478105910232152,0.7623106500156456,0.4740804859457961,0,0,1,1,0,1,0,0,0,0.1041,0.068985,0.363732,Normal
2024-01-09 02:30:00,Dorm A,Room 104,32,Large,3,0.2341062808011042,0.5811832549102791,0.5563441630532823,0,1,0,1,0,1,1,1,0,1.5758,0.995958,0.250735,Abnormal
2024-01-09 03:00:00,Dorm B,Room 101,14,Small,4,0.4325310320645108,0.1299756112290115,0.3865238592763595,1,1,0,1,1,1,0,0,0,0.6627,0.47819,0.228424,Normal
2024-01-09 03:30:00,Dorm C,Room 106,15,Small,1,0.5480941021057353,0.6748930305364547,0.5400492657151911,0,0,1,1,1,0,0,0,0,0.107,0.055671,0.144783,Normal
2024-01-09 04:00:00,Dorm A,Room 105,18,Medium,1,0.5401976650603002,0.6562150726781268,0.5638806185148617,0,0,0,1,1,1,0,0,0,0.0862,0.060014,0.161001,Normal
2024-01-09 04:30:00,Dorm C,Room 101,21,Medium,1,0.5464358199425102,0.4432799493941433,0.4204975574571599,0,0,0,1,1,1,0,0,0,0.0923,0.053568,0.194435,Normal
2024-01-09 05:00:00,Dorm B,Room 105,19,Medium,3,0.337027234618429,0.6014915001239569,0.4647767574310627,0,0,0,1,0,1,0,0,0,0.0668,0.048702,0.454983,Normal
2024-01-09 05:30:00,Dorm B,Room 104,25,Medium,3,0.6341787900092166,0.3697823121703206,0.3848442510992823,0,0,1,1,0,1,0,0,1,0.1093,0.100052,0.192458,Normal
2024-01-09 06:00:00,Dorm A,Room 106,32,Large,3,0.5585523262969985,0.4269715385008861,0.6607931122317878,0,1,1,1,0,1,0,0,0,0.7161,0.486817,0.350334,Normal
2024-01-09 06:30:00,Dorm B,Room 106,24,Medium,2,0.6247711700187178,0.7163102250127884,0.4482180441207833,0,0,0,1,0,1,0,1,1,0.2763,0.215003,0.253227,Normal
2024-01-09 07:00:00,Dorm C,Room 105,11,Small,1,0.2723814281105383,0.4561472281856926,0.352032299575934,1,1,0,1,0,1,1,0,1,1.3436,0.800702,0.253895,Abnormal
2024-01-09 07:30:00,Dorm A,Room 101,20,Medium,2,0.5681965281774589,0.221302041970956,0.3767697971688194,0,0,0,1,0,1,0,0,0,0.0735,0.032512,0.361159,Normal
2024-01-09 08:00:00,Dorm A,Room 103,17,Medium,2,0.3669934060557854,0.4867780072755096,0.4778555869687789,1,0,1,1,0,1,0,0,1,0.126,0.103742,0.151633,Normal
2024-01-09 08:30:00,Dorm C,Room 102,22,Medium,2,0.473072278004621,0.4845316712414267,0.5530236763347737,0,0,0,1,1,1,0,1,0,0.2702,0.201878,0.191075,Normal
2024-01-09 09:00:00,Dorm B,Room 104,25,Medium,3,0.5981066634064036,0.6721955580936532,0.3023886637345475,0,0,1,1,1,1,0,0,0,0.1253,0.072291,0.186297,Normal
2024-01-09 09:30:00,Dorm A,Room 103,17,Medium,2,0.538618782683235,0.498188068833396,0.6843096385095515,1,0,1,0,0,1,0,0,0,0.0601,0.027367,0.145646,Normal
2024-01-09 10:00:00,Dorm A,Room 104,32,Large,3,0.4121154983613941,0.4341246694252252,0.4996785819892515,1,0,1,1,0,1,0,0,0,0.1124,0.087745,0.312837,Normal
2024-01-09 10:30:00,Dorm C,Room 103,22,Medium,2,0.527235711179458,0.6496644891015348,0.5186074337693418,1,0,1,1,0,1,0,0,0,0.1192,0.086225,0.169479,Normal
2024-01-09 11:00:00,Dorm B,Room 108,20,Medium,3,0.3208587846879712,0.5138327118447727,0.4509872250255742,1,0,0,1,1,1,0,0,0,0.1028,0.055988,0.360677,Normal
2024-01-09 11:30:00,Dorm A,Room 103,17,Medium,2,0.6807619919242053,0.3858564832003018,0.4649574818606318,1,0,1,0,0,1,0,0,0,0.0621,0.027885,0.132504,Normal
2024-01-09 12:00:00,Dorm A,Room 101,20,Medium,2,0.4988443214157826,0.6658216768005019,0.4448575577154564,1,0,0,1,1,1,0,0,1,0.115,0.078883,0.341827,Normal
2024-01-09 12:30:00,Dorm B,Room 101,14,Small,4,0.6765054474273865,0.5245420429677572,0.5847513566997353,1,0,1,1,0,1,0,0,1,0.1258,0.089565,0.240317,Normal
2024-01-09 13:00:00,Dorm B,Room 101,14,Small,4,0.4557322515360809,0.496511167816029,0.4616958074991051,1,1,0,1,0,1,0,1,0,0.9147,0.654691,0.233465,Normal
2024-01-09 13:30:00,Dorm B,Room 106,24,Medium,2,0.456128912123208,0.5222268989846364,0.5546695419984952,1,0,0,0,0,0,0,1,0,0.2064,0.141713,0.25149,Normal
2024-01-09 14:00:00,Dorm C,Room 107,21,Medium,2,0.4238384689749018,0.3387338171771482,0.4105985726318716,1,1,1,1,0,0,0,0,1,0.6861,0.454169,0.185133,Normal
2024-01-09 14:30:00,Dorm C,Room 101,21,Medium,1,0.6439781090382254,0.4185362166075306,0.4861178701107004,1,0,1,1,0,1,0,0,0,0.1191,0.044425,0.185631,Normal
2024-01-09 15:00:00,Dorm B,Room 105,19,Medium,3,0.4311867823019062,0.4966076680965866,0.3662011621084049,0,1,1,1,0,1,0,0,0,0.7034,0.501519,0.433599,Normal
2024-01-09 15:30:00,Dorm A,Room 102,15,Small,3,0.6128998182039304,0.4674730365302438,0.6085931450978295,1,1,0,1,1,1,0,0,0,0.722,0.506298,0.31426,Normal
2024-01-09 16:00:00,Dorm C,Room 106,15,Small,1,0.4750679760267634,0.6830795211877492,0.3626228475364876,1,0,1,1,1,0,0,0,0,0.1243,0.070054,0.14054,Normal
2024-01-09 16:30:00,Dorm C,Room 106,15,Small,1,0.2612156735837119,0.5280315167831517,0.4236594096550615,1,1,1,1,0,1,0,0,1,0.7539,0.448773,0.137336,Normal
2024-01-09 17:00:00,Dorm A,Room 107,25,Medium,3,0.4498565697920605,0.6217193772147591,0.4248613867878282,0,0,0,1,1,0,0,0,1,0.0838,0.066298,0.2962,Normal
2024-01-09 17:30:00,Dorm C,Room 101,21,Medium,1,0.3681551959403695,0.4974619206714897,0.4201836632809766,1,0,0,1,1,1,0,0,0,0.1106,0.070615,0.177324,Normal
2024-01-09 18:00:00,Dorm B,Room 108,20,Medium,3,0.5309436535704988,0.6513152137276592,0.5493243719306979,1,1,1,1,1,1,0,1,0,0.9253,0.635439,0.342754,Normal
2024-01-09 18:30:00,Dorm C,Room 102,22,Medium,2,0.3666387779192384,0.5545025550258429,0.424657756470201,1,1,0,1,1,0,1,0,1,1.4438,0.918017,0.191675,Abnormal
2024-01-09 19:00:00,Dorm B,Room 107,14,Small,3,0.650661524033855,0.4980534611193603,0.6298752707302913,1,0,1,1,0,1,0,1,0,0.3268,0.251844,0.238767,Normal
2024-01-09 19:30:00,Dorm B,Room 108,20,Medium,3,0.5141712813735082,0.4941290559100279,0.3644550386042847,1,0,1,1,1,0,0,1,1,0.3426,0.238448,0.359014,Normal
2024-01-09 20:00:00,Dorm B,Room 107,14,Small,3,0.5025601088835429,0.3558151491110302,0.4829671070223896,1,0,0,1,0,1,0,0,1,0.0912,0.079088,0.239455,Normal
2024-01-09 20:30:00,Dorm B,Room 108,20,Medium,3,0.6144158583204685,0.5705784064627881,0.3695764235029208,1,1,1,1,1,1,0,0,1,0.7017,0.517347,0.352669,Normal
2024-01-09 21:00:00,Dorm C,Room 108,20,Medium,1,0.655752050800177,0.4901726025613938,0.5131508431638732,1,0,1,0,1,1,0,0,0,0.0801,0.06502,0.225668,Normal
2024-01-09 21:30:00,Dorm C,Room 101,21,Medium,1,0.5236965491769082,0.4223075231401177,0.4607335162845465,1,0,0,1,0,1,0,0,0,0.0834,0.056223,0.171396,Normal
2024-01-09 22:00:00,Dorm A,Room 105,18,Medium,1,0.4228972417249127,0.6586887700377162,0.4440442964062511,1,0,1,1,0,1,1,0,1,0.9386,0.546184,0.155952,Normal
2024-01-09 22:30:00,Dorm C,Room 101,21,Medium,1,0.2883236238932798,0.3123471716521396,0.605227611886868,1,1,1,0,1,1,0,0,0,0.6862,0.405384,0.165334,Normal
2024-01-09 23:00:00,Dorm A,Room 101,20,Medium,2,0.4343246122848017,0.4339904074821886,0.38414600027167,1,1,1,1,1,1,0,0,1,0.731,0.501788,0.327219,Normal
2024-01-09 23:30:00,Dorm B,Room 106,24,Medium,2,0.4435627417950698,0.6471165542046613,0.5330108608980415,0,1,1,1,1,1,0,0,1,0.7597,0.494024,0.246717,Normal
2024-01-10 00:00:00,Dorm B,Room 101,14,Small,4,0.5407611623655219,0.5424509801486037,0.3703953437522576,1,0,1,0,1,1,0,0,0,0.0791,0.03653,0.251779,Normal
2024-01-10 00:30:00,Dorm A,Room 103,17,Medium,2,0.4800744498405992,0.4890477286045115,0.476165770007146,0,0,0,0,0,1,0,0,1,0.0147,0.006313,0.122042,Normal
2024-01-10 01:00:00,Dorm A,Room 107,25,Medium,3,0.6187158014021026,0.5329690936634004,0.3192145526464334,1,0,0,1,0,1,0,0,0,0.0839,0.040282,0.280873,Normal
2024-01-10 01:30:00,Dorm C,Room 106,15,Small,1,0.4441302786221749,0.5224481910624454,0.3831652174878399,0,0,0,0,1,1,0,0,0,0.0317,0.012573,0.150877,Normal
2024-01-10 02:00:00,Dorm C,Room 104,13,Small,2,0.5187388042927341,0.2731897128406353,0.4527923442401396,0,1,1,1,0,1,0,1,0,0.8709,0.560535,0.33207,Normal
2024-01-10 02:30:00,Dorm C,Room 104,13,Small,2,0.6852872887033087,0.444753009032678,0.6803493487017138,1,0,1,1,1,1,0,0,0,0.1406,0.084801,0.348389,Normal
2024-01-10 03:00:00,Dorm A,Room 102,15,Small,3,0.5722674584010554,0.7336480859189329,0.4747403741323069,1,0,1,1,0,0,0,0,0,0.1088,0.075866,0.324368,Normal
2024-01-10 03:30:00,Dorm A,Room 101,20,Medium,2,0.5183366848866562,0.399185704407329,0.6611565435641164,1,0,0,1,0,1,0,0,1,0.09,0.027907,0.336407,Normal
2024-01-10 04:00:00,Dorm C,Room 101,21,Medium,1,0.445611711266522,0.4493030742341713,0.4890790461731501,1,0,0,1,0,1,0,0,0,0.0837,0.061257,0.177337,Normal
2024-01-10 04:30:00,Dorm A,Room 101,20,Medium,2,0.4414129402968595,0.4164836031131069,0.4162087346664092,1,1,1,1,0,1,0,0,1,0.7228,0.486665,0.320982,Normal
2024-01-10 05:00:00,Dorm A,Room 105,18,Medium,1,0.4122398669273655,0.4832932491221842,0.647322658082984,0,0,0,1,0,0,0,0,0,0.0616,0.009995,0.174535,Normal
2024-01-10 05:30:00,Dorm A,Room 105,18,Medium,1,0.4537896540388553,0.410384384716453,0.5150757327740318,0,0,1,1,0,1,0,0,0,0.1059,0.080966,0.167056,Normal
2024-01-10 06:00:00,Dorm A,Room 108,15,Small,1,0.6278056855523405,0.5676135671833031,0.3855400778339798,1,0,1,1,0,1,1,0,1,0.8573,0.54906,0.200903,Normal
2024-01-10 06:30:00,Dorm A,Room 106,32,Large,3,0.4966159981128353,0.5250786956779288,0.5191011661654089,0,0,0,1,1,1,0,0,1,0.0961,0.070769,0.356268,Normal
2024-01-10 07:00:00,Dorm C,Room 102,22,Medium,2,0.3452516361712512,0.6097631082551884,0.4275445816772959,1,0,1,1,0,1,0,0,0,0.1295,0.082937,0.229903,Normal
2024-01-10 07:30:00,Dorm C,Room 106,15,Small,1,0.7636856438475339,0.3416329626605771,0.2240237763842208,0,1,0,1,1,1,0,0,0,0.6671,0.430795,0.145114,Normal
2024-01-10 08:00:00,Dorm A,Room 106,32,Large,3,0.5693338002737,0.4460641143496233,0.5749351241354203,1,0,1,1,0,1,0,0,0,0.1253,0.098996,0.344372,Normal
2024-01-10 08:30:00,Dorm B,Room 102,14,Small,2,0.3375792651024708,0.4629085594698298,0.594005565884384,0,0,0,1,0,1,0,1,0,0.2866,0.185032,0.277573,Normal
2024-01-10 09:00:00,Dorm C,Room 103,22,Medium,2,0.4670968447415712,0.5630438501292645,0.6831437792240982,0,0,1,1,0,1,0,0,0,0.0991,0.104384,0.162541,Normal
2024-01-10 09:30:00,Dorm C,Room 106,15,Small,1,0.5412750122928776,0.3795079518159925,0.5132913164818133,1,1,1,0,0,1,0,0,0,0.6511,0.395167,0.156541,Normal
2024-01-10 10:00:00,Dorm B,Room 108,20,Medium,3,0.7551534583864171,0.6306472888419141,0.432807797868631,1,0,1,1,0,1,0,1,0,0.3134,0.245304,0.360903,Normal
2024-01-10 10:30:00,Dorm A,Room 105,18,Medium,1,0.377682966277772,0.6704389268697373,0.5628201674357197,1,0,0,1,0,1,0,0,0,0.0888,0.05202,0.163312,Normal
2024-01-10 11:00:00,Dorm B,Room 108,20,Medium,3,0.6573804286894508,0.3507547076261891,0.5645994260113874,0,0,1,1,0,0,0,0,0,0.0934,0.058954,0.355398,Normal
2024-01-10 11:30:00,Dorm A,Room 104,32,Large,3,0.7142076768790331,0.4239416009294768,0.6591905892490022,1,0,1,1,0,1,0,1,1,0.3171,0.237114,0.295522,Normal
2024-01-10 12:00:00,Dorm C,Room 106,15,Small,1,0.4420271950122987,0.4179075534191163,0.4572930465883625,1,0,1,1,0,1,0,0,0,0.1211,0.069626,0.165719,Normal
2024-01-10 12:30:00,Dorm B,Room 108,20,Medium,3,0.4891509668821017,0.8829413633192629,0.4427825869866513,1,0,1,1,0,1,0,0,1,0.1298,0.114209,0.341923,Normal
2024-01-10 13:00:00,Dorm C,Room 107,21,Medium,2,0.3873190986375617,0.432902271525718,0.3768035678461902,0,0,1,1,1,0,0,1,0,0.3292,0.199045,0.200958,Normal
2024-01-10 13:30:00,Dorm B,Room 105,19,Medium,3,0.4990889552904427,0.7426280082099854,0.5271259939125512,1,1,1,1,1,1,0,0,0,0.7067,0.499375,0.436995,Normal
2024-01-10 14:00:00,Dorm B,Room 106,24,Medium,2,0.5214833946183306,0.3099346513560638,0.2769029876257893,1,1,1,1,1,1,0,0,0,0.6983,0.463493,0.257021,Normal
2024-01-10 14:30:00,Dorm C,Room 108,20,Medium,1,0.6149201705753636,0.350640280449862,0.5557537238942659,0,0,1,1,0,0,0,0,1,0.0917,0.055115,0.219242,Normal
2024-01-10 15:00:00,Dorm B,Room 101,14,Small,4,0.6726986108346729,0.3951765282953557,0.5331692162034783,1,0,1,1,0,1,0,0,1,0.1241,0.075585,0.24281,Normal
2024-01-10 15:30:00,Dorm A,Room 102,15,Small,3,0.4259978755696959,0.3717971435861302,0.532837510509174,0,0,1,1,0,0,0,1,0,0.3075,0.192078,0.311943,Normal
2024-01-10 16:00:00,Dorm B,Room 108,20,Medium,3,0.2623749418281672,0.4567102837488155,0.4792297925838893,1,1,1,1,0,1,0,0,1,0.6774,0.432462,0.332023,Normal
2024-01-10 16:30:00,Dorm A,Room 108,15,Small,1,0.523542750027743,0.3919178458301223,0.64655746031456,1,0,1,1,0,0,0,0,1,0.1119,0.085993,0.219227,Normal
2024-01-10 17:00:00,Dorm A,Room 105,18,Medium,1,0.565787156078858,0.3756692516126331,0.567259519302518,0,0,1,1,1,1,0,0,0,0.1235,0.077706,0.158675,Normal
2024-01-10 17:30:00,Dorm B,Room 102,14,Small,2,0.5598661863242027,0.6663322861403778,0.3898163150544685,1,1,1,1,1,1,0,0,0,0.6919,0.464552,0.271404,Normal
2024-01-10 18:00:00,Dorm B,Room 103,12,Small,1,0.4825536478683866,0.6759320695318092,0.3919635441911109,1,0,1,1,0,1,1,0,1,0.8552,0.529495,0.126496,Normal
2024-01-10 18:30:00,Dorm C,Room 107,21,Medium,2,0.5431358188089568,0.6355914795457731,0.3571130646321053,1,0,1,1,1,1,1,0,1,0.9554,0.60719,0.200852,Normal
2024-01-10 19:00:00,Dorm C,Room 106,15,Small,1,0.7297695201090221,0.5730889894024378,0.5287841203682425,1,0,1,1,1,0,0,0,1,0.1294,0.08786,0.16216,Normal
2024-01-10 19:30:00,Dorm A,Room 106,32,Large,3,0.5776233187874241,0.5097108498888852,0.3426609391475654,0,0,0,1,1,1,1,1,1,1.0843,0.754258,0.334557,Abnormal
2024-01-10 20:00:00,Dorm B,Room 105,19,Medium,3,0.4762870630548399,0.4230366402117642,0.5926208897369643,1,1,0,1,1,1,0,1,1,0.8879,0.575343,0.439966,Normal
2024-01-10 20:30:00,Dorm C,Room 106,15,Small,1,0.4592663087702625,0.3560034250310903,0.6213632958940745,1,0,1,1,1,1,1,0,0,0.915,0.553299,0.159507,Abnormal
2024-01-10 21:00:00,Dorm A,Room 101,20,Medium,2,0.5035993202355001,0.5494276625238144,0.3571919498402758,1,0,1,1,0,1,0,0,1,0.1156,0.06284,0.328871,Normal
2024-01-10 21:30:00,Dorm C,Room 107,21,Medium,2,0.7460475686685657,0.3236023337723852,0.4403868508148226,0,0,1,0,1,0,0,0,1,0.0544,0.01769,0.222238,Normal
2024-01-10 22:00:00,Dorm A,Room 104,32,Large,3,0.5017945249229308,0.3500127590227267,0.4646410042911217,1,1,0,1,1,1,0,0,1,0.7279,0.4971,0.29135,Normal
2024-01-10 22:30:00,Dorm B,Room 108,20,Medium,3,0.5237374012294271,0.6655153636945943,0.5686979157013428,0,0,1,1,0,1,0,0,1,0.102,0.073692,0.336208,Normal
2024-01-10 23:00:00,Dorm A,Room 102,15,Small,3,0.461666409838523,0.7754039566486359,0.6557189381363205,0,1,1,1,0,1,0,1,1,0.9694,0.67514,0.306235,Abnormal
2024-01-10 23:30:00,Dorm A,Room 108,15,Small,1,0.673879572929036,0.5538805218287839,0.2604395013217316,1,0,1,1,0,0,0,0,0,0.1038,0.077804,0.212566,Normal
2024-01-11 00:00:00,Dorm A,Room 103,17,Medium,2,0.7894078619093731,0.6586880912921063,0.4244750487532031,0,0,1,1,0,1,0,0,1,0.1071,0.067723,0.111522,Normal
2024-01-11 00:30:00,Dorm C,Room 101,21,Medium,1,0.586867000244154,0.4599508525616778,0.4307331346408523,0,1,0,1,0,1,0,0,0,0.6714,0.415387,0.171809,Normal
2024-01-11 01:00:00,Dorm C,Room 103,22,Medium,2,0.5375021280191372,0.2994941634745298,0.294609487420198,0,0,0,0,0,1,0,0,0,0.0098,0.03298,0.158068,Normal
2024-01-11 01:30:00,Dorm B,Room 103,12,Small,1,0.5313301699383951,0.5860470021998891,0.4044486422701613,1,0,0,0,0,1,0,0,1,0.0341,0.028762,0.150202,Normal
2024-01-11 02:00:00,Dorm C,Room 107,21,Medium,2,0.206415172899435,0.5797449431173101,0.5139661745506672,0,0,0,1,0,0,0,0,0,0.0582,0.053459,0.212011,Normal
2024-01-11 02:30:00,Dorm B,Room 104,25,Medium,3,0.6263945552643976,0.5066137017990608,0.4292140573593563,0,0,0,1,0,1,0,0,0,0.0678,0.025718,0.179172,Normal
2024-01-11 03:00:00,Dorm B,Room 106,24,Medium,2,0.5443992386077785,0.4604612302026409,0.2773397361443762,0,0,0,1,0,1,0,0,0,0.0742,0.024678,0.26528,Normal
2024-01-11 03:30:00,Dorm A,Room 104,32,Large,3,0.5838781883331903,0.6374893559489032,0.8074489429694341,0,1,0,1,0,1,0,0,0,0.712,0.483446,0.305067,Normal
2024-01-11 04:00:00,Dorm C,Room 104,13,Small,2,0.430914213168023,0.3512160668761429,0.4945801913795667,1,0,0,1,1,0,0,1,0,0.2831,0.196585,0.330816,Normal
2024-01-11 04:30:00,Dorm A,Room 108,15,Small,1,0.4747989706862416,0.3823649799726232,0.4760468719375009,0,0,0,1,1,1,0,0,0,0.0949,0.082315,0.206149,Normal
2024-01-11 05:00:00,Dorm B,Room 104,25,Medium,3,0.4712334850246951,0.3479280210828655,0.3309294394161535,0,0,0,1,0,1,0,1,0,0.291,0.185571,0.170145,Normal
2024-01-11 05:30:00,Dorm C,Room 108,20,Medium,1,0.6634976584157892,0.5085689415863675,0.4939237544812512,1,0,0,1,0,1,0,0,0,0.0821,0.059809,0.212929,Normal
2024-01-11 06:00:00,Dorm C,Room 103,22,Medium,2,0.4755635249965361,0.3362024530689745,0.4429463678211637,1,1,0,1,0,1,0,0,0,0.6468,0.424461,0.149133,Normal
2024-01-11 06:30:00,Dorm C,Room 107,21,Medium,2,0.8058909595226484,0.3955237036868106,0.2360819937492048,1,0,0,1,0,1,0,0,0,0.0901,0.043507,0.204461,Normal
2024-01-11 07:00:00,Dorm C,Room 102,22,Medium,2,0.5842164267316993,0.3923620585017076,0.3342491031714837,0,1,1,1,0,1,0,0,1,0.7685,0.491742,0.222555,Normal
2024-01-11 07:30:00,Dorm A,Room 101,20,Medium,2,0.3551947150757888,0.457781694284576,0.5580137846179698,1,0,0,1,0,1,0,1,0,0.2793,0.17592,0.316779,Normal
2024-01-11 08:00:00,Dorm A,Room 108,15,Small,1,0.5091426754582309,0.2774939445607982,0.6958696066348978,0,0,1,1,1,1,0,0,0,0.1244,0.057819,0.20052,Normal
2024-01-11 08:30:00,Dorm B,Room 102,14,Small,2,0.4389377560067624,0.5088969646328858,0.5066956049169254,1,0,1,1,1,1,0,0,1,0.1453,0.131488,0.283475,Normal
2024-01-11 09:00:00,Dorm A,Room 105,18,Medium,1,0.231903390673223,0.6793871454609255,0.5949832231536641,1,0,1,1,0,1,0,0,0,0.1135,0.051606,0.155437,Normal
2024-01-11 09:30:00,Dorm B,Room 102,14,Small,2,0.7410459925307223,0.5159932177352926,0.4439611259609918,0,0,1,1,0,1,0,1,0,0.2829,0.182883,0.274535,Normal
2024-01-11 10:00:00,Dorm B,Room 101,14,Small,4,0.6207569556829946,0.7225964840539656,0.4522641052072058,1,1,1,1,1,1,0,0,0,0.7359,0.537285,0.236121,Normal
2024-01-11 10:30:00,Dorm C,Room 101,21,Medium,1,0.5979513137909469,0.6921279299409513,0.5935310835856722,0,0,1,1,1,1,0,0,0,0.1202,0.078926,0.182881,Normal
2024-01-11 11:00:00,Dorm C,Room 106,15,Small,1,0.5485913383336358,0.6103785007975271,0.6621293721447936,1,1,1,1,0,0,0,0,0,0.6824,0.433814,0.173086,Normal
2024-01-11 11:30:00,Dorm B,Room 104,25,Medium,3,0.3409243608390221,0.5070571279696754,0.618738771754852,0,0,1,1,0,0,0,1,0,0.2956,0.181289,0.171002,Normal
2024-01-11 12:00:00,Dorm A,Room 105,18,Medium,1,0.4614914683616837,0.4993878599383529,0.334716067781187,1,0,1,1,0,0,0,0,0,0.1108,0.047764,0.151443,Normal
2024-01-11 12:30:00,Dorm A,Room 106,32,Large,3,0.6393624796233084,0.6083305477917249,0.4546139780818495,0,0,1,1,0,1,0,0,1,0.1025,0.072529,0.3507,Normal
2024-01-11 13:00:00,Dorm A,Room 102,15,Small,3,0.3853180422626805,0.4385205468224297,0.4959414623644298,1,1,1,1,1,1,0,0,1,0.7787,0.507254,0.323003,Normal
2024-01-11 13:30:00,Dorm C,Room 103,22,Medium,2,0.1866254111987167,0.2194225344244277,0.4314935884576789,1,0,0,1,0,1,0,0,1,0.0965,0.048938,0.167488,Normal
2024-01-11 14:00:00,Dorm B,Room 107,14,Small,3,0.4959157675966309,0.5683869612614969,0.5091780281322618,1,0,1,1,1,1,1,1,0,1.1151,0.745545,0.231437,Abnormal
2024-01-11 14:30:00,Dorm A,Room 108,15,Small,1,0.5073696982347343,0.3298572867887397,0.5610910947228294,1,0,1,1,1,0,0,0,0,0.1284,0.067378,0.194315,Normal
2024-01-11 15:00:00,Dorm B,Room 103,12,Small,1,0.5445867188162111,0.3546831609125158,0.5829534693803249,1,1,0,1,0,1,1,0,1,1.4329,0.869213,0.143455,Abnormal
2024-01-11 15:30:00,Dorm B,Room 102,14,Small,2,0.6241624784700026,0.4961140743011368,0.6648998088339385,0,1,1,1,0,0,0,0,0,0.6857,0.436597,0.269443,Normal
2024-01-11 16:00:00,Dorm A,Room 103,17,Medium,2,0.6119617974050395,0.482101439781873,0.4231241469715172,1,0,0,1,0,1,0,0,1,0.0847,0.050319,0.107872,Normal
2024-01-11 16:30:00,Dorm A,Room 108,15,Small,1,0.5611212589251465,0.2885599972342776,0.2990047687714469,1,1,1,1,0,0,0,0,1,0.7538,0.486789,0.189026,Normal
2024-01-11 17:00:00,Dorm C,Room 103,22,Medium,2,0.6868365088501686,0.5204020997640864,0.505624180966921,1,0,1,1,0,1,0,0,0,0.1145,0.106692,0.160079,Normal
2024-01-11 17:30:00,Dorm C,Room 104,13,Small,2,0.3225451041637939,0.6380667809320417,0.6886466553103933,1,0,1,1,1,0,0,0,0,0.1347,0.099111,0.322427,Normal
2024-01-11 18:00:00,Dorm B,Room 108,20,Medium,3,0.5941097148368185,0.3302580603718063,0.4054244924043589,1,1,1,1,0,0,1,1,1,1.7413,1.0,0.325707,Abnormal
2024-01-11 18:30:00,Dorm C,Room 106,15,Small,1,0.6104765239595245,0.6830875964491676,0.5450476080599195,1,0,0,1,0,1,1,0,1,0.8258,0.533513,0.181777,Abnormal
2024-01-11 19:00:00,Dorm A,Room 101,20,Medium,2,0.3600421404157468,0.2667956581001441,0.5461151935149543,1,0,1,0,1,1,0,0,1,0.0835,0.050781,0.310655,Normal
2024-01-11 19:30:00,Dorm C,Room 102,22,Medium,2,0.3247056447806318,0.807246918587103,0.4856141809106896,0,1,1,1,1,1,0,0,0,0.6816,0.435296,0.235373,Normal
2024-01-11 20:00:00,Dorm B,Room 106,24,Medium,2,0.426286938312354,0.4356415915746691,0.4634777498568185,1,0,1,0,1,1,0,0,0,0.0808,0.062664,0.256026,Normal
2024-01-11 20:30:00,Dorm A,Room 102,15,Small,3,0.4376136763770316,0.5174812976851231,0.3518637569142269,1,1,0,0,1,1,0,0,1,0.7075,0.484876,0.331014,Normal
2024-01-11 21:00:00,Dorm C,Room 107,21,Medium,2,0.6275042175693114,0.2180245131755301,0.1889173886162256,1,0,1,1,1,0,0,0,0,0.1281,0.098957,0.197145,Normal
2024-01-11 21:30:00,Dorm A,Room 108,15,Small,1,0.4439215257908522,0.4869495346617473,0.3292589444107014,1,0,1,1,1,1,0,1,1,0.3505,0.225079,0.200937,Normal
2024-01-11 22:00:00,Dorm A,Room 102,15,Small,3,0.4114701830211728,0.529659313381841,0.415822444671748,1,0,0,1,0,1,0,0,1,0.0869,0.047331,0.337425,Normal
2024-01-11 22:30:00,Dorm A,Room 101,20,Medium,2,0.4443113888210003,0.4834186250535954,0.5943041255206961,0,1,1,1,0,1,0,1,1,0.8393,0.550005,0.299827,Normal
2024-01-11 23:00:00,Dorm B,Room 106,24,Medium,2,0.6765165043141328,0.4133297568919319,0.4502747845811387,0,0,1,1,1,1,0,0,0,0.1254,0.072142,0.248865,Normal
2024-01-11 23:30:00,Dorm C,Room 108,20,Medium,1,0.5281442877988561,0.356972342119069,0.4003797964809764,0,0,1,1,0,1,0,0,0,0.0982,0.071901,0.207258,Normal
2024-01-12 00:00:00,Dorm B,Room 104,25,Medium,3,0.5023380005167037,0.6622253833940488,0.3557560154580474,0,0,1,1,0,1,0,1,0,0.2964,0.195405,0.171544,Normal
2024-01-12 00:30:00,Dorm B,Room 108,20,Medium,3,0.5116308866140536,0.5006086343486982,0.5414435897973441,1,0,0,1,0,1,0,0,1,0.0873,0.040065,0.351641,Normal
2024-01-12 01:00:00,Dorm C,Room 106,15,Small,1,0.6997908836065614,0.7225128968461356,0.6256082757592316,0,0,0,1,0,1,0,0,0,0.0652,0.020414,0.193123,Normal
2024-01-12 01:30:00,Dorm A,Room 106,32,Large,3,0.4258535196126117,0.4187083707963137,0.5902267300000328,1,1,0,1,0,0,0,0,0,0.6951,0.499995,0.340397,Normal
2024-01-12 02:00:00,Dorm C,Room 104,13,Small,2,0.7029376455787611,0.4321829540650783,0.5353664049387028,0,0,1,1,0,1,1,0,0,0.8515,0.552403,0.309291,Normal
2024-01-12 02:30:00,Dorm C,Room 108,20,Medium,1,0.554642859273377,0.6159423563833566,0.2856186344534563,0,0,0,1,0,1,0,0,0,0.0746,0.060664,0.202424,Normal
2024-01-12 03:00:00,Dorm C,Room 102,22,Medium,2,0.5048652441586001,0.2575658494345594,0.4204568509568414,0,0,0,1,1,1,0,0,0,0.0889,0.067856,0.244461,Normal
2024-01-12 03:30:00,Dorm A,Room 107,25,Medium,3,0.862019615090374,0.3177484093672654,0.6962638954989474,0,0,0,1,0,1,0,0,0,0.0719,0.065168,0.265836,Normal
2024-01-12 04:00:00,Dorm B,Room 106,24,Medium,2,0.384724942021773,0.6573695234791372,0.5972467112601298,1,1,0,1,1,1,0,0,1,0.7539,0.466198,0.242553,Normal
2024-01-12 04:30:00,Dorm B,Room 107,14,Small,3,0.4789285155330449,0.323851649066958,0.278193672307601,0,0,0,1,1,1,0,0,0,0.0858,0.051863,0.255918,Normal
2024-01-12 05:00:00,Dorm C,Room 102,22,Medium,2,0.3609991409607322,0.2287501607563705,0.455977834148393,0,0,0,1,0,0,0,0,0,0.0596,0.02332,0.236782,Normal
2024-01-12 05:30:00,Dorm B,Room 101,14,Small,4,0.6542161141455066,0.7706832713893073,0.5062076927217017,0,1,0,1,0,1,0,1,1,0.9283,0.688671,0.247705,Normal
2024-01-12 06:00:00,Dorm C,Room 107,21,Medium,2,0.7530863240163059,0.2912432195732401,0.3712113095167217,1,0,1,1,1,1,0,0,0,0.1406,0.116662,0.192876,Normal
2024-01-12 06:30:00,Dorm B,Room 103,12,Small,1,0.75050076842864,0.5231396797075913,0.1856131978007035,1,0,0,0,0,0,0,0,1,0.0238,0.014506,0.181653,Normal
2024-01-12 07:00:00,Dorm B,Room 107,14,Small,3,0.6906501752259805,0.5062340464073829,0.4745028556818511,0,0,0,1,0,1,0,1,0,0.2807,0.228016,0.246643,Normal
2024-01-12 07:30:00,Dorm C,Room 104,13,Small,2,0.4998727851518711,0.083026181033573,0.368140117778857,1,0,1,0,1,1,0,0,1,0.084,0.058388,0.322797,Normal
2024-01-12 08:00:00,Dorm B,Room 101,14,Small,4,0.4773777825229447,0.4567957730399676,0.3686099801179447,0,1,1,1,0,0,1,0,0,1.4181,0.996861,0.264037,Abnormal
2024-01-12 08:30:00,Dorm B,Room 104,25,Medium,3,0.3021195654320855,0.5619807783842985,0.4200962089240848,0,1,0,1,0,1,0,0,0,0.713,0.472725,0.172737,Normal
2024-01-12 09:00:00,Dorm B,Room 108,20,Medium,3,0.7996120805425847,0.5481511050665624,0.4466099773789352,0,0,1,0,0,1,0,0,0,0.0402,0.035687,0.340101,Normal
2024-01-12 09:30:00,Dorm A,Room 103,17,Medium,2,0.5893316232788023,0.6288641836853217,0.4615573380324607,1,0,1,1,1,1,0,0,1,0.1482,0.07515,0.103445,Normal
2024-01-12 10:00:00,Dorm B,Room 106,24,Medium,2,0.4603722554264247,0.4391347434569571,0.3565952664872276,0,1,1,1,0,1,0,0,0,0.7155,0.465581,0.250265,Normal
2024-01-12 10:30:00,Dorm A,Room 106,32,Large,3,0.7046216921585566,0.6007920939985787,0.436228592387983,1,0,1,1,0,1,0,0,0,0.1147,0.077746,0.346097,Normal
2024-01-12 11:00:00,Dorm C,Room 101,21,Medium,1,0.3958469266749642,0.394776125561166,0.2518099858353306,1,0,1,1,1,0,0,0,0,0.1276,0.073697,0.178361,Normal
2024-01-12 11:30:00,Dorm B,Room 101,14,Small,4,0.5809633193367496,0.2887963397085186,0.4999621621913627,1,0,1,1,0,1,0,1,1,0.3063,0.218104,0.290209,Normal
2024-01-12 12:00:00,Dorm A,Room 108,15,Small,1,0.5032266713435132,0.3053646714600973,0.1199813767038243,1,0,1,1,0,0,0,1,0,0.3182,0.211333,0.201865,Normal
2024-01-12 12:30:00,Dorm B,Room 103,12,Small,1,0.6121055716861629,0.2812067860485057,0.4279170469797899,1,0,1,1,1,1,0,0,1,0.1419,0.089063,0.173296,Normal
2024-01-12 13:00:00,Dorm C,Room 104,13,Small,2,0.5178621470562398,0.6444517281835487,0.5729211973174669,1,0,0,0,0,1,0,0,1,0.0337,0.004816,0.308881,Normal
2024-01-12 13:30:00,Dorm A,Room 107,25,Medium,3,0.331676459810671,0.2734967215006327,0.3355585393980631,1,0,1,1,0,1,0,1,0,0.3102,0.206932,0.254032,Normal
2024-01-12 14:00:00,Dorm C,Room 102,22,Medium,2,0.5365363393656161,0.5363544023238771,0.5485966897042858,0,1,1,1,0,1,0,0,0,0.6976,0.4512,0.227888,Normal
2024-01-12 14:30:00,Dorm B,Room 101,14,Small,4,0.6671534754604778,0.4570004657034468,0.6012995436061284,1,1,1,1,0,1,0,1,0,0.8695,0.632309,0.287723,Normal
2024-01-12 15:00:00,Dorm C,Room 102,22,Medium,2,0.5224729420361633,0.4809957439305218,0.0658002562980075,1,1,1,1,1,0,0,0,1,0.727,0.471927,0.236821,Normal
2024-01-12 15:30:00,Dorm A,Room 102,15,Small,3,0.6304158176270066,0.6964793377846339,0.4444880801097308,1,0,1,1,0,1,0,0,1,0.1253,0.091901,0.325821,Normal
2024-01-12 16:00:00,Dorm B,Room 104,25,Medium,3,0.3860817244929361,0.4316490897977712,0.1176422118264278,1,1,1,1,0,1,0,0,0,0.7653,0.490976,0.187022,Normal
2024-01-12 16:30:00,Dorm C,Room 103,22,Medium,2,0.522869591067786,0.5859632255899978,0.4484656002075173,1,0,1,1,1,1,0,0,0,0.1362,0.068212,0.156938,Normal
2024-01-12 17:00:00,Dorm B,Room 102,14,Small,2,0.4425833078441892,0.5016015400333247,0.4617866694923462,0,0,1,1,1,0,0,1,1,0.3385,0.216394,0.278241,Normal
2024-01-12 17:30:00,Dorm C,Room 101,21,Medium,1,0.6266401416246498,0.473740191311213,0.1648177080220282,0,0,1,1,0,1,0,0,0,0.1082,0.063984,0.174,Normal
2024-01-12 18:00:00,Dorm C,Room 108,20,Medium,1,0.5306200709576765,0.8340887526316507,0.6935686791652259,0,0,0,1,0,1,0,0,0,0.0742,0.031551,0.197536,Normal
2024-01-12 18:30:00,Dorm A,Room 107,25,Medium,3,0.6190030881345612,0.2842589928659908,0.4969601372289126,1,0,0,1,1,1,1,0,0,0.8065,0.526555,0.251416,Normal
2024-01-12 19:00:00,Dorm A,Room 103,17,Medium,2,0.6723667233419859,0.6855342905615458,0.3607901721793801,0,1,0,1,1,1,0,0,0,0.6692,0.448267,0.101424,Normal
2024-01-12 19:30:00,Dorm A,Room 107,25,Medium,3,0.6192104165950725,0.5925478493777874,0.6384476711203801,1,0,1,1,0,1,0,1,1,0.3311,0.221905,0.265897,Normal
2024-01-12 20:00:00,Dorm C,Room 102,22,Medium,2,0.5630468732117543,0.4256093087173118,0.2472283728034621,1,0,1,1,1,1,0,0,1,0.1504,0.103287,0.245863,Normal
2024-01-12 20:30:00,Dorm C,Room 108,20,Medium,1,0.3924317895975056,0.7355287358605374,0.3151840963804816,1,0,1,1,0,1,0,1,0,0.3214,0.199543,0.192003,Normal
2024-01-12 21:00:00,Dorm B,Room 105,19,Medium,3,0.5260199397204119,0.2244795836980782,0.1867827191264417,1,0,1,1,1,1,0,0,1,0.1466,0.110581,0.446119,Normal
2024-01-12 21:30:00,Dorm A,Room 107,25,Medium,3,0.4548520590725662,0.4194013981632699,0.6787172886271919,0,0,0,0,0,1,0,0,1,0.0145,0.0,0.263697,Normal
2024-01-12 22:00:00,Dorm C,Room 105,11,Small,1,0.4802197804330771,0.3184804489753229,0.5025183867040901,1,0,0,1,1,1,0,0,1,0.1126,0.069625,0.299462,Normal
2024-01-12 22:30:00,Dorm A,Room 103,17,Medium,2,0.476130620362982,0.556641688039577,0.541755025695271,0,0,1,1,0,1,0,0,1,0.1133,0.104466,0.124546,Normal
2024-01-12 23:00:00,Dorm A,Room 105,18,Medium,1,0.3948858985804282,0.3325032646451117,0.4987579296768932,1,0,0,1,0,1,0,0,0,0.087,0.056548,0.147603,Normal
2024-01-12 23:30:00,Dorm C,Room 101,21,Medium,1,0.2637151464597997,0.5597250173075237,0.5314815635208946,0,0,1,1,0,1,0,0,1,0.1102,0.088149,0.169599,Normal
2024-01-13 00:00:00,Dorm C,Room 107,21,Medium,2,0.4367277278712196,0.4686821322469162,0.4720139309956156,0,1,0,1,1,1,0,0,1,0.6538,0.430914,0.1897,Normal
2024-01-13 00:30:00,Dorm C,Room 106,15,Small,1,0.5523457446845512,0.4256344468226368,0.4951492634814208,1,0,1,1,0,1,0,0,1,0.1233,0.063339,0.187726,Normal
2024-01-13 01:00:00,Dorm B,Room 101,14,Small,4,0.345465825730159,0.5531974592596134,0.4755561138881896,1,0,1,0,0,1,0,1,0,0.2555,0.21369,0.299209,Normal
2024-01-13 01:30:00,Dorm B,Room 102,14,Small,2,0.5284984282907651,0.4566040465694858,0.3896346077138002,0,0,0,1,0,1,0,0,1,0.0733,0.068522,0.275148,Normal
2024-01-13 02:00:00,Dorm A,Room 105,18,Medium,1,0.781413607509028,0.3360934322612773,0.4570534506633874,0,0,0,1,1,0,0,0,0,0.0749,0.028731,0.144351,Normal
2024-01-13 02:30:00,Dorm B,Room 103,12,Small,1,0.6636900464923066,0.907775964506577,0.4954699693199524,0,0,1,1,0,1,0,0,0,0.1094,0.066754,0.169284,Normal
2024-01-13 03:00:00,Dorm A,Room 107,25,Medium,3,0.7469603497145503,0.4244861989954803,0.4759095057198954,1,0,0,1,1,1,0,0,0,0.1033,0.099348,0.25114,Normal
2024-01-13 03:30:00,Dorm A,Room 101,20,Medium,2,0.5788839729035063,0.1701773522789815,0.2853595771873772,1,0,0,1,1,1,0,0,0,0.1081,0.080485,0.309834,Normal
2024-01-13 04:00:00,Dorm A,Room 102,15,Small,3,0.6830759596086214,0.372324827798719,0.3012897653031313,0,0,0,1,0,1,0,1,1,0.2866,0.172137,0.316824,Normal
2024-01-13 04:30:00,Dorm B,Room 103,12,Small,1,0.4292363481541186,0.3098399060766842,0.592554821434232,1,0,0,1,0,1,0,0,0,0.0872,0.042856,0.164624,Normal
2024-01-13 05:00:00,Dorm C,Room 103,22,Medium,2,0.4399221080161505,0.617493004866702,0.4258171069247481,1,0,0,1,0,1,0,0,0,0.0923,0.047515,0.152009,Normal
2024-01-13 05:30:00,Dorm C,Room 105,11,Small,1,0.1587958292359702,0.5433518146051635,0.532796138414557,1,0,0,1,1,1,0,0,1,0.1128,0.088603,0.281782,Normal
2024-01-13 06:00:00,Dorm A,Room 106,32,Large,3,0.6855769006942842,0.5546767113976874,0.3316260360811288,1,1,1,0,1,1,0,1,1,0.8571,0.605445,0.336844,Normal
2024-01-13 06:30:00,Dorm B,Room 103,12,Small,1,0.7331083539342627,0.4417019968662639,0.2859145833105836,0,0,0,1,0,1,1,1,1,1.0055,0.636965,0.15933,Abnormal
2024-01-13 07:00:00,Dorm B,Room 104,25,Medium,3,0.4521563651245361,0.4550273488619528,0.3614412244096818,1,0,1,1,1,1,0,0,0,0.1443,0.085756,0.200838,Normal
2024-01-13 07:30:00,Dorm C,Room 103,22,Medium,2,0.4923130219537969,0.4415684618288473,0.43594599955496,0,0,1,1,0,1,0,1,0,0.3113,0.211815,0.146509,Normal
2024-01-13 08:00:00,Dorm A,Room 108,15,Small,1,0.4252240604249406,0.4841488664489169,0.382850519425614,1,0,1,1,1,1,0,0,1,0.1433,0.085774,0.202216,Normal
2024-01-13 08:30:00,Dorm A,Room 106,32,Large,3,0.5777467017322039,0.6188432632834058,0.6178794105773513,0,0,1,1,1,1,0,1,0,0.3033,0.211113,0.345797,Normal
2024-01-13 09:00:00,Dorm A,Room 105,18,Medium,1,0.6773620050623349,0.545471408256978,0.4841842962483772,1,0,1,0,0,1,0,0,1,0.0612,0.047855,0.140364,Normal
2024-01-13 09:30:00,Dorm A,Room 101,20,Medium,2,0.2925104089429512,0.5695786414639183,0.6844630332452701,0,0,0,1,1,0,0,0,0,0.0797,0.052827,0.301013,Normal
2024-01-13 10:00:00,Dorm B,Room 106,24,Medium,2,0.581341298705017,0.5694972361850508,0.5111635947943572,1,1,1,1,0,1,0,0,0,0.7,0.439024,0.257442,Normal
2024-01-13 10:30:00,Dorm A,Room 106,32,Large,3,0.4892639444269528,0.6260604103526495,0.1732147456798836,1,0,1,1,0,1,0,0,0,0.1117,0.088632,0.341452,Normal
2024-01-13 11:00:00,Dorm A,Room 103,17,Medium,2,0.541611592060245,0.5384282097312969,0.589339662485914,1,0,1,1,1,0,0,0,0,0.1391,0.106317,0.123291,Normal
2024-01-13 11:30:00,Dorm A,Room 101,20,Medium,2,0.5879917405464077,0.5488181192647483,0.2815470081969554,1,0,1,1,0,0,0,0,1,0.1119,0.105104,0.291821,Normal
2024-01-13 12:00:00,Dorm C,Room 108,20,Medium,1,0.5011367032011711,0.6707902611833665,0.4903039786945187,1,0,1,1,0,1,0,1,1,0.3162,0.186067,0.192246,Normal
2024-01-13 12:30:00,Dorm A,Room 108,15,Small,1,0.5124922814580077,0.3983448208759193,0.3697086215704832,0,0,1,1,0,1,0,0,0,0.0963,0.078852,0.198057,Normal
2024-01-13 13:00:00,Dorm B,Room 103,12,Small,1,0.4976913724209856,0.3703196972046684,0.7197067307371056,0,0,1,1,1,0,0,0,0,0.1183,0.092261,0.179231,Normal
2024-01-13 13:30:00,Dorm C,Room 105,11,Small,1,0.6566121871540377,0.3217959959863062,0.6353546802876469,1,0,1,1,0,1,1,1,0,1.0457,0.676335,0.267984,Abnormal
2024-01-13 14:00:00,Dorm A,Room 108,15,Small,1,0.5825922529060207,0.5229626150366753,0.3736512255319838,1,0,1,1,0,1,0,0,0,0.1185,0.076462,0.193947,Normal
2024-01-13 14:30:00,Dorm C,Room 105,11,Small,1,0.5559965865952644,0.2236533455554539,0.4473679735605325,0,1,1,1,1,1,0,0,0,0.6724,0.405019,0.295207,Normal
2024-01-13 15:00:00,Dorm C,Room 103,22,Medium,2,0.3558296163970217,0.5640001578576124,0.4919912764736567,1,1,1,1,1,1,0,0,1,0.7417,0.467216,0.149775,Normal
2024-01-13 15:30:00,Dorm A,Room 106,32,Large,3,0.4755876938842666,0.4800339493719848,0.5662302546551836,1,0,1,1,1,1,0,0,1,0.1441,0.080828,0.333552,Normal
2024-01-13 16:00:00,Dorm B,Room 103,12,Small,1,0.6469970130402262,0.6628298490540347,0.4661443324330114,0,0,1,1,1,0,1,0,0,0.8452,0.510394,0.175752,Normal
2024-01-13 16:30:00,Dorm C,Room 104,13,Small,2,0.5314527956397961,0.3973349887080655,0.3396909795547532,1,0,1,1,1,0,0,1,0,0.3114,0.214244,0.293677,Normal
2024-01-13 17:00:00,Dorm A,Room 107,25,Medium,3,0.6149042638180596,0.4662011423942645,0.3765619231687577,1,1,0,1,0,1,0,0,1,0.6671,0.448156,0.24424,Normal
2024-01-13 17:30:00,Dorm A,Room 101,20,Medium,2,0.7634632050574643,0.6610021783103606,0.4621093169215177,1,0,1,1,1,0,0,0,0,0.1251,0.054456,0.285152,Normal
2024-01-13 18:00:00,Dorm C,Room 108,20,Medium,1,0.6657768218992692,0.6993492593789086,0.6107440458421147,1,0,1,1,1,0,0,0,1,0.1314,0.084949,0.192053,Normal
2024-01-13 18:30:00,Dorm C,Room 104,13,Small,2,0.5388958737107101,0.3961247502041767,0.5139744423833846,1,0,1,1,1,0,0,0,0,0.1321,0.098377,0.289895,Normal
2024-01-13 19:00:00,Dorm C,Room 102,22,Medium,2,0.4578180879243083,0.5227960586741334,0.3698608784480564,0,0,1,1,1,0,1,0,1,0.8099,0.531912,0.240583,Normal
2024-01-13 19:30:00,Dorm A,Room 101,20,Medium,2,0.1837024547396956,0.5393495038374545,0.5404318818382946,1,0,1,1,0,0,0,0,1,0.1197,0.059462,0.277197,Normal
2024-01-13 20:00:00,Dorm B,Room 107,14,Small,3,0.5037962529309787,0.5509939375641388,0.416220660295203,1,0,1,1,0,1,0,1,1,0.3376,0.220613,0.245833,Normal
2024-01-13 20:30:00,Dorm C,Room 105,11,Small,1,0.4826423220472216,0.4574925723807126,0.5694687004019708,0,0,1,1,0,1,1,0,1,0.8296,0.517629,0.30207,Normal
2024-01-13 21:00:00,Dorm A,Room 104,32,Large,3,0.5787817536064085,0.6843955663082748,0.7658108933407155,1,0,1,0,1,1,0,0,1,0.0854,0.0723,0.316216,Normal
2024-01-13 21:30:00,Dorm C,Room 107,21,Medium,2,0.5057394565931804,0.2183669472166658,0.419598814512551,1,0,0,1,1,1,0,0,1,0.1042,0.074233,0.199349,Normal
2024-01-13 22:00:00,Dorm B,Room 106,24,Medium,2,0.4833975350959985,0.4341911074194369,0.5588150772147498,1,0,1,1,0,0,0,0,1,0.1162,0.088344,0.2633,Normal
2024-01-13 22:30:00,Dorm A,Room 108,15,Small,1,0.2875949992052039,0.5619098668632183,0.3732226120522388,1,0,0,1,1,0,0,0,1,0.0969,0.055624,0.190031,Normal
2024-01-13 23:00:00,Dorm B,Room 105,19,Medium,3,0.400248306764745,0.5632757414184815,0.4491787796456039,0,0,0,1,1,1,0,1,1,0.3028,0.208976,0.431531,Normal
2024-01-13 23:30:00,Dorm A,Room 108,15,Small,1,0.5903613499831634,0.6948850573525331,0.4661935648170374,0,0,1,1,1,1,0,0,0,0.1156,0.075616,0.185695,Normal
2024-01-14 00:00:00,Dorm A,Room 105,18,Medium,1,0.7566720258565796,0.6721745166664412,0.4394108847780146,1,1,0,1,1,1,0,0,0,0.7019,0.432809,0.137281,Normal
2024-01-14 00:30:00,Dorm C,Room 106,15,Small,1,0.5133057426280603,0.454117452803011,0.7581332447434997,0,0,1,1,0,1,0,0,1,0.1031,0.037374,0.183956,Normal
2024-01-14 01:00:00,Dorm C,Room 103,22,Medium,2,0.5703867331527852,0.6871125732482575,0.4258652111955635,1,0,0,1,0,1,0,0,1,0.0893,0.045644,0.164891,Normal
2024-01-14 01:30:00,Dorm C,Room 105,11,Small,1,0.6542182863945079,0.3911443063903926,0.5330512163413892,1,0,1,1,0,1,0,1,1,0.3389,0.202901,0.31475,Normal
2024-01-14 02:00:00,Dorm A,Room 108,15,Small,1,0.4175702774861948,0.6328860428819425,0.2310956512197029,1,0,1,1,0,1,0,0,1,0.1199,0.093222,0.182255,Normal
2024-01-14 02:30:00,Dorm A,Room 102,15,Small,3,0.5756210085275253,0.7621587951614277,0.5144733594249131,0,0,1,1,0,1,0,1,0,0.316,0.215305,0.311465,Normal
2024-01-14 03:00:00,Dorm B,Room 103,12,Small,1,0.4270186101565911,0.6746315288290112,0.5996585879231295,1,0,0,1,0,1,0,0,0,0.0914,0.043291,0.188623,Normal
2024-01-14 03:30:00,Dorm C,Room 103,22,Medium,2,0.6424549846909502,0.5116253678839358,0.399351464020317,1,0,1,1,0,1,0,0,0,0.1223,0.078017,0.159471,Normal
2024-01-14 04:00:00,Dorm A,Room 107,25,Medium,3,0.5467124285740282,0.4473223587796285,0.1614971766388397,0,0,0,1,0,1,0,1,0,0.2498,0.173967,0.253106,Normal
2024-01-14 04:30:00,Dorm A,Room 108,15,Small,1,0.5664466626749727,0.2714366423367718,0.4580099661752879,0,0,0,1,0,1,0,0,0,0.0632,0.03281,0.179557,Normal
2024-01-14 05:00:00,Dorm A,Room 103,17,Medium,2,0.421367567695145,0.5417186249956141,0.4647085313443926,1,0,0,1,0,1,0,0,0,0.0867,0.046896,0.122293,Normal
2024-01-14 05:30:00,Dorm C,Room 105,11,Small,1,0.6212789768401398,0.3321868372688918,0.5495138373448313,1,0,0,1,0,1,0,0,1,0.0968,0.054797,0.308537,Normal
2024-01-14 06:00:00,Dorm B,Room 105,19,Medium,3,0.8061664223685274,0.3795206689481307,0.7038938055130664,1,0,1,1,0,1,0,0,1,0.129,0.094558,0.422258,Normal
2024-01-14 06:30:00,Dorm B,Room 107,14,Small,3,0.3911301060544773,0.3210870226688539,0.4170521907238624,1,1,0,1,0,1,0,0,0,0.6382,0.424557,0.244782,Normal
2024-01-14 07:00:00,Dorm A,Room 104,32,Large,3,0.4807975130776371,0.4284210790573626,0.3599186315632582,1,1,0,1,0,1,1,1,1,1.6495,0.992904,0.301868,Abnormal
2024-01-14 07:30:00,Dorm C,Room 105,11,Small,1,0.5574760205824495,0.4919707271538131,0.3226525786576022,0,0,0,0,0,1,0,0,0,0.0107,0.0,0.295182,Normal
2024-01-14 08:00:00,Dorm B,Room 105,19,Medium,3,0.6319311042040889,0.5362920523887758,0.4864103661267636,1,1,0,0,0,0,0,0,0,0.6501,0.454967,0.40915,Normal
2024-01-14 08:30:00,Dorm A,Room 104,32,Large,3,0.4513016274166914,0.407829629669815,0.5201548332528239,0,0,1,1,1,0,1,1,1,1.072,0.717867,0.340258,Abnormal
2024-01-14 09:00:00,Dorm B,Room 104,25,Medium,3,0.1461955949902577,0.6532250149698744,0.3971850505658886,1,0,1,1,0,1,0,0,0,0.122,0.087299,0.195834,Normal
2024-01-14 09:30:00,Dorm A,Room 108,15,Small,1,0.7087997491074479,0.4654829441346733,0.5560650891931116,1,1,1,1,1,0,0,0,1,0.7618,0.508011,0.175241,Normal
2024-01-14 10:00:00,Dorm A,Room 102,15,Small,3,0.6284552607768493,0.3803160600331238,0.5184788390422108,1,0,1,1,0,0,0,0,1,0.1121,0.060754,0.308031,Normal
2024-01-14 10:30:00,Dorm A,Room 105,18,Medium,1,0.2924868489006136,0.5293374802083763,0.467833474727362,1,0,1,1,0,0,0,0,1,0.1182,0.067217,0.146814,Normal
2024-01-14 11:00:00,Dorm C,Room 103,22,Medium,2,0.4448569124369136,0.7846484107842389,0.3543848518550526,1,0,1,0,0,1,0,1,1,0.2558,0.140683,0.155929,Normal
2024-01-14 11:30:00,Dorm C,Room 106,15,Small,1,0.7368470127687404,0.5453369608513767,0.4048380273770152,1,0,1,1,0,1,0,0,1,0.1228,0.074746,0.179645,Normal
2024-01-14 12:00:00,Dorm C,Room 102,22,Medium,2,0.7206909729115707,0.4427552483087546,0.1711507347399872,0,0,1,0,1,1,0,1,0,0.2823,0.217121,0.250987,Normal
2024-01-14 12:30:00,Dorm B,Room 106,24,Medium,2,0.6523611815125431,0.2716027003676644,0.490934225525675,0,0,0,1,0,0,0,1,0,0.2688,0.187012,0.257832,Normal
2024-01-14 13:00:00,Dorm A,Room 104,32,Large,3,0.502759205665505,0.4638359340462117,0.4658071436372993,1,0,0,1,1,1,0,0,1,0.1126,0.066533,0.360133,Normal
2024-01-14 13:30:00,Dorm C,Room 101,21,Medium,1,0.5375309163583866,0.5306066213754617,0.4852587048596585,1,0,1,1,1,1,0,0,1,0.1425,0.095414,0.166467,Normal
2024-01-14 14:00:00,Dorm A,Room 105,18,Medium,1,0.5088233402768575,0.4391215791557841,0.5231498398875103,1,0,0,1,0,0,0,0,0,0.0806,0.032919,0.144326,Normal
2024-01-14 14:30:00,Dorm B,Room 103,12,Small,1,0.6778058429128846,0.2513332473047252,0.5089337636182579,0,1,1,1,0,1,0,0,1,0.7065,0.430471,0.183241,Normal
2024-01-14 15:00:00,Dorm B,Room 108,20,Medium,3,0.408854064818092,0.3710805464040956,0.4494043924660074,1,0,1,1,1,1,0,0,1,0.14,0.103776,0.329229,Normal
2024-01-14 15:30:00,Dorm B,Room 101,14,Small,4,0.4182539400750164,0.7098427450825995,0.4684856707419325,1,0,1,1,0,0,0,0,0,0.1096,0.072312,0.29645,Normal
2024-01-14 16:00:00,Dorm B,Room 107,14,Small,3,0.6619746811491818,0.7068245235214794,0.2941720116248315,1,1,1,1,1,1,0,1,0,0.9037,0.624839,0.251973,Normal
2024-01-14 16:30:00,Dorm C,Room 102,22,Medium,2,0.520440446534959,0.3657790789998672,0.3926183855895556,1,0,1,1,0,1,0,0,1,0.1272,0.082031,0.249819,Normal
2024-01-14 17:00:00,Dorm A,Room 108,15,Small,1,0.7113868760717181,0.5949507073029237,0.4687019768140028,1,0,1,1,1,1,0,0,0,0.1379,0.083891,0.184749,Normal
2024-01-14 17:30:00,Dorm C,Room 103,22,Medium,2,0.4362755801424604,0.3228759909414372,0.3743670907739585,0,0,1,1,1,1,0,0,0,0.123,0.098673,0.155294,Normal
2024-01-14 18:00:00,Dorm B,Room 108,20,Medium,3,0.519042477384868,0.7024620035419247,0.5658387614618401,0,1,1,1,1,1,0,0,1,0.7913,0.517439,0.321455,Normal
2024-01-14 18:30:00,Dorm C,Room 106,15,Small,1,0.4026042014553028,0.5321214628176716,0.3836313064076287,1,0,1,1,0,1,0,0,1,0.1297,0.067023,0.176648,Normal
2024-01-14 19:00:00,Dorm C,Room 102,22,Medium,2,0.5273819276130179,0.6356421814003728,0.4885970235079435,1,1,1,1,1,1,0,1,0,0.901,0.590256,0.244226,Normal
2024-01-14 19:30:00,Dorm A,Room 106,32,Large,3,0.327969929440467,0.2440279662295806,0.476631306024398,1,0,1,1,0,1,0,1,1,0.3226,0.196518,0.325893,Normal
2024-01-14 20:00:00,Dorm C,Room 104,13,Small,2,0.4609524754854192,0.5956679271133722,0.5521774628656927,1,0,1,1,0,0,0,0,1,0.1132,0.061619,0.28119,Normal
2024-01-14 20:30:00,Dorm B,Room 103,12,Small,1,0.3336457430336415,0.494953368330536,0.5707143628326354,1,1,1,0,0,1,0,0,1,0.6551,0.408332,0.19207,Normal
2024-01-14 21:00:00,Dorm A,Room 108,15,Small,1,0.6195197062484399,0.6212821876487558,0.5459096641751253,1,0,1,0,0,1,0,0,1,0.0666,0.029203,0.181947,Normal
2024-01-14 21:30:00,Dorm C,Room 108,20,Medium,1,0.6225615424042583,0.6305317759659721,0.2099907162889189,0,0,0,1,0,0,0,0,0,0.063,0.051871,0.188807,Normal
2024-01-14 22:00:00,Dorm A,Room 106,32,Large,3,0.2941891740511617,0.5057489985266275,0.6059082200111079,0,1,0,1,0,1,0,0,1,0.6292,0.395258,0.322088,Normal
2024-01-14 22:30:00,Dorm A,Room 108,15,Small,1,0.7054039361860723,0.4077821604690411,0.6458772310744217,1,0,1,1,1,1,1,0,1,0.956,0.638534,0.177819,Abnormal
2024-01-14 23:00:00,Dorm B,Room 108,20,Medium,3,0.8615518713666314,0.6106667127066063,0.4048068390742896,0,0,1,1,1,1,0,0,0,0.1192,0.095314,0.327988,Normal
2024-01-14 23:30:00,Dorm B,Room 107,14,Small,3,0.532567988997689,0.4872407493136932,0.4910373810225659,1,0,1,1,0,1,0,0,1,0.1213,0.093378,0.266314,Normal
2024-01-15 00:00:00,Dorm B,Room 106,24,Medium,2,0.4403550444838872,0.3678151193990428,0.3557744621700934,1,1,1,1,0,1,0,0,1,0.6747,0.428333,0.255686,Normal
2024-01-15 00:30:00,Dorm A,Room 101,20,Medium,2,0.9054245707675932,0.3608539392273668,0.2289012146403422,1,0,1,1,0,1,0,0,0,0.1219,0.083731,0.269939,Normal
2024-01-15 01:00:00,Dorm C,Room 104,13,Small,2,0.3493856702978881,0.2789944289063583,0.3740237756150918,0,0,1,0,0,0,0,1,0,0.2364,0.190633,0.271643,Normal
2024-01-15 01:30:00,Dorm C,Room 105,11,Small,1,0.5290921687262519,0.4210878579049082,0.3978468442973385,1,0,0,1,0,1,0,1,1,0.2714,0.152003,0.280423,Normal
2024-01-15 02:00:00,Dorm C,Room 106,15,Small,1,0.5504995041206094,0.6581347645249767,0.420075769568652,0,0,1,1,0,1,0,0,0,0.1029,0.055568,0.173603,Normal
2024-01-15 02:30:00,Dorm B,Room 104,25,Medium,3,0.7069153019915515,0.5222153490064467,0.3476066569975524,1,0,0,1,0,1,0,0,0,0.0837,0.053568,0.191312,Normal
2024-01-15 03:00:00,Dorm A,Room 102,15,Small,3,0.574671520442091,0.4182255496985121,0.374658425531417,1,1,0,1,1,0,0,1,0,0.8907,0.614352,0.299504,Normal
2024-01-15 03:30:00,Dorm C,Room 103,22,Medium,2,0.4594761900908055,0.6143642356010854,0.4613265736079921,1,0,0,1,0,1,0,1,0,0.2746,0.187491,0.153029,Normal
2024-01-15 04:00:00,Dorm C,Room 108,20,Medium,1,0.3987430248329897,0.3737389041798258,0.3702433340852261,0,1,1,1,1,1,0,0,0,0.6859,0.425328,0.18478,Normal
2024-01-15 04:30:00,Dorm B,Room 105,19,Medium,3,0.4805206795629705,0.5100940099368607,0.5278532778453026,1,0,0,1,1,1,0,0,0,0.1081,0.05713,0.410912,Normal
2024-01-15 05:00:00,Dorm A,Room 101,20,Medium,2,0.3912622056813347,0.4696823605546878,0.5444254077341499,1,0,0,0,0,1,0,0,0,0.0272,0.028934,0.263932,Normal
2024-01-15 05:30:00,Dorm A,Room 102,15,Small,3,0.5328120933962439,0.6105835974950033,0.7482206608223748,1,1,1,1,1,1,0,0,0,0.7047,0.49268,0.309999,Normal
2024-01-15 06:00:00,Dorm A,Room 104,32,Large,3,0.4506776024045357,0.2642888505588054,0.5976941299264102,0,0,1,0,0,1,0,1,0,0.2444,0.166081,0.345453,Normal
2024-01-15 06:30:00,Dorm A,Room 106,32,Large,3,0.3258910260077925,0.3711345759803855,0.4918119208776746,0,0,1,1,0,1,0,1,0,0.3053,0.19309,0.324179,Normal
2024-01-15 07:00:00,Dorm A,Room 108,15,Small,1,0.6948368788147622,0.2553216403847101,0.388234266078645,1,0,0,1,0,1,0,1,0,0.2803,0.182226,0.189943,Normal
2024-01-15 07:30:00,Dorm C,Room 101,21,Medium,1,0.4596052081554317,0.457930362382758,0.4978876858499482,0,0,1,1,1,0,0,0,1,0.1211,0.070221,0.163835,Normal
2024-01-15 08:00:00,Dorm A,Room 105,18,Medium,1,0.3562073836855658,0.6741147225084001,0.5018285133383478,1,1,1,1,0,1,1,1,0,1.5819,0.957249,0.14095,Abnormal
2024-01-15 08:30:00,Dorm A,Room 102,15,Small,3,0.5038131339264215,0.4217997334767461,0.4010651372060412,0,1,1,1,0,1,1,0,0,1.3868,0.94351,0.315892,Abnormal
2024-01-15 09:00:00,Dorm B,Room 107,14,Small,3,0.5355694401120168,0.4210301344521681,0.5566707727764187,1,1,1,1,0,0,0,0,0,0.7103,0.472134,0.259909,Normal
2024-01-15 09:30:00,Dorm B,Room 108,20,Medium,3,0.2920145659860759,0.624191348308911,0.2949180295203554,1,0,1,1,0,1,0,0,1,0.1281,0.085124,0.320482,Normal
2024-01-15 10:00:00,Dorm A,Room 105,18,Medium,1,0.5709016115658616,0.6531171232710999,0.4333264961483585,1,0,0,1,0,1,0,0,0,0.0908,0.072728,0.164959,Normal
2024-01-15 10:30:00,Dorm C,Room 104,13,Small,2,0.3858632325446853,0.483064599503021,0.529332995507971,1,0,1,1,0,1,0,0,1,0.1283,0.092112,0.268268,Normal
2024-01-15 11:00:00,Dorm C,Room 103,22,Medium,2,0.7560172783402423,0.5967080862676597,0.4281457005798906,1,0,0,1,0,1,0,0,0,0.0908,0.058148,0.154354,Normal
2024-01-15 11:30:00,Dorm B,Room 103,12,Small,1,0.5967103742324887,0.3378099904317149,0.4378427956691866,0,0,1,1,0,1,0,0,0,0.0995,0.058675,0.199528,Normal
2024-01-15 12:00:00,Dorm B,Room 105,19,Medium,3,0.4727264747479306,0.6985907435793866,0.4461169096005011,0,0,1,1,1,0,0,1,0,0.2975,0.227843,0.397809,Normal
2024-01-15 12:30:00,Dorm B,Room 104,25,Medium,3,0.426390858434345,0.8118588956069082,0.3624004242914611,1,0,1,1,0,1,0,0,0,0.1213,0.068587,0.185802,Normal
2024-01-15 13:00:00,Dorm C,Room 101,21,Medium,1,0.512306968109614,0.5726799705680896,0.6034791738086823,1,0,1,1,0,0,0,0,0,0.1092,0.07731,0.160492,Normal
2024-01-15 13:30:00,Dorm A,Room 104,32,Large,3,0.6086315660360896,0.1897640468102631,0.340513636948988,1,0,0,0,1,0,0,0,1,0.0389,0.045153,0.336911,Normal
2024-01-15 14:00:00,Dorm B,Room 106,24,Medium,2,0.5229724789788671,0.4140426413190225,0.5008163756841213,1,0,1,1,0,0,0,0,0,0.1035,0.050903,0.260764,Normal
2024-01-15 14:30:00,Dorm B,Room 105,19,Medium,3,0.4972507015199763,0.5861430715733853,0.5122720812697558,0,0,1,1,0,0,0,0,0,0.0974,0.063699,0.391739,Normal
2024-01-15 15:00:00,Dorm A,Room 103,17,Medium,2,0.5342272492834755,0.4341392648291551,0.3488414046077966,1,1,1,1,0,0,0,0,0,0.733,0.494567,0.118104,Normal
2024-01-15 15:30:00,Dorm C,Room 107,21,Medium,2,0.4453547830305013,0.6830457451691578,0.4714172680921064,0,0,1,1,0,1,0,0,0,0.1004,0.053765,0.194536,Normal
2024-01-15 16:00:00,Dorm B,Room 107,14,Small,3,0.4803349297308473,0.5825178096121446,0.3535189785422405,1,0,1,1,0,0,0,0,1,0.1187,0.082735,0.267489,Normal
2024-01-15 16:30:00,Dorm B,Room 101,14,Small,4,0.246476386754488,0.3922562550420467,0.6295295122922142,1,0,1,1,0,1,0,0,0,0.1155,0.05826,0.289446,Normal
2024-01-15 17:00:00,Dorm A,Room 101,20,Medium,2,0.6570698197725127,0.500822856996342,0.3260279011727323,1,0,1,0,1,1,0,0,0,0.0739,0.042994,0.256589,Normal
2024-01-15 17:30:00,Dorm C,Room 102,22,Medium,2,0.5664930920394298,0.3647218282903422,0.3841993598757633,1,0,1,1,0,1,0,0,0,0.1185,0.098581,0.255389,Normal
2024-01-15 18:00:00,Dorm A,Room 101,20,Medium,2,0.4225945432115086,0.4692481610966714,0.3157774680014593,0,0,1,1,1,1,0,0,0,0.1187,0.057586,0.250116,Normal
2024-01-15 18:30:00,Dorm B,Room 102,14,Small,2,0.781207816443344,0.4145771445941678,0.2997647074299893,0,0,0,1,1,1,0,1,1,0.301,0.178501,0.265309,Normal
2024-01-15 19:00:00,Dorm B,Room 102,14,Small,2,0.5380716243600323,0.6687262649351917,0.6535441228723248,1,0,0,1,1,0,1,0,1,0.8623,0.561954,0.261363,Normal
2024-01-15 19:30:00,Dorm B,Room 108,20,Medium,3,0.3873413326024463,0.8070540918475095,0.5277633417559667,1,1,1,0,0,1,0,0,0,0.7072,0.481185,0.313127,Normal
2024-01-15 20:00:00,Dorm B,Room 108,20,Medium,3,0.6413696910746157,0.2857511565856866,0.479477911980161,1,1,1,1,0,1,0,1,1,0.9517,0.652394,0.31822,Normal
2024-01-15 20:30:00,Dorm C,Room 107,21,Medium,2,0.5798126961083907,0.2134418456049823,0.3838778576131525,1,1,0,1,1,1,1,0,1,1.4547,0.949835,0.189323,Abnormal
2024-01-15 21:00:00,Dorm A,Room 108,15,Small,1,0.579347252672092,0.4600501833909533,0.5715326304941587,1,1,1,1,1,1,1,1,0,1.668,1.0,0.189745,Abnormal
2024-01-15 21:30:00,Dorm A,Room 102,15,Small,3,0.46925660033839,0.2729320663966785,0.3637655321431303,0,0,1,1,1,1,0,1,1,0.3301,0.24183,0.335505,Normal
2024-01-15 22:00:00,Dorm B,Room 108,20,Medium,3,0.5868512549103315,0.5028725027103094,0.5578594172034977,1,1,0,1,1,1,0,0,1,0.6726,0.470553,0.328049,Normal
2024-01-15 22:30:00,Dorm A,Room 102,15,Small,3,0.4912653630249382,0.6061461578552654,0.3579723498028903,1,0,1,0,0,1,0,0,1,0.0629,0.056933,0.332667,Normal
2024-01-15 23:00:00,Dorm C,Room 108,20,Medium,1,0.601002279328091,0.7156629371666654,0.3853257995478507,0,0,0,1,1,1,0,0,1,0.0931,0.057914,0.191653,Normal
2024-01-15 23:30:00,Dorm C,Room 105,11,Small,1,0.270746542614677,0.5256784682807258,0.5536176704981466,0,0,1,1,0,1,0,0,0,0.1034,0.052491,0.274308,Normal
2024-01-16 00:00:00,Dorm A,Room 103,17,Medium,2,0.4681671677578896,0.4676947240143332,0.5662798347161481,1,0,0,0,0,1,0,0,1,0.0327,0.0,0.137918,Normal
2024-01-16 00:30:00,Dorm A,Room 105,18,Medium,1,0.7575104481925227,0.2053341646791133,0.5343254586323647,1,0,0,0,0,1,0,0,0,0.0268,0.0,0.162324,Normal
2024-01-16 01:00:00,Dorm C,Room 102,22,Medium,2,0.4234518775517948,0.499929379018957,0.3367182320850647,1,0,0,1,0,1,0,0,1,0.0972,0.060522,0.250488,Normal
2024-01-16 01:30:00,Dorm C,Room 103,22,Medium,2,0.4453575521195654,0.5065576662468858,0.4090534457859869,1,0,0,1,0,1,0,0,1,0.0902,0.077576,0.150791,Normal
2024-01-16 02:00:00,Dorm B,Room 103,12,Small,1,0.4662765471152841,0.5899834026141144,0.481470041548791,1,0,1,1,1,1,0,0,1,0.1473,0.076492,0.194832,Normal
2024-01-16 02:30:00,Dorm A,Room 103,17,Medium,2,0.3633644645433793,0.3919604796219848,0.3607592764830389,0,0,0,1,0,1,0,0,0,0.0728,0.09246,0.131022,Normal
2024-01-16 03:00:00,Dorm B,Room 106,24,Medium,2,0.2300382105722813,0.432145051609548,0.6271205611440148,1,1,0,1,0,1,0,0,0,0.6738,0.41812,0.254768,Normal
2024-01-16 03:30:00,Dorm A,Room 108,15,Small,1,0.4954486923022686,0.278871298584506,0.1744868859700686,0,0,0,1,0,1,0,0,1,0.0781,0.033193,0.210001,Normal
2024-01-16 04:00:00,Dorm C,Room 108,20,Medium,1,0.5446264436282783,0.1593486595628856,0.3692220907839973,0,0,0,1,0,1,0,0,1,0.0792,0.040997,0.187938,Normal
2024-01-16 04:30:00,Dorm A,Room 105,18,Medium,1,0.5193475576230476,0.3331744406882107,0.4015146128587933,0,0,0,1,0,1,0,0,0,0.0695,0.041986,0.157815,Normal
2024-01-16 05:00:00,Dorm A,Room 104,32,Large,3,0.5069508528231474,0.2653032626740966,0.1214608090555311,1,0,0,1,0,1,0,0,1,0.0857,0.078813,0.323649,Normal
2024-01-16 05:30:00,Dorm C,Room 108,20,Medium,1,0.5321700109234516,0.5455650057131791,0.2951422384470124,1,0,0,1,0,1,0,0,0,0.0925,0.05916,0.183966,Normal
2024-01-16 06:00:00,Dorm A,Room 108,15,Small,1,0.6636611818358337,0.41993525167138,0.5376625966002773,1,0,0,1,0,0,1,0,1,0.8497,0.51844,0.205689,Normal
2024-01-16 06:30:00,Dorm C,Room 106,15,Small,1,0.5008355879123919,0.416980867925628,0.4662801046981222,1,0,0,1,0,1,0,1,1,0.2702,0.193387,0.170413,Normal
2024-01-16 07:00:00,Dorm A,Room 107,25,Medium,3,0.4493508284195785,0.3514100545716335,0.6513751640206505,1,0,1,1,0,1,0,0,0,0.1225,0.073467,0.249809,Normal
2024-01-16 07:30:00,Dorm C,Room 102,22,Medium,2,0.4886662473454515,0.0210175452577144,0.6480268691978723,0,0,1,0,0,1,0,1,1,0.253,0.151727,0.244732,Normal
2024-01-16 08:00:00,Dorm A,Room 101,20,Medium,2,0.604143317787214,0.7177452170082201,0.5145993051180362,1,1,1,1,0,0,1,0,0,1.437,0.953005,0.244454,Abnormal
2024-01-16 08:30:00,Dorm A,Room 103,17,Medium,2,0.7158906301857058,0.3490796113518491,0.5002259969099474,1,0,1,1,1,1,0,0,0,0.1456,0.112259,0.129186,Normal
2024-01-16 09:00:00,Dorm C,Room 108,20,Medium,1,0.4420957139626646,0.4354711688922476,0.4705567101669231,1,0,1,0,0,0,0,0,0,0.0469,0.043238,0.180682,Normal
2024-01-16 09:30:00,Dorm A,Room 102,15,Small,3,0.5396709503888537,0.282267598887318,0.1441184256000819,0,1,1,1,0,0,0,0,0,0.6775,0.436876,0.324557,Normal
2024-01-16 10:00:00,Dorm C,Room 105,11,Small,1,0.5718020765642711,0.6389177900361116,0.2953425413690094,0,0,0,1,0,1,0,0,0,0.0665,0.065917,0.264225,Normal
2024-01-16 10:30:00,Dorm C,Room 105,11,Small,1,0.3931879172867286,0.5171597364916751,0.4747249739783497,0,1,0,1,0,1,0,0,1,0.7076,0.415028,0.255603,Normal
2024-01-16 11:00:00,Dorm C,Room 104,13,Small,2,0.529133865324501,0.3746370371532544,0.5365512237113332,1,0,1,1,0,1,0,0,1,0.1183,0.086586,0.261221,Normal
2024-01-16 11:30:00,Dorm A,Room 104,32,Large,3,0.329697522091562,0.4384383949088191,0.4973985059197244,1,0,0,1,1,0,0,0,0,0.1052,0.076721,0.313004,Normal
2024-01-16 12:00:00,Dorm C,Room 102,22,Medium,2,0.2889838053052036,0.7427094955812812,0.3555785176550792,1,1,0,1,0,1,0,0,0,0.7053,0.453197,0.241996,Normal
2024-01-16 12:30:00,Dorm C,Room 103,22,Medium,2,0.5756119317245117,0.4853574438388442,0.5751070550517756,1,0,1,1,0,0,0,1,0,0.3294,0.212746,0.148176,Normal
2024-01-16 13:00:00,Dorm A,Room 107,25,Medium,3,0.4748770947052416,0.4693732756679782,0.6404949009211841,1,1,1,1,0,1,0,1,0,0.9852,0.684691,0.242755,Abnormal
2024-01-16 13:30:00,Dorm B,Room 107,14,Small,3,0.553540270474808,0.3577340498605526,0.5751770353349535,1,0,1,1,0,0,0,0,1,0.1135,0.078219,0.261118,Normal
2024-01-16 14:00:00,Dorm A,Room 106,32,Large,3,0.5239923000915164,0.2176501165426365,0.5813686230695174,1,0,1,1,0,1,0,0,0,0.1167,0.100623,0.320537,Normal
2024-01-16 14:30:00,Dorm C,Room 108,20,Medium,1,0.3953590311311383,0.4725615918212003,0.3955570175268041,1,0,1,1,0,1,0,0,0,0.1236,0.058419,0.177158,Normal
2024-01-16 15:00:00,Dorm B,Room 107,14,Small,3,0.520320624782006,0.543915038736672,0.5917261555221635,1,0,1,1,0,1,0,0,0,0.1199,0.108543,0.255021,Normal
2024-01-16 15:30:00,Dorm A,Room 102,15,Small,3,0.3609092168034554,0.6576780687344987,0.4801335703244294,1,0,0,0,0,0,0,0,0,0.0172,0.0,0.327766,Normal
2024-01-16 16:00:00,Dorm C,Room 105,11,Small,1,0.7130650720496241,0.1656380765562791,0.524017999931688,1,0,1,1,1,1,0,0,1,0.1443,0.117644,0.262246,Normal
2024-01-16 16:30:00,Dorm C,Room 104,13,Small,2,0.3444199495927957,0.3307349871427955,0.5064876305153172,1,0,1,1,0,0,0,0,0,0.1111,0.06305,0.254505,Normal
2024-01-16 17:00:00,Dorm B,Room 103,12,Small,1,0.5001190721816147,0.4107344096140564,0.4480722613834377,0,1,0,1,1,1,0,0,0,0.6715,0.421462,0.191015,Normal
2024-01-16 17:30:00,Dorm B,Room 103,12,Small,1,0.3865189407728149,0.4955696107485924,0.3594730230846549,1,0,0,1,1,1,0,1,0,0.3263,0.191883,0.198216,Normal
2024-01-16 18:00:00,Dorm C,Room 105,11,Small,1,0.6029454865086373,0.474766750911902,0.4527931098870432,1,1,0,1,0,1,1,0,1,1.5639,0.966767,0.256462,Abnormal
2024-01-16 18:30:00,Dorm B,Room 102,14,Small,2,0.4819150982841759,0.4781975748661327,0.5810281844793806,1,0,0,1,1,0,1,0,0,0.8057,0.515206,0.274432,Normal
2024-01-16 19:00:00,Dorm B,Room 102,14,Small,2,0.4567877456659216,0.5560556916535586,0.4096834122994531,1,0,0,1,1,1,0,1,0,0.3077,0.210788,0.284465,Normal
2024-01-16 19:30:00,Dorm A,Room 105,18,Medium,1,0.640895169493193,0.3633315858582948,0.5698213213214296,0,0,1,1,1,0,0,0,1,0.1127,0.077224,0.154684,Normal
2024-01-16 20:00:00,Dorm A,Room 102,15,Small,3,0.5303434846449402,0.6333642652973739,0.551072913931818,1,0,0,1,1,0,0,0,1,0.0976,0.085758,0.318661,Normal
2024-01-16 20:30:00,Dorm A,Room 101,20,Medium,2,0.5957285437430664,0.5597821112237826,0.4267836581731815,1,0,1,1,1,0,0,0,1,0.1361,0.098076,0.264698,Normal
2024-01-16 21:00:00,Dorm B,Room 106,24,Medium,2,0.3946979672767187,0.4490780389826435,0.6292604963591663,1,1,1,1,0,1,0,1,0,0.9501,0.613371,0.259306,Abnormal
2024-01-16 21:30:00,Dorm A,Room 102,15,Small,3,0.3378646397655842,0.7313534740387282,0.4199922780908049,0,0,1,1,1,1,0,0,1,0.1266,0.109727,0.312367,Normal
2024-01-16 22:00:00,Dorm C,Room 104,13,Small,2,0.5407813609762585,0.724814856291442,0.6437464113624511,1,0,1,1,1,1,0,1,1,0.346,0.233382,0.247414,Normal
2024-01-16 22:30:00,Dorm B,Room 105,19,Medium,3,0.4836040321964133,0.6331811381097179,0.514728944393066,1,0,1,1,0,1,0,0,1,0.1183,0.06594,0.380427,Normal
2024-01-16 23:00:00,Dorm B,Room 108,20,Medium,3,0.6104626084387453,0.0524686422849949,0.4607435707419461,1,1,1,1,0,1,0,0,0,0.7712,0.51428,0.33212,Normal
2024-01-16 23:30:00,Dorm A,Room 108,15,Small,1,0.515669969486403,0.7281257669611321,0.3561380053873507,1,0,1,1,1,0,0,0,1,0.1394,0.114575,0.213135,Normal
2024-01-17 00:00:00,Dorm A,Room 103,17,Medium,2,0.5539153558036033,0.6128803012674191,0.4520584693405889,0,1,1,1,1,1,0,0,1,0.6891,0.449576,0.128416,Normal
2024-01-17 00:30:00,Dorm B,Room 101,14,Small,4,0.3085327075279904,0.7909465766755515,0.4382020907873516,1,0,1,1,0,1,0,0,0,0.1149,0.080773,0.28244,Normal
2024-01-17 01:00:00,Dorm C,Room 108,20,Medium,1,0.7798257989536035,0.6779411797028647,0.3116899457038302,0,1,0,1,1,1,1,0,1,1.4598,0.928927,0.174189,Abnormal
2024-01-17 01:30:00,Dorm B,Room 106,24,Medium,2,0.5043522432975093,0.7280372349391826,0.4365398058119617,1,1,0,1,0,1,0,0,1,0.7197,0.444181,0.268875,Normal
2024-01-17 02:00:00,Dorm A,Room 106,32,Large,3,0.6200113869915969,0.6252098561509187,0.3662152182190736,0,1,0,1,0,1,1,0,0,1.4833,1.0,0.314594,Abnormal
2024-01-17 02:30:00,Dorm A,Room 103,17,Medium,2,0.4141886919389128,0.6942875353896387,0.5329480702823378,0,0,1,1,1,1,0,0,1,0.1333,0.067249,0.14238,Normal
2024-01-17 03:00:00,Dorm A,Room 106,32,Large,3,0.5677293769465541,0.7891411661686591,0.6193606669500317,0,0,0,1,1,1,1,0,0,0.8064,0.538932,0.332631,Normal
2024-01-17 03:30:00,Dorm B,Room 104,25,Medium,3,0.3515495072703226,0.527906435491011,0.3154546702104377,1,0,1,1,0,1,0,0,0,0.123,0.077499,0.181294,Normal
2024-01-17 04:00:00,Dorm C,Room 105,11,Small,1,0.587062235770979,0.265023340160699,0.6680715087133295,0,0,1,1,0,0,0,1,1,0.2998,0.180867,0.283781,Normal
2024-01-17 04:30:00,Dorm C,Room 101,21,Medium,1,0.4786214178341453,0.4508961568547905,0.4472248061379654,0,0,0,1,0,1,0,0,0,0.0761,0.038541,0.157623,Normal
2024-01-17 05:00:00,Dorm B,Room 107,14,Small,3,0.5303112643969707,0.5533882675980211,0.3456742746522935,1,1,0,1,1,1,0,0,1,0.7294,0.508664,0.250296,Normal
2024-01-17 05:30:00,Dorm B,Room 107,14,Small,3,0.6200633311780793,0.5070867762970559,0.5535543739390718,1,1,0,1,0,1,0,1,0,0.8968,0.637006,0.25837,Abnormal
2024-01-17 06:00:00,Dorm A,Room 105,18,Medium,1,0.3609845032758975,0.3128841788285616,0.4090861239443005,0,0,0,1,0,1,1,0,1,0.8551,0.517875,0.152646,Normal
2024-01-17 06:30:00,Dorm C,Room 104,13,Small,2,0.4345337025001425,0.256376537128555,0.4528410961460731,1,0,0,1,0,1,0,1,0,0.301,0.1984,0.246913,Normal
2024-01-17 07:00:00,Dorm B,Room 104,25,Medium,3,0.5877676607540567,0.3871585666011335,0.4141459810087891,0,0,0,1,1,0,0,1,0,0.2818,0.180499,0.17745,Normal
2024-01-17 07:30:00,Dorm C,Room 102,22,Medium,2,0.807979296836606,0.6147880172486193,0.3646634439415717,0,0,0,0,0,1,0,0,0,0.0093,0.015556,0.248031,Normal
2024-01-17 08:00:00,Dorm B,Room 105,19,Medium,3,0.5078629199141834,0.7283307313583831,0.549504477531896,1,0,1,1,0,0,0,0,0,0.1167,0.075894,0.369944,Normal
2024-01-17 08:30:00,Dorm C,Room 107,21,Medium,2,0.6057254728793794,0.6307815839288355,0.4282995906786379,0,1,1,0,1,0,0,0,0,0.6373,0.414522,0.216484,Normal
2024-01-17 09:00:00,Dorm B,Room 101,14,Small,4,0.5120380592620459,0.6514825743143613,0.2902927563574161,1,0,0,1,0,1,0,1,0,0.2768,0.212069,0.276509,Normal
2024-01-17 09:30:00,Dorm C,Room 104,13,Small,2,0.7870470264817252,0.4842043608350238,0.5287573421735305,1,1,0,0,0,1,0,0,0,0.6543,0.420576,0.24524,Normal
2024-01-17 10:00:00,Dorm B,Room 102,14,Small,2,0.2919132513647401,0.2400615981113975,0.3180140162268218,0,0,1,1,1,1,0,0,0,0.1249,0.094784,0.281518,Normal
2024-01-17 10:30:00,Dorm B,Room 104,25,Medium,3,0.5390921718677014,0.4291811289794802,0.3242910760391405,1,0,1,1,0,1,1,0,0,0.905,0.618271,0.177559,Normal
2024-01-17 11:00:00,Dorm A,Room 102,15,Small,3,0.3082426294837134,0.4580526801447779,0.6057232340459117,1,0,1,1,0,1,0,1,0,0.3301,0.211798,0.307034,Normal
2024-01-17 11:30:00,Dorm A,Room 106,32,Large,3,0.1900069983154532,0.4230334370075381,0.3191228275316506,0,1,1,1,1,0,0,0,0,0.712,0.49003,0.337921,Normal
2024-01-17 12:00:00,Dorm C,Room 105,11,Small,1,0.5663138348171534,0.504119218074663,0.1847445191814965,1,0,1,1,1,0,0,0,1,0.1333,0.095793,0.279969,Normal
2024-01-17 12:30:00,Dorm B,Room 103,12,Small,1,0.5451147203274405,0.5609530026039402,0.5373713076128865,0,0,1,1,0,0,0,1,1,0.2949,0.158504,0.198025,Normal
2024-01-17 13:00:00,Dorm B,Room 105,19,Medium,3,0.4881681630605216,0.6214418054187847,0.4261926850643966,1,0,1,1,1,0,0,1,0,0.3113,0.226392,0.360458,Normal
2024-01-17 13:30:00,Dorm B,Room 101,14,Small,4,0.5121423851652298,0.455208168110252,0.4365350432166821,1,1,1,1,1,1,0,0,1,0.7762,0.562065,0.274668,Normal
2024-01-17 14:00:00,Dorm C,Room 101,21,Medium,1,0.9421917292514712,0.2163012636908789,0.4249165749991218,1,1,1,1,0,1,0,0,0,0.7284,0.459373,0.153654,Normal
2024-01-17 14:30:00,Dorm B,Room 103,12,Small,1,0.491746229107934,0.4251165862844493,0.4904402965299597,1,0,0,1,0,1,0,0,0,0.0921,0.056351,0.196862,Normal
2024-01-17 15:00:00,Dorm A,Room 104,32,Large,3,0.5948535355330459,0.5025049208880148,0.3723437271155664,1,1,1,1,1,1,0,0,0,0.7671,0.541061,0.303159,Normal
2024-01-17 15:30:00,Dorm B,Room 106,24,Medium,2,0.4392478031594816,0.6757872092350257,0.6397355961548512,0,1,1,1,0,0,0,1,0,0.8251,0.503992,0.273488,Normal
2024-01-17 16:00:00,Dorm C,Room 105,11,Small,1,0.566014634466912,0.4126351030053443,0.2855445252912069,0,0,1,1,0,0,0,0,0,0.0892,0.068005,0.273392,Normal
2024-01-17 16:30:00,Dorm A,Room 108,15,Small,1,0.4944224127258269,0.5714054939611852,0.5160183676135439,1,0,0,1,0,0,0,0,1,0.081,0.044839,0.210843,Normal
2024-01-17 17:00:00,Dorm B,Room 102,14,Small,2,0.4713014521188522,0.5387130008347163,0.5396818603460176,0,0,1,1,0,1,0,0,1,0.1036,0.064911,0.274335,Normal
2024-01-17 17:30:00,Dorm B,Room 101,14,Small,4,0.770493607681518,0.5025328636351114,0.3715120370493435,1,1,1,1,1,1,0,0,0,0.7224,0.550453,0.282651,Normal
2024-01-17 18:00:00,Dorm A,Room 107,25,Medium,3,0.6843743824841055,0.6328340090793805,0.3398301985254499,0,0,1,1,1,1,1,0,1,0.8383,0.573654,0.259753,Normal
2024-01-17 18:30:00,Dorm A,Room 107,25,Medium,3,0.5447455107454091,0.3989627542568464,0.5846767651478458,1,0,1,1,1,1,0,0,0,0.1389,0.079078,0.271379,Normal
2024-01-17 19:00:00,Dorm C,Room 104,13,Small,2,0.2171640599451177,0.4115507296111861,0.3437740352083042,0,1,1,1,1,1,1,0,1,1.3828,0.873084,0.251084,Abnormal
2024-01-17 19:30:00,Dorm B,Room 101,14,Small,4,0.477945692278537,0.4943321961821834,0.3898658924798226,1,0,0,1,1,0,0,0,1,0.1044,0.07609,0.289889,Normal
2024-01-17 20:00:00,Dorm A,Room 105,18,Medium,1,0.8891454656198922,0.4020040832824981,0.5690969101368688,1,1,0,0,1,1,0,0,0,0.6633,0.42606,0.162011,Normal
2024-01-17 20:30:00,Dorm B,Room 107,14,Small,3,0.4954385911728034,0.5707395604928867,0.4668148798887562,1,0,1,1,1,1,0,0,1,0.1402,0.075443,0.269844,Normal
2024-01-17 21:00:00,Dorm A,Room 101,20,Medium,2,0.6744478128717222,0.3912691415307159,0.2470447660122527,1,0,0,1,0,1,0,0,1,0.0844,0.050559,0.260069,Normal
2024-01-17 21:30:00,Dorm C,Room 107,21,Medium,2,0.7199053523636065,0.5293392350059347,0.6722406149098089,1,0,1,1,0,1,0,0,1,0.1258,0.075661,0.223313,Normal
2024-01-17 22:00:00,Dorm C,Room 104,13,Small,2,0.5557792301479766,0.481359592627096,0.3990619279512287,0,0,1,1,0,1,0,0,1,0.1072,0.066782,0.271149,Normal
2024-01-17 22:30:00,Dorm C,Room 106,15,Small,1,0.4134197197971228,0.527667067999477,0.4143284489688356,1,1,1,1,0,1,0,0,0,0.6681,0.384297,0.171017,Normal
2024-01-17 23:00:00,Dorm A,Room 101,20,Medium,2,0.1995701285435507,0.4285167420143173,0.4933332759842332,1,0,1,1,0,0,0,0,1,0.1195,0.064141,0.254407,Normal
2024-01-17 23:30:00,Dorm A,Room 107,25,Medium,3,0.6182098917213379,0.4462481381976559,0.5376370772469714,1,0,1,1,1,1,0,0,1,0.152,0.111328,0.264511,Normal
2024-01-18 00:00:00,Dorm B,Room 102,14,Small,2,0.4170519805367173,0.5101908568284164,0.697919480565242,1,0,0,1,0,1,0,0,1,0.0947,0.059659,0.266579,Normal
2024-01-18 00:30:00,Dorm A,Room 107,25,Medium,3,0.5500335789369235,0.5257783945776537,0.2634896322974814,0,0,0,1,1,1,0,0,1,0.0946,0.061962,0.259229,Normal
2024-01-18 01:00:00,Dorm A,Room 108,15,Small,1,0.358665489425502,0.4954636414749726,0.5617359778519762,0,0,0,0,1,1,0,0,0,0.0297,0.003789,0.207071,Normal
2024-01-18 01:30:00,Dorm C,Room 103,22,Medium,2,0.490798440787061,0.7467042749215795,0.5517854149493343,0,0,0,0,0,1,0,0,0,0.0107,0.0,0.150403,Normal
2024-01-18 02:00:00,Dorm C,Room 103,22,Medium,2,0.5309190048582058,0.3504806869102668,0.4461914046313011,0,0,0,1,0,1,0,0,0,0.0651,0.038285,0.14539,Normal
2024-01-18 02:30:00,Dorm B,Room 101,14,Small,4,0.5624396289913098,0.4866456575730037,0.5570957401137604,0,1,0,1,1,1,0,0,0,0.7321,0.524416,0.284263,Normal
2024-01-18 03:00:00,Dorm A,Room 108,15,Small,1,0.3767825074146272,0.2648178173183482,0.5747312791509046,1,0,0,1,0,1,0,0,0,0.0876,0.040664,0.202553,Normal
2024-01-18 03:30:00,Dorm B,Room 102,14,Small,2,0.6870216486105686,0.5507629243579755,0.2968537631820085,0,0,1,0,0,1,0,0,0,0.0445,0.032404,0.259189,Normal
2024-01-18 04:00:00,Dorm C,Room 104,13,Small,2,0.446289385211487,0.3321825300529634,0.6725654153963622,1,0,0,0,1,1,0,0,0,0.0474,0.033255,0.264762,Normal
2024-01-18 04:30:00,Dorm B,Room 104,25,Medium,3,0.301676740807271,0.4551801878322232,0.2756432388613462,1,0,0,1,0,1,0,0,1,0.0896,0.043792,0.192756,Normal
2024-01-18 05:00:00,Dorm B,Room 102,14,Small,2,0.5117626835154245,0.4414019215306168,0.326443793746388,0,0,0,1,1,1,0,1,0,0.3056,0.216984,0.251369,Normal
2024-01-18 05:30:00,Dorm C,Room 102,22,Medium,2,0.5310070754547171,0.5373614265647306,0.4312404878222249,0,0,1,1,1,1,0,0,0,0.1264,0.07003,0.241573,Normal
2024-01-18 06:00:00,Dorm A,Room 102,15,Small,3,0.5479452595685901,0.4148420172002116,0.6935809341712285,1,0,1,1,0,1,0,1,0,0.3173,0.203701,0.304592,Normal
2024-01-18 06:30:00,Dorm C,Room 101,21,Medium,1,0.7091946933629791,0.4085939688109396,0.4256656355082262,0,0,1,1,1,1,0,0,1,0.1314,0.074123,0.163516,Normal
2024-01-18 07:00:00,Dorm B,Room 105,19,Medium,3,0.494661941544636,0.7070972053051927,0.4588159059932216,1,0,1,1,1,1,1,1,1,1.034,0.682122,0.356269,Normal
2024-01-18 07:30:00,Dorm B,Room 102,14,Small,2,0.5103406520087231,0.5379016087240418,0.6344525916321666,1,1,0,1,0,1,0,0,0,0.6986,0.427831,0.250223,Normal
2024-01-18 08:00:00,Dorm A,Room 107,25,Medium,3,0.3783443239234015,0.4136281224058735,0.4266180109725267,1,0,1,1,0,1,0,1,0,0.3207,0.230302,0.252653,Normal
2024-01-18 08:30:00,Dorm B,Room 101,14,Small,4,0.636513737915148,0.4592181959369649,0.3212706618660551,1,1,1,1,0,1,1,0,0,1.4511,1.0,0.29042,Abnormal
2024-01-18 09:00:00,Dorm B,Room 107,14,Small,3,0.5511284807661022,0.7378854791026084,0.4125915866887794,1,1,1,1,0,1,0,0,0,0.6845,0.455564,0.264126,Normal
2024-01-18 09:30:00,Dorm C,Room 106,15,Small,1,0.4700252927642083,0.4615209099583613,0.6271000552172726,1,0,1,1,1,0,0,1,0,0.3331,0.214676,0.176486,Normal
2024-01-18 10:00:00,Dorm B,Room 104,25,Medium,3,0.2707827450112928,0.3947838329618581,0.4711486257570264,1,0,1,1,0,1,1,0,0,0.8286,0.535675,0.18779,Normal
2024-01-18 10:30:00,Dorm C,Room 106,15,Small,1,0.7202368034636827,0.3954128989596542,0.6942668886544989,1,0,1,1,0,1,0,0,0,0.1212,0.062007,0.177441,Normal
2024-01-18 11:00:00,Dorm C,Room 106,15,Small,1,0.3616367713869918,0.415380549372757,0.5511765981541649,0,0,1,1,1,1,0,0,1,0.1317,0.076112,0.174625,Normal
2024-01-18 11:30:00,Dorm A,Room 102,15,Small,3,0.4470431675306733,0.4087127103062385,0.3852896606265458,1,0,0,1,1,0,0,1,0,0.2865,0.189463,0.30207,Normal
2024-01-18 12:00:00,Dorm C,Room 103,22,Medium,2,0.5744843806192517,0.3080218182047927,0.4687745883809822,0,0,1,1,0,0,0,0,0,0.0892,0.073344,0.141935,Normal
2024-01-18 12:30:00,Dorm C,Room 107,21,Medium,2,0.365813409909943,0.3308666987231797,0.3602869382521502,1,0,0,1,1,1,0,0,0,0.1012,0.028893,0.218391,Normal
2024-01-18 13:00:00,Dorm A,Room 108,15,Small,1,0.3259618866659439,0.3742027519564668,0.3824554924528778,1,0,1,1,1,1,0,0,0,0.1362,0.077857,0.199034,Normal
2024-01-18 13:30:00,Dorm A,Room 103,17,Medium,2,0.2413558912879252,0.5830195010289667,1.0,0,1,1,1,0,0,0,0,1,0.7157,0.48153,0.139249,Normal
2024-01-18 14:00:00,Dorm B,Room 101,14,Small,4,0.6231530527718575,0.4400538465815486,0.5848507562577168,1,1,1,0,0,1,0,0,0,0.6973,0.470516,0.30816,Normal
2024-01-18 14:30:00,Dorm B,Room 105,19,Medium,3,0.4532287731508824,0.465636308892446,0.5659523956442155,1,0,1,1,0,1,0,0,0,0.1158,0.069721,0.366143,Normal
2024-01-18 15:00:00,Dorm A,Room 103,17,Medium,2,0.9192392546653056,0.6827355780403894,0.3878844331015541,1,0,1,1,1,0,0,0,1,0.1258,0.081707,0.152941,Normal
2024-01-18 15:30:00,Dorm B,Room 101,14,Small,4,0.392949432481102,0.6863977373246666,0.6509490380551151,1,0,1,1,0,1,0,0,0,0.1118,0.080507,0.31212,Normal
2024-01-18 16:00:00,Dorm B,Room 108,20,Medium,3,0.4027332985723536,0.4546195745463438,0.5945432142417245,1,0,1,0,0,1,0,0,0,0.0575,0.049594,0.33718,Normal
2024-01-18 16:30:00,Dorm A,Room 102,15,Small,3,0.4505169907717236,0.4033683288006411,0.6883839533194658,1,1,0,1,0,1,0,0,0,0.6328,0.429331,0.299323,Normal
2024-01-18 17:00:00,Dorm B,Room 108,20,Medium,3,0.5590229909782963,0.3690429322655492,0.682564581214998,1,1,1,1,0,1,0,0,0,0.6596,0.475799,0.329408,Normal
2024-01-18 17:30:00,Dorm A,Room 102,15,Small,3,0.4632916268514707,0.597892732899229,0.2852015558651549,1,0,1,1,1,1,0,0,0,0.1464,0.093389,0.302419,Normal
2024-01-18 18:00:00,Dorm A,Room 104,32,Large,3,0.6085700307314073,0.465997020088128,0.3295002289343386,1,1,1,1,1,1,0,1,1,0.8858,0.627078,0.312675,Normal
2024-01-18 18:30:00,Dorm A,Room 104,32,Large,3,0.3950653514141065,0.439281179801843,0.3422231835339075,1,0,1,1,1,1,1,1,1,1.1032,0.736692,0.324768,Abnormal
2024-01-18 19:00:00,Dorm C,Room 104,13,Small,2,0.3409815107786993,0.3765035563068781,0.3494030122589947,1,0,1,1,1,1,1,1,1,1.1409,0.735587,0.257747,Abnormal
2024-01-18 19:30:00,Dorm A,Room 105,18,Medium,1,0.2850698805816756,0.3829696057615228,0.5014513780855528,1,0,1,1,0,1,0,0,0,0.1211,0.062982,0.168612,Normal
2024-01-18 20:00:00,Dorm C,Room 104,13,Small,2,0.2279858072755357,0.5431174887119397,0.3946479309830284,1,1,0,1,1,1,0,0,1,0.6642,0.401221,0.271801,Normal
2024-01-18 20:30:00,Dorm B,Room 105,19,Medium,3,0.4568679582030602,0.3027619942125923,0.7112953776465507,1,0,1,1,1,1,0,0,0,0.1325,0.069818,0.357425,Normal
2024-01-18 21:00:00,Dorm B,Room 105,19,Medium,3,0.4860016903784038,0.6422888511691673,0.6911502786194477,1,1,1,1,0,1,0,1,1,0.9005,0.607103,0.349208,Normal
2024-01-18 21:30:00,Dorm A,Room 101,20,Medium,2,0.4416537481828406,0.4176263955892976,0.461871801799144,1,0,1,1,1,1,0,0,1,0.1421,0.080848,0.2494,Normal
2024-01-18 22:00:00,Dorm A,Room 101,20,Medium,2,0.6932613488684918,0.4740903955923017,0.6972262884159626,1,1,1,1,0,1,0,0,1,0.7346,0.494559,0.245078,Normal
2024-01-18 22:30:00,Dorm A,Room 107,25,Medium,3,0.6911979147240476,0.2995964823831165,0.6411775985494034,1,0,1,1,1,1,0,1,0,0.3235,0.23594,0.251932,Normal
2024-01-18 23:00:00,Dorm A,Room 108,15,Small,1,0.4814626207527037,0.4942638420253003,0.4085760043904516,0,0,0,1,0,0,0,0,1,0.0666,0.056513,0.196456,Normal
2024-01-18 23:30:00,Dorm B,Room 101,14,Small,4,0.2856460936788596,0.4478305275470034,0.2216026563895845,0,0,1,1,1,1,0,0,1,0.1247,0.098308,0.306605,Normal
2024-01-19 00:00:00,Dorm A,Room 104,32,Large,3,0.4503408992980028,0.4887212278173207,0.4364974611470199,1,0,0,1,0,1,0,0,0,0.08,0.070418,0.340024,Normal
2024-01-19 00:30:00,Dorm A,Room 108,15,Small,1,0.4458966284931553,0.7123661433885031,0.3853120715462091,1,0,0,1,0,1,0,0,1,0.0917,0.066502,0.19354,Normal
2024-01-19 01:00:00,Dorm A,Room 105,18,Medium,1,0.4382050347060446,0.5221959862146193,0.4874213491485253,0,0,0,1,0,1,0,0,1,0.0745,0.02874,0.166036,Normal
2024-01-19 01:30:00,Dorm B,Room 103,12,Small,1,0.4327585897864728,0.3792966226748063,0.4733516584324037,0,0,0,1,0,1,0,0,0,0.0708,0.047534,0.192848,Normal
2024-01-19 02:00:00,Dorm C,Room 107,21,Medium,2,0.4386978332718039,0.3915443118867067,0.4702071853864815,0,0,1,1,0,1,0,0,0,0.1116,0.060922,0.212278,Normal
2024-01-19 02:30:00,Dorm B,Room 102,14,Small,2,0.4745191948843622,0.5835427096281958,0.5254731341975747,1,1,1,1,1,0,0,0,0,0.745,0.479554,0.255952,Normal
2024-01-19 03:00:00,Dorm B,Room 105,19,Medium,3,0.4411029737246336,0.686939459229396,0.3171814771216773,1,0,0,0,0,1,0,0,0,0.0283,0.018366,0.356371,Normal
2024-01-19 03:30:00,Dorm A,Room 102,15,Small,3,0.5543511323330964,0.5375123407718991,0.5119976368086392,1,0,1,1,0,1,0,0,1,0.1226,0.046636,0.297558,Normal
2024-01-19 04:00:00,Dorm C,Room 103,22,Medium,2,0.5747560328951563,0.5972956234310194,0.4099065136507339,0,0,1,1,0,1,0,0,0,0.0964,0.047585,0.139791,Normal
2024-01-19 04:30:00,Dorm B,Room 106,24,Medium,2,0.404183476505325,0.5856893125813054,0.4866387377976663,0,0,0,1,0,1,0,0,1,0.08,0.043709,0.279399,Normal
2024-01-19 05:00:00,Dorm C,Room 108,20,Medium,1,0.6969733121279651,0.7046294153945121,0.5775068702713289,1,1,1,1,0,1,0,0,0,0.7004,0.402805,0.192598,Normal
2024-01-19 05:30:00,Dorm B,Room 102,14,Small,2,0.3948675495398299,0.209565891910993,0.3157565015671834,0,0,1,1,0,1,0,0,1,0.1054,0.087019,0.26294,Normal
2024-01-19 06:00:00,Dorm C,Room 101,21,Medium,1,0.3092818116689814,0.5941368552378625,0.4289003674176281,1,0,1,1,1,1,0,1,0,0.3495,0.212061,0.160722,Normal
2024-01-19 06:30:00,Dorm C,Room 101,21,Medium,1,0.577495008606244,0.6406527769630925,0.4484265155649993,0,0,0,1,0,1,0,0,0,0.0747,0.048404,0.162278,Normal
2024-01-19 07:00:00,Dorm C,Room 103,22,Medium,2,0.416696059252287,0.2993399241247842,0.4009504605579482,0,0,0,1,0,1,0,0,0,0.0754,0.063689,0.136997,Normal
2024-01-19 07:30:00,Dorm A,Room 102,15,Small,3,0.5695117896105548,0.3659217767271581,0.5705989909222945,1,0,0,1,0,1,0,1,0,0.285,0.206311,0.291855,Normal
2024-01-19 08:00:00,Dorm A,Room 107,25,Medium,3,0.2038167795422183,0.3710486029170461,0.3762224434348366,1,0,1,1,1,1,0,1,1,0.3748,0.254983,0.251432,Normal
2024-01-19 08:30:00,Dorm C,Room 108,20,Medium,1,0.7132641718756614,0.3889768473281861,0.3960159482523431,0,1,1,1,0,0,0,0,1,0.7554,0.496087,0.197602,Normal
2024-01-19 09:00:00,Dorm A,Room 103,17,Medium,2,0.6166169411004261,0.4252871601889681,0.3774784300721172,1,0,1,1,1,0,0,1,0,0.3263,0.219692,0.150201,Normal
2024-01-19 09:30:00,Dorm B,Room 103,12,Small,1,0.3250269322846537,0.5317345072923467,0.5936602166957271,0,0,1,0,0,0,0,0,0,0.0295,0.022661,0.188811,Normal
2024-01-19 10:00:00,Dorm C,Room 107,21,Medium,2,0.3279390379120449,0.6233022628092195,0.403568775594841,1,0,0,1,0,0,0,0,0,0.0805,0.057705,0.207548,Normal
2024-01-19 10:30:00,Dorm A,Room 105,18,Medium,1,0.7508152201101953,0.6549934431870224,0.5178383601478906,0,0,1,1,0,0,0,0,0,0.0907,0.038217,0.162767,Normal
2024-01-19 11:00:00,Dorm C,Room 103,22,Medium,2,0.42743600550433,0.3729531818441589,0.6996711308249558,1,0,1,1,1,0,0,0,1,0.1374,0.056586,0.134841,Normal
2024-01-19 11:30:00,Dorm C,Room 108,20,Medium,1,0.4144445911390844,0.3719420938769943,0.4536710750589681,1,0,1,1,0,1,0,0,0,0.1201,0.042394,0.204544,Normal
2024-01-19 12:00:00,Dorm A,Room 103,17,Medium,2,0.2222851858924049,0.6894567015333168,0.596060236562864,1,0,1,1,0,1,0,0,1,0.1244,0.08811,0.152775,Normal
2024-01-19 12:30:00,Dorm C,Room 104,13,Small,2,0.4793187150033604,0.5911278119215901,0.663158324997491,1,0,1,0,0,0,0,1,0,0.2321,0.142221,0.275499,Normal
2024-01-19 13:00:00,Dorm A,Room 106,32,Large,3,0.4958334203210102,0.5082591283751621,0.5858785400198605,1,0,1,1,0,0,0,0,1,0.1148,0.073898,0.341723,Normal
2024-01-19 13:30:00,Dorm C,Room 101,21,Medium,1,0.6224144244352772,0.5656435698089128,0.4606313516716933,1,0,0,1,0,0,0,0,0,0.0828,0.054429,0.158929,Normal
2024-01-19 14:00:00,Dorm B,Room 102,14,Small,2,0.3386347598837093,0.4917011452339084,0.5396802713660888,1,1,1,1,1,1,0,0,0,0.7346,0.487229,0.257609,Normal
2024-01-19 14:30:00,Dorm B,Room 106,24,Medium,2,0.3223683586356157,0.5731750689616109,0.3082009709683171,1,0,1,1,1,1,0,0,0,0.1503,0.105021,0.273506,Normal
2024-01-19 15:00:00,Dorm B,Room 104,25,Medium,3,0.5869139152861805,0.446692197665507,0.3690656935549968,1,0,1,1,0,1,0,0,0,0.1165,0.083177,0.199012,Normal
2024-01-19 15:30:00,Dorm B,Room 108,20,Medium,3,0.6614990001714348,0.5355852180742824,0.390104482697854,1,0,1,1,1,1,1,0,0,0.9355,0.656468,0.33326,Normal
2024-01-19 16:00:00,Dorm A,Room 103,17,Medium,2,0.3155421004243997,0.274088604057404,0.7314518642558223,0,0,1,1,0,1,0,0,1,0.1058,0.100475,0.150465,Normal
2024-01-19 16:30:00,Dorm B,Room 102,14,Small,2,0.6715351623256592,0.3950031482109754,0.3651617269180096,0,0,0,1,0,1,0,0,0,0.0652,0.028446,0.264362,Normal
2024-01-19 17:00:00,Dorm C,Room 104,13,Small,2,0.5314320303492613,0.3965863849712498,0.3633751143307663,1,1,1,1,0,1,0,1,0,0.9639,0.649052,0.271797,Abnormal
2024-01-19 17:30:00,Dorm C,Room 104,13,Small,2,0.6729162687227774,0.4410601313274185,0.3374084322416861,0,0,0,1,1,1,1,0,1,0.897,0.596415,0.281993,Normal
2024-01-19 18:00:00,Dorm A,Room 105,18,Medium,1,0.5169701304044945,0.3599191118242278,0.5298072708104046,0,1,1,1,0,1,0,0,1,0.7614,0.470458,0.15987,Normal
2024-01-19 18:30:00,Dorm C,Room 106,15,Small,1,0.187899175611632,0.4176706337335961,0.4797571967569537,0,1,1,1,1,1,0,0,1,0.7851,0.473432,0.17228,Normal
2024-01-19 19:00:00,Dorm A,Room 103,17,Medium,2,0.5059995191641055,0.2735201540679993,0.5930248066908876,1,1,0,1,1,1,1,0,1,1.5603,0.972383,0.148741,Abnormal
2024-01-19 19:30:00,Dorm A,Room 104,32,Large,3,0.6686672303085018,0.5767191692310265,0.5431776078714154,1,0,1,1,0,1,0,0,1,0.1249,0.070883,0.330395,Normal
2024-01-19 20:00:00,Dorm C,Room 102,22,Medium,2,0.406451364736918,0.4839548276807251,0.2970424676256916,1,0,1,1,1,0,0,0,1,0.1342,0.091824,0.236937,Normal
2024-01-19 20:30:00,Dorm A,Room 108,15,Small,1,0.4743281781063236,0.2454807922340783,0.3657983737871829,0,1,0,1,0,1,0,0,1,0.6812,0.426326,0.192523,Normal
2024-01-19 21:00:00,Dorm B,Room 108,20,Medium,3,0.5027563780848682,0.3733930606310564,0.6264446521795217,1,1,0,1,0,1,0,0,1,0.7359,0.509002,0.341547,Normal
2024-01-19 21:30:00,Dorm A,Room 105,18,Medium,1,0.1372733662702025,0.5455487123737346,0.4382574289379566,1,0,0,1,0,1,0,0,1,0.0932,0.065377,0.166929,Normal
2024-01-19 22:00:00,Dorm C,Room 105,11,Small,1,0.7506919785948236,0.4162776827335542,0.6051216611019105,1,1,1,0,1,1,0,0,0,0.6721,0.459985,0.266309,Normal
2024-01-19 22:30:00,Dorm B,Room 105,19,Medium,3,0.4054274492246096,0.393657394762837,0.4446898633040741,1,0,1,1,1,1,0,1,1,0.3643,0.234708,0.347236,Normal
2024-01-19 23:00:00,Dorm C,Room 105,11,Small,1,0.5942645326445372,0.485118888821874,0.3465578440078967,0,1,1,1,1,1,0,0,1,0.7828,0.495959,0.272765,Normal
2024-01-19 23:30:00,Dorm B,Room 107,14,Small,3,0.5147583779804088,0.5465768729044638,0.4262649848348677,1,0,1,1,0,1,0,0,1,0.1201,0.093031,0.269596,Normal
2024-01-20 00:00:00,Dorm B,Room 107,14,Small,3,0.6951687962508444,0.2849922276838094,0.3465106519775849,0,0,0,1,1,1,0,1,1,0.3181,0.227729,0.264691,Normal
2024-01-20 00:30:00,Dorm A,Room 108,15,Small,1,0.5808873728590163,0.5769290313825621,0.394797975462442,1,0,1,1,0,1,0,0,0,0.1156,0.070616,0.200389,Normal
2024-01-20 01:00:00,Dorm B,Room 104,25,Medium,3,0.494866541200009,0.3784686256006929,0.4867519297209758,1,0,0,1,0,1,0,0,0,0.088,0.048115,0.195392,Normal
2024-01-20 01:30:00,Dorm C,Room 105,11,Small,1,0.4064823555368119,0.4934464361135821,0.5240239458362345,0,0,0,1,1,1,0,0,1,0.094,0.054216,0.279965,Normal
2024-01-20 02:00:00,Dorm C,Room 108,20,Medium,1,0.6334669772264429,0.4908757550594457,0.2718727124958219,0,0,0,1,0,1,1,0,0,0.8253,0.538969,0.200859,Normal
2024-01-20 02:30:00,Dorm C,Room 101,21,Medium,1,0.2749743274163333,0.4186225798728147,0.4605633660344408,0,1,0,1,0,1,0,0,0,0.6198,0.403895,0.155943,Normal
2024-01-20 03:00:00,Dorm B,Room 102,14,Small,2,0.6130736081260851,0.3456422891125869,0.3922710634242391,1,1,0,1,0,1,0,0,1,0.6482,0.401109,0.257622,Normal
2024-01-20 03:30:00,Dorm C,Room 108,20,Medium,1,0.3788998703816746,0.4540961546904377,0.3848570662949908,1,0,0,1,1,1,1,0,1,0.9339,0.567652,0.208372,Normal
2024-01-20 04:00:00,Dorm C,Room 104,13,Small,2,0.6944527758107757,0.7349426216016217,0.4785650880987423,1,0,1,1,0,1,0,0,0,0.1208,0.053791,0.290267,Normal
2024-01-20 04:30:00,Dorm A,Room 108,15,Small,1,0.5480405576612554,0.2959669563122335,0.3966096199875936,1,0,1,1,0,1,0,0,0,0.1147,0.060442,0.191672,Normal
2024-01-20 05:00:00,Dorm C,Room 104,13,Small,2,0.6128365198900753,0.7447865208772437,0.628461247234538,1,1,1,1,1,1,0,0,0,0.6862,0.455818,0.284203,Normal
2024-01-20 05:30:00,Dorm A,Room 102,15,Small,3,0.5373969016016803,0.4579120730950999,0.6051780537013253,1,0,1,1,1,1,1,0,0,0.9543,0.634269,0.289954,Normal
2024-01-20 06:00:00,Dorm A,Room 107,25,Medium,3,0.2912213827468821,0.5012794094359763,0.6044302146351053,1,0,1,1,0,1,0,1,0,0.315,0.201158,0.25154,Normal
2024-01-20 06:30:00,Dorm C,Room 107,21,Medium,2,0.4108822918165773,0.3363761914090729,0.4032729211126331,1,0,0,1,0,1,0,0,0,0.0818,0.04339,0.203008,Normal
2024-01-20 07:00:00,Dorm A,Room 105,18,Medium,1,0.6166298150378418,0.3827340248780967,0.3471765973375162,1,0,0,1,1,0,0,0,0,0.0978,0.064323,0.164672,Normal
2024-01-20 07:30:00,Dorm B,Room 101,14,Small,4,0.5487593802779724,0.4221726577918399,0.4724880758767789,0,0,1,1,0,1,0,1,0,0.2851,0.197653,0.301761,Normal
2024-01-20 08:00:00,Dorm B,Room 108,20,Medium,3,0.6848850132128786,0.3424039529385057,0.4446097935293336,1,0,1,1,0,0,0,0,0,0.1124,0.09594,0.345734,Normal
2024-01-20 08:30:00,Dorm A,Room 104,32,Large,3,0.5805140821088254,0.4653782045546186,0.3896068519731768,0,0,0,1,0,0,0,1,0,0.2535,0.173276,0.321447,Normal
2024-01-20 09:00:00,Dorm A,Room 101,20,Medium,2,0.396660543035797,0.4362653765960055,0.3215948511009368,0,0,1,1,0,1,0,0,0,0.1099,0.057113,0.251315,Normal
2024-01-20 09:30:00,Dorm C,Room 105,11,Small,1,0.4195604656582427,0.7680752806747282,0.4576661098572113,0,1,1,1,0,1,0,0,0,0.6859,0.395497,0.27291,Normal
2024-01-20 10:00:00,Dorm C,Room 105,11,Small,1,0.5402055578258657,0.3247275036735753,0.4141710298927281,1,0,1,1,0,1,0,0,0,0.1161,0.059192,0.276625,Normal
2024-01-20 10:30:00,Dorm A,Room 104,32,Large,3,0.2158445687213725,0.5111727451353596,0.5452275693397811,1,0,1,1,0,1,0,0,0,0.1195,0.074871,0.316508,Normal
2024-01-20 11:00:00,Dorm C,Room 106,15,Small,1,0.7509730391477049,0.5325050968842087,0.5424393624877484,1,1,1,0,0,1,0,0,1,0.6312,0.411124,0.179283,Normal
2024-01-20 11:30:00,Dorm A,Room 101,20,Medium,2,0.5856771235648678,0.3387849338348729,0.5947092763066234,1,0,1,0,0,1,0,1,0,0.2635,0.183601,0.246579,Normal
2024-01-20 12:00:00,Dorm B,Room 105,19,Medium,3,0.691064301557145,0.5970185638396615,0.3115700762929704,1,1,1,1,1,1,0,1,1,0.9631,0.685699,0.344275,Normal
2024-01-20 12:30:00,Dorm A,Room 101,20,Medium,2,0.3142736784673176,0.4375423098362295,0.5107617157683088,1,0,0,1,0,1,0,0,1,0.0953,0.068485,0.245079,Normal
2024-01-20 13:00:00,Dorm C,Room 103,22,Medium,2,0.6934169376897034,0.1297951063700511,0.3753733783814884,1,0,1,1,1,0,0,0,0,0.1239,0.096942,0.132605,Normal
2024-01-20 13:30:00,Dorm C,Room 107,21,Medium,2,0.8258653913813128,0.5930538456872876,0.3162346470577308,1,0,1,1,1,1,0,1,0,0.3437,0.227884,0.198313,Normal
2024-01-20 14:00:00,Dorm A,Room 104,32,Large,3,0.3491293637158528,0.3319335256704773,0.4112278464413542,1,1,1,1,0,1,0,0,1,0.6799,0.449541,0.308713,Normal
2024-01-20 14:30:00,Dorm B,Room 106,24,Medium,2,0.6299174818702376,0.3420982760413207,0.5908588796993287,1,0,1,1,0,1,0,0,1,0.1196,0.069786,0.269397,Normal
2024-01-20 15:00:00,Dorm C,Room 104,13,Small,2,0.5265427980245366,0.5971764871382739,0.4179801895888723,1,0,1,1,1,1,1,0,0,0.8192,0.521374,0.288494,Normal
2024-01-20 15:30:00,Dorm A,Room 102,15,Small,3,0.319127776147443,0.4450616880166602,0.650453635698208,0,1,1,1,1,1,0,0,0,0.7188,0.496693,0.297439,Normal
2024-01-20 16:00:00,Dorm B,Room 105,19,Medium,3,0.5925398413106348,0.6309586048148192,0.5284956159094185,1,1,1,1,0,1,0,0,0,0.7156,0.489812,0.353029,Normal
2024-01-20 16:30:00,Dorm B,Room 106,24,Medium,2,0.6382650336258919,0.673929343685695,0.4153682009875915,1,0,0,1,0,1,1,0,0,0.8519,0.546247,0.264644,Normal
2024-01-20 17:00:00,Dorm A,Room 106,32,Large,3,0.4457214736173815,0.4013013185602288,0.6018172975156709,1,0,1,1,1,1,0,0,0,0.1368,0.079277,0.335191,Normal
2024-01-20 17:30:00,Dorm C,Room 105,11,Small,1,0.6828621352431367,0.6126604425256701,0.5160809742919324,1,1,1,1,0,0,0,0,0,0.6918,0.469773,0.27023,Normal
2024-01-20 18:00:00,Dorm B,Room 105,19,Medium,3,0.3027109083906292,0.3850572873510497,0.3507684144634125,0,1,1,1,0,1,0,1,1,0.8727,0.580548,0.356449,Normal
2024-01-20 18:30:00,Dorm C,Room 103,22,Medium,2,0.3257946215985121,0.8242638853163096,0.6856464133485112,1,0,1,1,1,1,0,0,0,0.1424,0.097006,0.131614,Normal
2024-01-20 19:00:00,Dorm C,Room 103,22,Medium,2,0.544725480858403,0.3942429575094764,0.4937765113840974,1,1,1,0,1,0,0,0,1,0.6945,0.445314,0.130679,Normal
2024-01-20 19:30:00,Dorm C,Room 102,22,Medium,2,0.5298005955760471,0.6468768142798975,0.464901962982377,0,1,1,1,1,1,0,1,0,0.8924,0.547936,0.233118,Normal
2024-01-20 20:00:00,Dorm B,Room 101,14,Small,4,0.4302282673978156,0.6200860590022577,0.3600092628892684,1,0,1,1,1,1,0,0,0,0.139,0.07867,0.299395,Normal
2024-01-20 20:30:00,Dorm B,Room 101,14,Small,4,0.6350430095446373,0.5425339961018489,0.6041554815730288,1,1,1,1,0,0,0,0,1,0.7532,0.535416,0.29449,Normal
2024-01-20 21:00:00,Dorm C,Room 101,21,Medium,1,0.597640904139807,0.3975369361183036,0.5247042127054674,1,1,1,0,1,1,0,0,0,0.6905,0.423001,0.162831,Normal
2024-01-20 21:30:00,Dorm B,Room 106,24,Medium,2,0.6415577951940049,0.4738315153824968,0.5381363158613629,1,0,1,1,1,1,0,0,0,0.1417,0.093447,0.271193,Normal
2024-01-20 22:00:00,Dorm B,Room 105,19,Medium,3,0.5098686890462929,0.1795859885141966,0.4017587696835569,1,0,1,1,1,1,0,0,1,0.14,0.107639,0.361915,Normal
2024-01-20 22:30:00,Dorm B,Room 104,25,Medium,3,0.6072613003627221,0.529062334094965,0.562713531987493,1,0,1,1,1,1,0,0,0,0.1436,0.099234,0.190929,Normal
2024-01-20 23:00:00,Dorm C,Room 101,21,Medium,1,0.4665866926216003,0.5474612589823646,0.5720367157798676,1,0,1,1,1,1,0,0,1,0.138,0.091012,0.169862,Normal
2024-01-20 23:30:00,Dorm B,Room 107,14,Small,3,0.8020203556844349,0.515700476710047,0.3824140780438667,0,0,1,1,0,1,0,0,1,0.1073,0.089469,0.263692,Normal
2024-01-21 00:00:00,Dorm A,Room 105,18,Medium,1,0.4173485981196312,0.0591187515628902,0.2926515528111597,1,0,0,1,0,0,0,0,1,0.0883,0.075389,0.162491,Normal
2024-01-21 00:30:00,Dorm B,Room 106,24,Medium,2,0.8089289039260279,0.3100809591731837,0.5323939665049298,1,0,0,1,1,1,0,0,0,0.1034,0.055798,0.267154,Normal
2024-01-21 01:00:00,Dorm B,Room 107,14,Small,3,0.5310758724927095,0.3861403691104584,0.2738935217249178,1,0,0,1,0,1,0,1,0,0.2655,0.18717,0.259107,Normal
2024-01-21 01:30:00,Dorm A,Room 106,32,Large,3,0.3417975699961855,0.5389438827451907,0.4808842354137228,1,0,1,1,1,0,0,0,1,0.1377,0.098133,0.329098,Normal
2024-01-21 02:00:00,Dorm A,Room 104,32,Large,3,0.7099927853400506,0.5386029273334136,0.4089912729616227,0,0,1,1,0,1,0,0,0,0.0979,0.072105,0.313114,Normal
2024-01-21 02:30:00,Dorm B,Room 103,12,Small,1,0.5432900556208661,0.4710647685437443,0.6088495170733403,0,0,0,1,0,0,0,0,1,0.0641,0.033459,0.184321,Normal
2024-01-21 03:00:00,Dorm A,Room 108,15,Small,1,0.6406163720571391,0.58943798659633,0.4155177534149491,1,1,0,1,1,0,0,0,0,0.7359,0.448673,0.18202,Normal
2024-01-21 03:30:00,Dorm C,Room 108,20,Medium,1,0.69063771663931,0.3452627412945603,0.5954858581517818,1,0,1,1,1,0,0,0,0,0.1327,0.081318,0.216183,Normal
2024-01-21 04:00:00,Dorm A,Room 101,20,Medium,2,0.5717481424309713,0.5857623940889742,0.4009576020007254,0,0,1,1,1,1,0,1,0,0.3159,0.210269,0.240972,Normal
2024-01-21 04:30:00,Dorm C,Room 103,22,Medium,2,0.4469139531173327,0.5658501142188608,0.5826153060351144,1,0,1,1,0,1,0,0,1,0.1286,0.098411,0.138959,Normal
2024-01-21 05:00:00,Dorm B,Room 104,25,Medium,3,0.6573364987902025,0.5515672836133811,0.7098249132039297,1,1,0,0,0,1,0,1,1,0.8358,0.577992,0.188233,Normal
2024-01-21 05:30:00,Dorm A,Room 108,15,Small,1,0.5264952318496342,0.4693281740529012,0.3345140317728297,0,0,0,1,1,1,0,0,1,0.0915,0.038693,0.189733,Normal
2024-01-21 06:00:00,Dorm B,Room 104,25,Medium,3,0.6184373117218054,0.7651305605198606,0.4976823426500192,1,0,0,1,1,1,0,0,0,0.1047,0.056852,0.199369,Normal
2024-01-21 06:30:00,Dorm C,Room 104,13,Small,2,0.2373589552082755,0.5685620859895497,0.7924167445773397,1,0,1,1,0,1,0,1,0,0.3283,0.186855,0.294174,Normal
2024-01-21 07:00:00,Dorm B,Room 101,14,Small,4,0.586379668279121,0.3537727862265095,0.4706356162329519,0,0,0,1,1,1,1,0,1,0.8483,0.60827,0.299728,Normal
2024-01-21 07:30:00,Dorm B,Room 106,24,Medium,2,0.4406943654528239,0.532572580834163,0.4700596963778982,1,1,1,1,0,1,1,0,1,1.504,0.946683,0.262457,Abnormal
2024-01-21 08:00:00,Dorm B,Room 104,25,Medium,3,0.7482712517440555,0.6066674700312242,0.5572427329127775,0,0,1,1,0,0,0,1,1,0.2998,0.198568,0.19541,Normal
2024-01-21 08:30:00,Dorm C,Room 101,21,Medium,1,0.6100133908876015,0.4096516673623115,0.4675754414984291,0,0,1,1,1,1,0,0,0,0.1281,0.104008,0.167787,Normal
2024-01-21 09:00:00,Dorm A,Room 105,18,Medium,1,0.5585832232958704,0.6561625667592101,0.2578321343862085,0,1,1,1,0,1,0,0,0,0.6655,0.411514,0.160638,Normal
2024-01-21 09:30:00,Dorm A,Room 108,15,Small,1,0.5916576004443639,0.5522255215056779,0.5984868207974834,0,0,1,1,1,1,1,0,0,0.8148,0.51065,0.19004,Normal
2024-01-21 10:00:00,Dorm B,Room 105,19,Medium,3,0.3924011117833283,0.1518263420998132,0.2223544961771836,1,0,1,1,0,1,0,0,1,0.1218,0.061482,0.35586,Normal
2024-01-21 10:30:00,Dorm A,Room 107,25,Medium,3,0.744238087096459,0.5401214940938166,0.4126447552148463,1,0,1,1,0,1,0,0,0,0.1222,0.084662,0.250058,Normal
2024-01-21 11:00:00,Dorm A,Room 107,25,Medium,3,0.793639674597454,0.4364103892942716,0.6075011257190255,1,0,1,1,1,1,0,1,0,0.3397,0.214991,0.245332,Normal
2024-01-21 11:30:00,Dorm C,Room 108,20,Medium,1,0.5791236084525696,0.5750260720896776,0.419872817676836,1,0,1,1,0,1,0,0,1,0.1166,0.074421,0.213313,Normal
2024-01-21 12:00:00,Dorm C,Room 102,22,Medium,2,0.7398291334064682,0.6348446699482109,0.379424650353248,1,0,1,1,0,0,0,0,1,0.1132,0.056662,0.24119,Normal
2024-01-21 12:30:00,Dorm B,Room 106,24,Medium,2,0.4500130317240209,0.5247625271947929,0.5681317495220621,1,0,1,1,0,1,0,0,1,0.124,0.099219,0.277331,Normal
2024-01-21 13:00:00,Dorm B,Room 105,19,Medium,3,0.4194196302854875,0.7408096193258131,0.3605392736257716,1,1,1,1,1,1,0,0,0,0.6881,0.490972,0.349014,Normal
2024-01-21 13:30:00,Dorm A,Room 105,18,Medium,1,0.5318860231657935,0.4698180780323044,0.3160173214545743,1,0,1,1,0,0,0,1,0,0.3009,0.176551,0.165864,Normal
2024-01-21 14:00:00,Dorm B,Room 108,20,Medium,3,0.584763785484113,0.5879055110990479,0.4955802708843416,1,0,1,1,1,1,0,0,0,0.1367,0.070042,0.339641,Normal
2024-01-21 14:30:00,Dorm C,Room 107,21,Medium,2,0.473520052447543,0.6143769677033648,0.4407017987975923,1,0,1,1,1,1,0,0,0,0.1395,0.082913,0.199158,Normal
2024-01-21 15:00:00,Dorm A,Room 108,15,Small,1,0.5985633918616531,0.4817750242126018,0.3134442906108204,1,0,1,1,1,1,0,0,1,0.1382,0.061303,0.188644,Normal
2024-01-21 15:30:00,Dorm B,Room 108,20,Medium,3,0.5675119133708607,0.6105312324194931,0.5390618028876443,1,0,0,1,0,1,0,0,0,0.0908,0.056576,0.333222,Normal
2024-01-21 16:00:00,Dorm B,Room 107,14,Small,3,0.3924191052594697,0.4086869530861808,0.518371289934293,1,1,1,1,1,1,0,1,0,0.8995,0.58848,0.257263,Normal
2024-01-21 16:30:00,Dorm A,Room 107,25,Medium,3,0.5960168862733665,0.4339797492854272,0.41948740545908,1,1,1,1,1,0,0,0,1,0.7706,0.547506,0.24449,Normal
2024-01-21 17:00:00,Dorm B,Room 105,19,Medium,3,0.6422810326382179,0.3031954691289777,0.4276960722784444,1,0,1,1,0,1,0,0,0,0.1159,0.048738,0.352241,Normal
2024-01-21 17:30:00,Dorm C,Room 108,20,Medium,1,0.5494053614919554,0.5315590794852822,0.5190797255490374,1,0,0,1,0,1,0,1,0,0.3033,0.168578,0.21042,Normal
2024-01-21 18:00:00,Dorm B,Room 108,20,Medium,3,0.6810814875425883,0.5438807324940669,0.6054539285320844,1,0,1,1,1,1,1,0,1,0.8473,0.603163,0.326789,Normal
2024-01-21 18:30:00,Dorm A,Room 101,20,Medium,2,0.3630158537747171,0.669387792636053,0.4287204664265291,1,1,1,1,0,0,0,0,1,0.7756,0.484166,0.240274,Normal
2024-01-21 19:00:00,Dorm B,Room 106,24,Medium,2,0.5891937098167943,0.6123485173511571,0.5411895743491318,0,0,1,1,1,1,0,0,0,0.1205,0.101586,0.273542,Normal
2024-01-21 19:30:00,Dorm A,Room 103,17,Medium,2,0.3693398649004291,0.4542270963921763,0.530453720487468,0,0,1,1,1,0,0,0,1,0.1208,0.077169,0.176196,Normal
2024-01-21 20:00:00,Dorm B,Room 107,14,Small,3,0.3768819281419432,0.3229337612460838,0.568136954699053,1,1,1,1,1,1,0,1,1,0.941,0.631746,0.265543,Normal
2024-01-21 20:30:00,Dorm C,Room 106,15,Small,1,0.4417216803807212,0.5596936344655203,0.4673628958872089,0,0,1,1,0,0,0,0,0,0.087,0.057783,0.184552,Normal
2024-01-21 21:00:00,Dorm C,Room 102,22,Medium,2,0.3999675086788873,0.6593194421187385,0.353195860027212,0,0,1,1,0,1,0,0,0,0.1041,0.072346,0.236577,Normal
2024-01-21 21:30:00,Dorm A,Room 103,17,Medium,2,0.4528517227829718,0.6070645015350102,0.4071612540807472,1,1,0,1,1,1,0,0,0,0.7355,0.470775,0.173002,Normal
2024-01-21 22:00:00,Dorm C,Room 105,11,Small,1,0.4976544476673189,0.6554579257984563,0.5037789163975601,0,0,0,0,1,1,0,0,1,0.034,0.018364,0.275931,Normal
2024-01-21 22:30:00,Dorm A,Room 105,18,Medium,1,0.6387416225987468,0.4649414967320514,0.6808070572445695,1,1,1,1,1,1,0,0,1,0.726,0.475421,0.165835,Normal
2024-01-21 23:00:00,Dorm A,Room 107,25,Medium,3,0.4832936655532998,0.4275060015269403,0.4045794564259115,0,0,1,1,0,1,0,0,1,0.1095,0.062972,0.252679,Normal
2024-01-21 23:30:00,Dorm B,Room 108,20,Medium,3,0.3135997475820823,0.3877848173072395,0.5591968538607024,1,0,1,1,0,1,0,0,1,0.1212,0.082646,0.33307,Normal
2024-01-22 00:00:00,Dorm A,Room 106,32,Large,3,0.6793931923002428,0.4878665174543606,0.4232902630728241,1,1,0,1,0,1,0,0,1,0.7394,0.508961,0.323727,Normal
2024-01-22 00:30:00,Dorm A,Room 107,25,Medium,3,0.4140546961841825,0.4845313180842303,0.4758998645399196,1,1,0,0,0,1,0,0,0,0.6315,0.433636,0.247687,Normal
2024-01-22 01:00:00,Dorm B,Room 102,14,Small,2,0.5185134442586586,0.5264548777032301,0.6444482186946839,0,1,0,1,0,1,0,0,1,0.6403,0.435627,0.261607,Normal
2024-01-22 01:30:00,Dorm B,Room 102,14,Small,2,0.586319920210737,0.4770793761738118,0.5543387099614944,1,0,1,1,0,1,0,0,1,0.1268,0.075267,0.266311,Normal
2024-01-22 02:00:00,Dorm C,Room 103,22,Medium,2,0.5531819526615666,0.4764429915278355,0.3137290789209341,1,0,0,1,0,0,0,0,1,0.0811,0.038143,0.137919,Normal
2024-01-22 02:30:00,Dorm C,Room 102,22,Medium,2,0.6732348921737535,0.3819368105929792,0.3939675159847721,1,1,0,1,1,1,0,0,0,0.7635,0.496024,0.232571,Normal
2024-01-22 03:00:00,Dorm C,Room 107,21,Medium,2,0.5906770067848979,0.6344631825977645,0.6133551035129111,1,0,1,1,0,1,0,1,0,0.3097,0.217219,0.195929,Normal
2024-01-22 03:30:00,Dorm B,Room 101,14,Small,4,0.4108043988054055,0.5073263942512638,0.4796680175061601,0,1,0,1,1,1,0,0,1,0.7045,0.498109,0.306292,Normal
2024-01-22 04:00:00,Dorm B,Room 106,24,Medium,2,0.8187611769807702,0.4704445688556396,0.3248213471077998,0,0,0,1,1,1,0,0,0,0.0836,0.055453,0.269959,Normal
2024-01-22 04:30:00,Dorm A,Room 106,32,Large,3,0.5524737748958114,0.3862376180799593,0.3643977701550821,1,1,1,1,1,1,0,0,1,0.7218,0.491311,0.327936,Normal
2024-01-22 05:00:00,Dorm C,Room 104,13,Small,2,0.5066204925742392,0.3003408214979422,0.5470446839844266,1,0,0,1,0,1,1,0,0,0.839,0.534226,0.291619,Normal
2024-01-22 05:30:00,Dorm B,Room 104,25,Medium,3,0.6557545320576789,0.6883019275599582,0.5819457900008465,1,0,1,1,0,1,0,1,1,0.3422,0.250505,0.195495,Normal
2024-01-22 06:00:00,Dorm B,Room 105,19,Medium,3,0.5598706496462077,0.5775918624240537,0.4647890849227742,1,0,1,1,0,1,0,1,0,0.3119,0.216372,0.345496,Normal
2024-01-22 06:30:00,Dorm C,Room 101,21,Medium,1,0.5799710512699688,0.2574272820143924,0.7596088816946042,0,0,0,1,1,1,0,0,0,0.093,0.084791,0.166152,Normal
2024-01-22 07:00:00,Dorm A,Room 103,17,Medium,2,0.8608498437074904,0.6082339245775885,0.5615200514890712,0,0,0,1,0,1,0,0,0,0.0631,0.042515,0.182307,Normal
2024-01-22 07:30:00,Dorm B,Room 103,12,Small,1,0.489472003574156,0.6316506507982105,0.4334367199333535,1,0,0,1,0,1,0,0,1,0.0991,0.065005,0.18035,Normal
2024-01-22 08:00:00,Dorm A,Room 103,17,Medium,2,0.4837497032651318,0.5143597006451253,0.3647872384073261,0,1,1,1,1,1,0,0,0,0.7125,0.45428,0.178071,Normal
2024-01-22 08:30:00,Dorm C,Room 107,21,Medium,2,0.5420389072434009,0.730942407770639,0.3456907200921822,1,0,1,1,1,1,0,0,0,0.1383,0.080538,0.196504,Normal
2024-01-22 09:00:00,Dorm A,Room 101,20,Medium,2,0.6701933908019218,0.5279306700412711,0.502887286460457,0,0,1,1,1,0,1,0,0,0.8353,0.5538,0.245694,Normal
2024-01-22 09:30:00,Dorm C,Room 101,21,Medium,1,0.3242140063969755,0.2878622341502132,0.4040087114452279,0,0,0,1,0,1,1,0,0,0.8207,0.512594,0.164118,Normal
2024-01-22 10:00:00,Dorm C,Room 105,11,Small,1,0.2626123682965836,0.5497470542416885,0.6634450122361832,1,0,1,0,1,1,0,0,0,0.0817,0.041752,0.268777,Normal
2024-01-22 10:30:00,Dorm A,Room 103,17,Medium,2,0.4476018152718468,0.5320717094632699,0.6385595276305537,1,0,0,1,0,0,0,0,0,0.0743,0.040536,0.186195,Normal
2024-01-22 11:00:00,Dorm C,Room 108,20,Medium,1,0.3071181611747223,0.4074195749063929,0.5385956027387235,0,1,1,1,0,1,0,1,1,0.9236,0.533947,0.212767,Normal
2024-01-22 11:30:00,Dorm B,Room 108,20,Medium,3,0.4693806374655653,0.5803723984992755,0.3212035437880616,1,0,1,1,0,1,0,0,1,0.1254,0.122014,0.327505,Normal
2024-01-22 12:00:00,Dorm C,Room 103,22,Medium,2,0.5938302904525364,0.2509980821283138,0.3820013073096138,1,1,1,1,1,0,0,1,0,0.9279,0.601,0.135425,Normal
2024-01-22 12:30:00,Dorm C,Room 107,21,Medium,2,0.406853588913914,0.6416566411707951,0.6132898619152497,1,1,1,1,0,0,0,1,0,0.919,0.567081,0.193453,Normal
2024-01-22 13:00:00,Dorm B,Room 107,14,Small,3,0.3349109036755739,0.3670308210300778,0.395096286861277,1,1,0,1,0,1,0,1,0,0.918,0.612271,0.274475,Normal
2024-01-22 13:30:00,Dorm A,Room 106,32,Large,3,0.5356990249636703,0.3513317123336603,0.5972696544467001,1,1,1,1,0,1,1,0,0,1.4301,0.980645,0.331567,Abnormal
2024-01-22 14:00:00,Dorm B,Room 105,19,Medium,3,0.6421488761871209,0.4793532696892982,0.5195849383672453,1,0,1,0,0,0,0,0,0,0.0514,0.047444,0.342689,Normal
2024-01-22 14:30:00,Dorm C,Room 101,21,Medium,1,0.2989250665564217,0.5597116410363665,0.4688515583838873,0,0,1,0,0,1,0,1,0,0.2255,0.138267,0.172617,Normal
2024-01-22 15:00:00,Dorm C,Room 108,20,Medium,1,0.6364706450476494,0.5201717370716759,0.378328571560824,1,0,1,1,0,1,0,0,0,0.1188,0.048452,0.213902,Normal
2024-01-22 15:30:00,Dorm C,Room 106,15,Small,1,0.636077943971794,0.3869386386961299,0.4513406188931012,1,0,1,1,0,0,0,1,1,0.3256,0.193597,0.181735,Normal
2024-01-22 16:00:00,Dorm C,Room 104,13,Small,2,0.6544339416066925,0.4217053720215651,0.4853989447317561,1,0,0,1,1,0,0,0,1,0.1026,0.083958,0.297261,Normal
2024-01-22 16:30:00,Dorm B,Room 107,14,Small,3,0.6899162866160375,0.3295672257312848,0.5865200569283423,1,0,1,1,0,1,0,0,0,0.1248,0.10098,0.282518,Normal
2024-01-22 17:00:00,Dorm C,Room 108,20,Medium,1,0.8219084481225416,0.4630618009393454,0.356385835718001,1,1,0,1,1,1,0,0,0,0.7214,0.472207,0.213767,Normal
2024-01-22 17:30:00,Dorm B,Room 106,24,Medium,2,0.4786055868016464,0.6540682094593069,0.4311170190569926,1,0,0,0,1,1,0,0,1,0.051,0.055062,0.269866,Normal
2024-01-22 18:00:00,Dorm A,Room 103,17,Medium,2,0.5410985631734686,0.4954546735352002,0.4680243990875691,1,0,1,1,1,0,0,1,1,0.337,0.216367,0.182033,Normal
2024-01-22 18:30:00,Dorm B,Room 105,19,Medium,3,0.4705069830964433,0.6223822237179721,0.5421481135395726,1,0,1,1,1,1,1,1,1,1.0584,0.733849,0.336407,Abnormal
2024-01-22 19:00:00,Dorm B,Room 102,14,Small,2,0.5266591377216054,0.7099695550113267,0.3536590830212653,0,0,0,1,0,0,1,0,1,0.7819,0.502653,0.261283,Normal
2024-01-22 19:30:00,Dorm B,Room 107,14,Small,3,0.732108465490404,0.409664905664216,0.3046989205449694,1,0,1,1,1,1,1,1,1,1.1525,0.834787,0.278296,Abnormal
2024-01-22 20:00:00,Dorm B,Room 102,14,Small,2,0.345890247713573,0.4686620224014622,0.5435021833320296,1,1,1,0,1,0,1,0,1,1.4821,0.93331,0.267472,Abnormal
2024-01-22 20:30:00,Dorm B,Room 104,25,Medium,3,0.4108392789081793,0.8151635618668922,0.2805395661482136,1,0,0,1,0,1,1,0,0,0.8502,0.55323,0.196943,Normal
2024-01-22 21:00:00,Dorm B,Room 107,14,Small,3,0.7112142361143642,0.7083444623986936,0.6168052276535035,1,0,1,1,1,1,0,0,1,0.1456,0.083764,0.290944,Normal
2024-01-22 21:30:00,Dorm A,Room 105,18,Medium,1,0.6632847500539402,0.2503015920290881,0.4439406365209012,1,0,0,1,1,1,0,0,1,0.1148,0.093365,0.17178,Normal
2024-01-22 22:00:00,Dorm C,Room 108,20,Medium,1,0.477660858854808,0.5529771738208336,0.2769906355772135,0,1,1,1,0,1,0,0,1,0.7334,0.474291,0.2129,Normal
2024-01-22 22:30:00,Dorm C,Room 104,13,Small,2,0.6410562730626852,0.4961634599809951,0.4050112747027712,1,1,1,0,1,1,0,0,1,0.7453,0.479015,0.292413,Normal
2024-01-22 23:00:00,Dorm B,Room 101,14,Small,4,0.5721856795502114,0.6175381948570331,0.5081302262369667,1,0,1,1,0,1,0,0,0,0.12,0.075912,0.310288,Normal
2024-01-22 23:30:00,Dorm B,Room 107,14,Small,3,0.727733649469378,0.3865977458655914,0.398739170849583,1,0,1,1,1,1,0,0,0,0.1447,0.065506,0.28634,Normal
2024-01-23 00:00:00,Dorm C,Room 105,11,Small,1,0.5363931755431961,0.3726908093542937,0.4650499520436852,1,0,1,1,1,1,0,0,1,0.1511,0.075218,0.262641,Normal
2024-01-23 00:30:00,Dorm B,Room 103,12,Small,1,0.6640356915332468,0.3967245968805971,0.551433745276347,0,0,1,1,0,1,0,0,1,0.105,0.062187,0.177393,Normal
2024-01-23 01:00:00,Dorm B,Room 108,20,Medium,3,0.8809570446583216,0.4120295169482301,0.4383903441273972,1,1,1,0,1,1,0,0,0,0.6749,0.478852,0.323038,Normal
2024-01-23 01:30:00,Dorm B,Room 108,20,Medium,3,0.6066599261791891,0.6159026652670656,0.3502287575943327,1,1,1,0,0,1,0,0,0,0.6092,0.388724,0.326353,Normal
2024-01-23 02:00:00,Dorm A,Room 102,15,Small,3,0.5330137782915539,0.322489718268299,0.4267780675573838,1,0,0,1,0,1,0,0,0,0.089,0.038668,0.301678,Normal
2024-01-23 02:30:00,Dorm A,Room 107,25,Medium,3,0.6233476499652753,0.4045807063977113,0.6323845032107298,1,1,1,0,0,1,0,0,0,0.6551,0.48073,0.252455,Normal
2024-01-23 03:00:00,Dorm A,Room 104,32,Large,3,0.4773724304525519,0.2331646909655731,0.664803136673204,1,0,1,1,0,1,0,1,0,0.3153,0.230815,0.30581,Normal
2024-01-23 03:30:00,Dorm A,Room 101,20,Medium,2,0.8468638118608988,0.6440890052415174,0.2203176846596428,1,0,1,1,0,1,0,0,1,0.1178,0.08213,0.252392,Normal
2024-01-23 04:00:00,Dorm A,Room 107,25,Medium,3,0.5505597292763149,0.6828740269520115,0.5935369478780417,0,0,1,1,1,1,0,1,0,0.3352,0.23191,0.258162,Normal
2024-01-23 04:30:00,Dorm A,Room 107,25,Medium,3,0.4897656519824959,0.4480138641238972,0.4926570641645091,1,0,1,1,0,1,0,0,0,0.118,0.080147,0.257521,Normal
2024-01-23 05:00:00,Dorm A,Room 106,32,Large,3,0.4142427304019856,0.4522939891378191,0.573496633548308,0,1,1,1,1,1,0,0,1,0.7327,0.490221,0.345677,Normal
2024-01-23 05:30:00,Dorm B,Room 105,19,Medium,3,0.6736429526003075,0.56268746663013,0.3966052545920125,1,0,0,1,0,1,0,0,0,0.0823,0.05749,0.344687,Normal
2024-01-23 06:00:00,Dorm B,Room 108,20,Medium,3,0.6427721005022184,0.7127736844662727,0.2505095009617198,0,0,0,1,0,1,0,1,0,0.2568,0.15447,0.327652,Normal
2024-01-23 06:30:00,Dorm A,Room 105,18,Medium,1,0.4596479047826265,0.5561313312717928,0.5327677586490263,0,0,0,1,1,1,0,0,0,0.0934,0.053526,0.173021,Normal
2024-01-23 07:00:00,Dorm A,Room 108,15,Small,1,0.6037547474390474,0.3935691468009409,0.3497585273954049,1,0,1,1,0,0,0,1,0,0.3121,0.165319,0.186029,Normal
2024-01-23 07:30:00,Dorm B,Room 102,14,Small,2,0.3239426583309556,0.2581760921235093,0.2960943993536681,1,1,0,1,0,1,0,0,0,0.732,0.460184,0.284118,Normal
2024-01-23 08:00:00,Dorm A,Room 104,32,Large,3,0.5512172568448767,0.3322002056937217,0.3044791858598433,0,1,1,1,0,0,0,1,0,0.8904,0.615852,0.303605,Normal
2024-01-23 08:30:00,Dorm B,Room 105,19,Medium,3,0.5871546356816598,0.5068416243220364,0.5347382551297192,1,0,1,1,0,0,1,0,1,0.856,0.580465,0.335748,Normal
2024-01-23 09:00:00,Dorm A,Room 101,20,Medium,2,0.7555208653023128,0.3997730536170604,0.4793770225614975,0,0,1,1,0,1,0,0,1,0.1083,0.076547,0.24877,Normal
2024-01-23 09:30:00,Dorm A,Room 104,32,Large,3,0.4229484393498216,0.5247339664704613,0.5565189665243436,1,0,1,0,0,1,0,0,1,0.0654,0.042369,0.312526,Normal
2024-01-23 10:00:00,Dorm B,Room 108,20,Medium,3,0.354836400001857,0.4148224567777104,0.5429155453468535,1,0,1,1,1,1,1,0,0,0.8357,0.563221,0.329058,Normal
2024-01-23 10:30:00,Dorm A,Room 103,17,Medium,2,0.4062256448282297,0.3405740639698435,0.4121478523859693,1,1,1,1,0,1,0,0,0,0.7211,0.467084,0.182987,Normal
2024-01-23 11:00:00,Dorm A,Room 101,20,Medium,2,0.3470237153541805,0.3231024815987296,0.4541923236393602,0,0,1,1,1,0,0,1,0,0.3153,0.187399,0.245182,Normal
2024-01-23 11:30:00,Dorm A,Room 108,15,Small,1,0.7057758920114852,0.725687585058711,0.4012901470216441,1,1,1,1,0,1,1,0,0,1.5524,0.965471,0.177893,Abnormal
2024-01-23 12:00:00,Dorm A,Room 101,20,Medium,2,0.7342242856166049,0.6267283975322429,0.4374141007181993,0,0,1,0,0,1,0,1,0,0.2377,0.138979,0.247639,Normal
2024-01-23 12:30:00,Dorm A,Room 107,25,Medium,3,0.5693675368780073,0.7504011863542197,0.3466060345489925,1,1,1,1,0,0,0,1,0,0.8659,0.580539,0.253298,Normal
2024-01-23 13:00:00,Dorm A,Room 108,15,Small,1,0.6902940290364858,0.5754333158926883,0.5094931577820964,1,0,1,1,0,0,1,0,0,0.848,0.550033,0.196204,Normal
2024-01-23 13:30:00,Dorm B,Room 108,20,Medium,3,0.5443713198451549,0.4328888534131758,0.5916285755733665,1,1,1,1,0,1,0,0,0,0.7803,0.544532,0.339344,Normal
2024-01-23 14:00:00,Dorm B,Room 106,24,Medium,2,0.5136296707605649,0.690561719387679,0.3646784283635716,1,0,1,1,1,1,0,0,1,0.1468,0.088313,0.270403,Normal
2024-01-23 14:30:00,Dorm B,Room 103,12,Small,1,0.4816995366686811,0.4912214296765811,0.616360132895968,1,1,1,0,1,0,0,0,1,0.6517,0.397268,0.174513,Normal
2024-01-23 15:00:00,Dorm C,Room 105,11,Small,1,0.4847387587187913,0.5285364653944868,0.4762660999661021,1,0,1,1,0,0,0,0,0,0.1087,0.046974,0.257709,Normal
2024-01-23 15:30:00,Dorm C,Room 104,13,Small,2,0.3186758230909871,0.4897876148986104,0.491569093004405,1,1,1,1,1,1,0,1,0,0.9801,0.600774,0.29656,Normal
2024-01-23 16:00:00,Dorm A,Room 101,20,Medium,2,0.5618573511433957,0.0629988298119896,0.2587674727305383,1,0,0,1,0,0,0,0,0,0.0802,0.058677,0.232371,Normal
2024-01-23 16:30:00,Dorm A,Room 101,20,Medium,2,0.520980951048525,0.7319158998256978,0.2458308387129609,1,0,0,1,0,1,0,0,0,0.0891,0.051484,0.233593,Normal
2024-01-23 17:00:00,Dorm A,Room 104,32,Large,3,0.6264227188620693,0.5682399835736462,0.4799365474089967,1,1,1,1,1,1,0,1,0,0.9919,0.681099,0.305022,Abnormal
2024-01-23 17:30:00,Dorm C,Room 101,21,Medium,1,0.5389448787328628,0.544552551439726,0.5573906764387598,1,1,1,1,0,0,0,1,0,0.9343,0.590488,0.1718,Abnormal
2024-01-23 18:00:00,Dorm B,Room 101,14,Small,4,0.5045586839687974,0.4870024415248722,0.3821018931140771,1,1,1,1,0,1,1,0,1,1.5441,1.0,0.307497,Abnormal
2024-01-23 18:30:00,Dorm C,Room 105,11,Small,1,0.4094780203024163,0.5200988082793547,0.6630071415506873,1,0,0,0,1,1,0,0,1,0.0509,0.027572,0.252305,Normal
2024-01-23 19:00:00,Dorm B,Room 107,14,Small,3,0.536076947790881,0.4083039781908361,0.5508168157115819,1,0,1,1,1,1,0,1,1,0.3267,0.241024,0.281539,Normal
2024-01-23 19:30:00,Dorm C,Room 106,15,Small,1,0.6254667320324024,0.5866947706530612,0.3536738495513656,1,1,1,1,0,1,0,0,1,0.7858,0.486089,0.181993,Normal
2024-01-23 20:00:00,Dorm B,Room 105,19,Medium,3,0.3729554961731093,0.3039876440416209,0.4663478910625214,1,1,1,1,1,1,0,0,0,0.7739,0.502305,0.338676,Normal
2024-01-23 20:30:00,Dorm C,Room 108,20,Medium,1,0.5381329913362003,0.5234261132629641,0.7598026721835094,1,1,1,1,1,0,0,0,0,0.7023,0.41733,0.221236,Normal
2024-01-23 21:00:00,Dorm A,Room 103,17,Medium,2,0.5576686644723723,0.578611007557515,0.3135773500274557,1,1,1,1,0,1,0,0,0,0.6946,0.472324,0.190665,Normal
2024-01-23 21:30:00,Dorm B,Room 107,14,Small,3,0.4300281326447691,0.4668843900561476,0.5260232175483232,1,0,1,1,0,1,0,0,0,0.1129,0.066505,0.280677,Normal
2024-01-23 22:00:00,Dorm C,Room 101,21,Medium,1,0.4475023670105106,0.550584558856432,0.423927528229264,1,0,1,1,0,1,0,0,1,0.1291,0.079403,0.181536,Normal
2024-01-23 22:30:00,Dorm C,Room 105,11,Small,1,0.5573422714900728,0.3503928811334924,0.547452912010077,0,1,0,1,0,1,0,0,0,0.7256,0.480087,0.246687,Normal
2024-01-23 23:00:00,Dorm B,Room 101,14,Small,4,0.374286507661023,0.3541415269422919,0.6146810414255834,0,0,1,1,1,1,0,0,0,0.1227,0.073761,0.307497,Normal
2024-01-23 23:30:00,Dorm B,Room 103,12,Small,1,0.5733542932295689,0.5308695354291497,0.4163103674264765,1,0,1,1,0,1,0,0,1,0.1175,0.075071,0.179946,Normal
2024-01-24 00:00:00,Dorm B,Room 104,25,Medium,3,0.4062355203842795,0.5958020374953013,0.5968822178355269,0,0,0,1,0,1,0,0,1,0.0711,0.049326,0.206078,Normal
2024-01-24 00:30:00,Dorm B,Room 106,24,Medium,2,0.6690309007865798,0.2205475410656744,0.729123411251471,1,1,0,1,1,1,0,0,1,0.7639,0.508071,0.26785,Normal
2024-01-24 01:00:00,Dorm C,Room 105,11,Small,1,0.8401349304302005,0.5727982518752757,0.4705979351002367,0,0,0,1,1,0,0,0,1,0.0829,0.067427,0.252379,Normal
2024-01-24 01:30:00,Dorm B,Room 103,12,Small,1,0.4108785827013974,0.4162512951568691,0.5568096122405375,1,0,0,1,1,1,0,0,0,0.1041,0.069256,0.177449,Normal
2024-01-24 02:00:00,Dorm C,Room 106,15,Small,1,0.5980855888307063,0.4677460338941052,0.391812176351884,1,0,1,1,0,0,0,0,0,0.1096,0.071472,0.188463,Normal
2024-01-24 02:30:00,Dorm B,Room 105,19,Medium,3,0.4288636458764365,0.2992232045060181,0.4649575228517832,1,1,1,1,0,1,0,1,0,0.9541,0.667301,0.347594,Normal
2024-01-24 03:00:00,Dorm B,Room 107,14,Small,3,0.666091942161094,0.3709259645399913,0.4414513922236274,1,0,0,1,0,1,0,0,0,0.0841,0.036288,0.276215,Normal
2024-01-24 03:30:00,Dorm B,Room 105,19,Medium,3,0.3565936700847247,0.6380646741861098,0.5582549120525516,0,0,1,1,0,1,1,0,1,0.8756,0.565497,0.342637,Normal
2024-01-24 04:00:00,Dorm C,Room 107,21,Medium,2,0.5908895310424577,0.5009108229197345,0.6071712322832474,1,0,0,1,0,1,0,0,0,0.0829,0.053495,0.203033,Normal
2024-01-24 04:30:00,Dorm C,Room 108,20,Medium,1,0.4092370020347263,0.4398273616381921,0.4494917699551023,1,0,1,1,1,1,0,0,0,0.1304,0.087409,0.228686,Normal
2024-01-24 05:00:00,Dorm B,Room 101,14,Small,4,0.498616101624898,0.4789618251447878,0.6466347923675357,1,0,1,1,0,1,0,0,0,0.1136,0.080096,0.304568,Normal
2024-01-24 05:30:00,Dorm C,Room 105,11,Small,1,0.3880282181202702,0.5679766102121528,0.6462058533106229,0,0,1,1,0,1,0,0,0,0.1065,0.054902,0.247976,Normal
2024-01-24 06:00:00,Dorm A,Room 108,15,Small,1,0.6367548945619966,0.5608170241857235,0.5642435221634425,0,0,0,1,0,1,0,0,0,0.0685,0.062108,0.206036,Normal
2024-01-24 06:30:00,Dorm C,Room 102,22,Medium,2,0.4140694287658034,0.485055059877214,0.4007396071389899,1,0,0,1,0,1,0,1,0,0.2891,0.197501,0.238844,Normal
2024-01-24 07:00:00,Dorm C,Room 108,20,Medium,1,0.6004685322841111,0.6567043949041733,0.3892462654587087,1,0,0,1,1,1,0,0,0,0.1139,0.062364,0.220753,Normal
2024-01-24 07:30:00,Dorm C,Room 104,13,Small,2,0.4802152079628552,0.638702093249879,0.3651860998470931,1,0,1,0,1,1,1,0,0,0.7581,0.515154,0.303173,Normal
2024-01-24 08:00:00,Dorm C,Room 102,22,Medium,2,0.5110314234441716,0.5568310577555755,0.5765178696151988,0,0,1,1,0,1,0,0,0,0.1041,0.061409,0.237883,Normal
2024-01-24 08:30:00,Dorm B,Room 104,25,Medium,3,0.5462229751267966,0.5041070081265691,0.3172719028009162,0,0,1,1,1,1,1,1,0,1.069,0.727291,0.202159,Abnormal
2024-01-24 09:00:00,Dorm B,Room 106,24,Medium,2,0.4241554694586698,0.5926822502933975,0.5438467956924276,0,0,1,0,0,1,0,0,0,0.0415,0.003695,0.269108,Normal
2024-01-24 09:30:00,Dorm A,Room 108,15,Small,1,0.5546255223407909,0.5422664668056638,0.3329469664740192,0,0,1,1,0,0,0,0,0,0.0869,0.05806,0.198869,Normal
2024-01-24 10:00:00,Dorm A,Room 102,15,Small,3,0.7317677546987176,0.6519782448055944,0.5614473208126368,1,0,1,1,0,1,0,0,1,0.1171,0.111044,0.296199,Normal
2024-01-24 10:30:00,Dorm A,Room 104,32,Large,3,0.4219719880828975,0.6282823168135012,0.4647128181320242,1,0,1,0,1,1,0,0,0,0.0795,0.081743,0.315186,Normal
2024-01-24 11:00:00,Dorm C,Room 101,21,Medium,1,0.6836530710632217,0.346436741753137,0.6226427998508249,1,0,1,1,1,0,0,0,0,0.1242,0.073359,0.179215,Normal
2024-01-24 11:30:00,Dorm B,Room 105,19,Medium,3,0.7274414950666616,0.3364860660197149,0.5995866046059294,1,1,1,1,0,1,0,1,1,0.8806,0.609504,0.340388,Normal
2024-01-24 12:00:00,Dorm B,Room 102,14,Small,2,0.4168642338319409,0.3930242709676605,0.6348109171772415,1,0,1,1,0,1,0,1,1,0.3471,0.222936,0.288412,Normal
2024-01-24 12:30:00,Dorm A,Room 108,15,Small,1,0.3311226466646345,0.6395362562087661,0.6379005256192247,1,0,1,1,0,1,0,0,0,0.1258,0.097306,0.196287,Normal
2024-01-24 13:00:00,Dorm A,Room 105,18,Medium,1,0.5669175889549407,0.2644239634335759,0.4798782988161256,0,1,1,1,0,1,0,0,0,0.6521,0.409813,0.173128,Normal
2024-01-24 13:30:00,Dorm B,Room 105,19,Medium,3,0.452930673261716,0.5540954168513585,0.3236272981519026,1,1,1,1,0,1,0,1,1,0.9942,0.683362,0.340329,Normal
2024-01-24 14:00:00,Dorm C,Room 105,11,Small,1,0.7771640745947694,0.5493611458020933,0.3363764465826397,0,1,1,1,0,1,0,0,1,0.7463,0.489458,0.243486,Normal
2024-01-24 14:30:00,Dorm B,Room 108,20,Medium,3,0.5310650817699799,0.6669460077376967,0.2122890505178498,1,0,1,1,0,1,0,0,0,0.1204,0.099191,0.346441,Normal
2024-01-24 15:00:00,Dorm A,Room 102,15,Small,3,0.4187371002949771,0.52258406012425,0.3326402664559382,1,0,1,0,1,1,0,0,1,0.0839,0.069303,0.298512,Normal
2024-01-24 15:30:00,Dorm B,Room 108,20,Medium,3,0.3724427748720118,0.298680699888082,0.4709037275206629,0,1,1,1,0,1,0,0,1,0.6807,0.444914,0.338327,Normal
2024-01-24 16:00:00,Dorm C,Room 105,11,Small,1,0.6726612339850239,0.3550926357908657,0.395505624695272,1,0,1,0,1,1,0,0,0,0.0788,0.052222,0.249076,Normal
2024-01-24 16:30:00,Dorm C,Room 107,21,Medium,2,0.4497398266531101,0.3223729793505863,0.4410362367462015,1,1,1,1,1,1,0,0,0,0.7302,0.463764,0.199294,Normal
2024-01-24 17:00:00,Dorm C,Room 108,20,Medium,1,0.5322757524952119,0.4170239517952233,0.5217577635428983,1,0,0,1,1,0,0,0,0,0.1013,0.076916,0.213153,Normal
2024-01-24 17:30:00,Dorm C,Room 108,20,Medium,1,0.6546644526752845,0.4692016199112016,0.4261684718122437,1,0,1,1,0,1,0,0,0,0.1172,0.081777,0.211444,Normal
2024-01-24 18:00:00,Dorm C,Room 102,22,Medium,2,0.4614054163976578,0.3248057842636598,0.3280618785917779,0,1,1,1,1,0,0,0,1,0.7186,0.472164,0.233872,Normal
2024-01-24 18:30:00,Dorm A,Room 108,15,Small,1,0.5202301019598099,0.7122122879526804,0.4562605846809994,1,1,1,1,0,0,0,0,1,0.6844,0.429599,0.196965,Normal
2024-01-24 19:00:00,Dorm B,Room 107,14,Small,3,0.5241703280213156,0.3013154336804497,0.3548556398102328,1,0,1,1,0,1,1,0,0,0.8008,0.523402,0.275021,Normal
2024-01-24 19:30:00,Dorm A,Room 103,17,Medium,2,0.6180973369191644,0.6939069374398183,0.4301609044749226,1,0,1,1,1,1,0,0,1,0.1491,0.106723,0.198077,Normal
2024-01-24 20:00:00,Dorm C,Room 101,21,Medium,1,0.6056728949076255,0.670254848539706,0.6237391284305723,1,1,0,1,0,0,0,0,1,0.668,0.399909,0.176863,Normal
2024-01-24 20:30:00,Dorm B,Room 101,14,Small,4,0.4968541448818688,0.6280973173312023,0.430194639013514,1,0,1,1,1,1,0,1,1,0.3254,0.216031,0.303972,Normal
2024-01-24 21:00:00,Dorm C,Room 107,21,Medium,2,0.5349356707082162,0.3941239768047178,0.6751076924313423,1,0,1,0,1,1,0,0,1,0.0855,0.072644,0.205745,Normal
2024-01-24 21:30:00,Dorm C,Room 103,22,Medium,2,0.4765003654750943,0.5464083582806791,0.6343994911447453,0,1,1,0,0,1,0,0,1,0.5947,0.378822,0.14678,Normal
2024-01-24 22:00:00,Dorm C,Room 101,21,Medium,1,0.3280953452182277,0.3083564082974756,0.3931480908886894,1,0,1,1,1,1,0,0,1,0.1485,0.068998,0.181712,Normal
2024-01-24 22:30:00,Dorm C,Room 108,20,Medium,1,0.5609643838213051,0.6299496951179393,0.3293461549887449,0,0,0,1,1,1,1,0,1,0.8128,0.497251,0.211731,Normal
2024-01-24 23:00:00,Dorm A,Room 107,25,Medium,3,0.7803297033585151,0.4852082262313625,0.4563421045584214,1,1,1,1,0,1,0,0,0,0.7167,0.517427,0.260909,Normal
2024-01-24 23:30:00,Dorm B,Room 102,14,Small,2,0.4077969915710956,0.435926729184846,0.6010110233750787,0,0,0,1,0,1,0,0,0,0.0719,0.038971,0.286853,Normal
2024-01-25 00:00:00,Dorm C,Room 104,13,Small,2,0.4226517312916367,0.3162374236591959,0.4038390913658949,1,0,1,0,0,1,0,0,1,0.0675,0.060015,0.307683,Normal
2024-01-25 00:30:00,Dorm B,Room 102,14,Small,2,0.4095404588914525,0.1319824170835198,0.5715900343134398,1,0,0,1,0,1,0,0,1,0.0955,0.074835,0.281089,Normal
2024-01-25 01:00:00,Dorm B,Room 102,14,Small,2,0.6236354854787057,0.3434553343477876,0.6076228034705247,0,0,1,1,0,1,0,0,1,0.1035,0.08337,0.276401,Normal
2024-01-25 01:30:00,Dorm A,Room 105,18,Medium,1,0.5865814727720633,0.6596199823980302,0.3697876102926885,0,0,0,1,0,0,0,1,1,0.2708,0.179156,0.180103,Normal
2024-01-25 02:00:00,Dorm B,Room 106,24,Medium,2,0.5051177706045069,0.4368800389132755,0.3815415587259538,1,0,1,1,0,1,0,0,0,0.1269,0.063335,0.267205,Normal
2024-01-25 02:30:00,Dorm A,Room 108,15,Small,1,0.40319387460585,0.4711962897762847,0.548144624464918,0,0,0,0,0,1,0,0,0,0.0104,0.002433,0.204296,Normal
2024-01-25 03:00:00,Dorm B,Room 107,14,Small,3,0.538790988689764,0.5924226074780494,0.4808640531796673,1,0,0,1,0,1,0,0,0,0.0894,0.06767,0.284756,Normal
2024-01-25 03:30:00,Dorm B,Room 101,14,Small,4,0.3164184693211034,0.7614455013501937,0.380340612556316,1,0,0,1,1,1,0,0,0,0.1084,0.063046,0.297632,Normal
2024-01-25 04:00:00,Dorm A,Room 106,32,Large,3,0.5456419690967711,0.6908062244951647,0.4203961218187606,0,0,1,1,1,1,0,0,1,0.1266,0.094273,0.348753,Normal
2024-01-25 04:30:00,Dorm B,Room 107,14,Small,3,0.6433541308579777,0.3531850653524191,0.4541868075847839,1,0,0,1,0,1,0,0,1,0.088,0.077014,0.275333,Normal
2024-01-25 05:00:00,Dorm B,Room 104,25,Medium,3,0.3584804521457965,0.2105975051140069,0.2749123647255347,0,1,1,1,1,1,0,1,1,0.985,0.639456,0.214968,Normal
2024-01-25 05:30:00,Dorm B,Room 102,14,Small,2,0.3207268693066014,0.8428543086705407,0.554500731629197,0,0,1,1,1,1,0,0,0,0.1227,0.050507,0.272112,Normal
2024-01-25 06:00:00,Dorm A,Room 103,17,Medium,2,0.7383575179659317,0.8295362417678926,0.4052185854632234,0,0,0,1,0,1,1,0,0,0.7505,0.504623,0.195735,Normal
2024-01-25 06:30:00,Dorm C,Room 108,20,Medium,1,0.4442944924158546,0.5237766412388438,0.1286862584016299,0,0,0,1,0,1,1,1,0,0.9706,0.631765,0.220932,Abnormal
2024-01-25 07:00:00,Dorm C,Room 104,13,Small,2,0.6788402801094685,0.3093679298656563,0.4597832097949755,0,0,1,0,1,0,0,0,0,0.0533,0.034668,0.302523,Normal
2024-01-25 07:30:00,Dorm A,Room 108,15,Small,1,0.5057270512015226,0.6376386625649493,0.3736811438353298,1,1,0,1,0,1,0,0,1,0.7175,0.424664,0.204346,Normal
2024-01-25 08:00:00,Dorm B,Room 106,24,Medium,2,0.5046591857612158,0.4802116862138223,0.6652539632813,0,0,1,1,0,1,0,0,0,0.1035,0.075567,0.257864,Normal
2024-01-25 08:30:00,Dorm B,Room 101,14,Small,4,0.5852296892470864,0.4794772538899016,0.3924115133452676,1,0,1,1,0,1,0,0,1,0.1293,0.097923,0.297271,Normal
2024-01-25 09:00:00,Dorm C,Room 106,15,Small,1,0.4077594531253973,0.6275324393135728,0.3309633906921101,0,0,1,0,0,0,0,0,0,0.0346,0.029739,0.186026,Normal
2024-01-25 09:30:00,Dorm A,Room 108,15,Small,1,0.5441752189496297,0.5452214753836147,0.5235833678007175,1,0,1,1,0,0,0,0,0,0.1075,0.099664,0.211863,Normal
2024-01-25 10:00:00,Dorm C,Room 107,21,Medium,2,0.4751972102217547,0.3218116750715167,0.3834135275275235,1,0,1,0,0,1,0,0,1,0.0603,0.020804,0.202576,Normal
2024-01-25 10:30:00,Dorm A,Room 102,15,Small,3,0.349181019660846,0.4483565049281813,0.369136110415887,0,0,1,1,1,1,0,1,0,0.3225,0.225947,0.291119,Normal
2024-01-25 11:00:00,Dorm B,Room 104,25,Medium,3,0.5716846005601931,0.5932453834274523,0.5237715653256751,1,1,1,1,0,1,0,0,0,0.7017,0.481475,0.225074,Normal
2024-01-25 11:30:00,Dorm B,Room 108,20,Medium,3,0.4910574148369007,0.5710687448240084,0.3378227672074022,1,0,0,1,0,1,0,1,1,0.2889,0.202451,0.345536,Normal
2024-01-25 12:00:00,Dorm B,Room 106,24,Medium,2,0.5053207999299985,0.5345875884941713,0.2878187636733141,1,0,1,1,1,0,0,0,0,0.1284,0.073286,0.250793,Normal
2024-01-25 12:30:00,Dorm B,Room 102,14,Small,2,0.3639878585249169,0.6332586750470581,0.6697139224993462,1,0,1,1,1,1,0,0,1,0.139,0.067561,0.267294,Normal
2024-01-25 13:00:00,Dorm C,Room 106,15,Small,1,0.7399629058214413,0.4429225848213996,0.5321691052695976,1,0,1,1,0,1,0,0,0,0.1209,0.102068,0.185389,Normal
2024-01-25 13:30:00,Dorm B,Room 107,14,Small,3,0.6440506122823835,0.5223387933153822,0.4309499685836694,1,1,1,0,0,1,0,1,1,0.9157,0.661962,0.275639,Abnormal
2024-01-25 14:00:00,Dorm C,Room 108,20,Medium,1,0.6557854603935306,0.0,0.4622298365719559,1,0,0,0,0,1,0,0,0,0.0269,0.046236,0.233276,Normal
2024-01-25 14:30:00,Dorm A,Room 105,18,Medium,1,0.4854025604386366,0.4299997630556862,0.5233352336905412,1,1,1,1,0,1,0,0,1,0.7469,0.449619,0.175287,Normal
2024-01-25 15:00:00,Dorm A,Room 105,18,Medium,1,0.2943340908381892,0.6083457048745893,0.5794176952507863,1,1,1,1,0,0,0,0,0,0.6816,0.406918,0.175615,Normal
2024-01-25 15:30:00,Dorm C,Room 108,20,Medium,1,0.7884792014199374,0.4387080909978196,0.3719531008542799,1,0,0,1,1,1,0,0,1,0.1178,0.094092,0.230732,Normal
2024-01-25 16:00:00,Dorm C,Room 105,11,Small,1,0.5181944353186417,0.4275635483060241,0.5065733706156789,1,0,1,1,0,0,0,1,0,0.2927,0.179076,0.244702,Normal
2024-01-25 16:30:00,Dorm B,Room 105,19,Medium,3,0.4259034334296134,0.3430273676787814,0.4018580044417085,1,1,1,1,0,1,0,0,0,0.7191,0.473561,0.34391,Normal
2024-01-25 17:00:00,Dorm B,Room 108,20,Medium,3,0.5823294336943425,0.6435376147749561,0.4399750307002008,1,0,0,1,1,1,0,0,1,0.1124,0.083605,0.348217,Normal
2024-01-25 17:30:00,Dorm B,Room 102,14,Small,2,0.6830237503474478,0.5766843094738612,0.4819252205620004,1,0,1,0,1,1,0,0,1,0.0833,0.036975,0.263044,Normal
2024-01-25 18:00:00,Dorm A,Room 104,32,Large,3,0.5233004112223967,0.6173855731175559,0.461845770964066,1,1,1,1,1,1,0,0,1,0.7364,0.474979,0.309043,Normal
2024-01-25 18:30:00,Dorm A,Room 108,15,Small,1,0.6979811477103729,0.2423936607247266,0.5508925072846956,1,0,1,0,0,1,0,0,1,0.0647,0.07636,0.21274,Normal
2024-01-25 19:00:00,Dorm C,Room 104,13,Small,2,0.6717345666204648,0.4725011361938439,0.5210824726016365,0,1,0,1,1,0,0,0,1,0.6789,0.446613,0.302116,Normal
2024-01-25 19:30:00,Dorm B,Room 107,14,Small,3,0.3819413653403134,0.4549155461052077,0.2817128554528224,1,0,1,1,1,1,0,0,1,0.1527,0.114419,0.288633,Normal
2024-01-25 20:00:00,Dorm C,Room 103,22,Medium,2,0.4359698816520755,0.4548478409756381,0.2997497736165995,1,1,1,1,0,1,0,1,1,0.9421,0.601743,0.152305,Normal
2024-01-25 20:30:00,Dorm C,Room 107,21,Medium,2,0.6548972150102996,0.4055486491310616,0.418292310208754,1,0,1,1,0,1,0,0,1,0.1234,0.085412,0.198348,Normal
2024-01-25 21:00:00,Dorm C,Room 108,20,Medium,1,0.162355891098183,0.4452170575893939,0.682026052305656,1,0,1,1,1,1,0,0,0,0.1447,0.086064,0.22107,Normal
2024-01-25 21:30:00,Dorm B,Room 107,14,Small,3,0.5063365927964378,0.6209464845724348,0.3604820427481431,0,1,0,1,0,1,0,0,0,0.7083,0.459477,0.286002,Normal
2024-01-25 22:00:00,Dorm C,Room 103,22,Medium,2,0.3343734751321154,0.2149650947396641,0.4376666438722351,0,1,1,1,0,1,0,0,1,0.7533,0.468496,0.162757,Normal
2024-01-25 22:30:00,Dorm B,Room 103,12,Small,1,0.4624393822530779,0.7572755912107507,0.3983018896935237,0,1,1,1,1,1,0,0,0,0.6762,0.426526,0.174933,Normal
2024-01-25 23:00:00,Dorm C,Room 108,20,Medium,1,0.4862915966096962,0.5671873225549189,0.3961786285870267,1,1,1,1,1,1,0,0,1,0.6957,0.434064,0.221688,Normal
2024-01-25 23:30:00,Dorm B,Room 106,24,Medium,2,0.478316739970847,0.4898599911451527,0.4840303086223746,1,0,0,1,0,1,0,0,1,0.0875,0.056374,0.240299,Normal
2024-01-26 00:00:00,Dorm A,Room 104,32,Large,3,0.4522792932212196,0.6293511360909876,0.6306973904452979,1,0,0,1,0,1,0,0,0,0.09,0.030194,0.313297,Normal
2024-01-26 00:30:00,Dorm C,Room 105,11,Small,1,0.3791550020054994,0.2827169228352417,0.517349246024823,1,0,0,1,0,1,0,0,0,0.0846,0.059118,0.243275,Normal
2024-01-26 01:00:00,Dorm C,Room 105,11,Small,1,0.8339728485464214,0.3983955245838366,0.3662478761268197,1,0,0,1,0,1,0,0,1,0.0958,0.055117,0.239357,Normal
2024-01-26 01:30:00,Dorm C,Room 101,21,Medium,1,0.7770109212932481,0.4782876996711852,0.7929502598382943,0,0,0,1,0,1,0,0,1,0.0742,0.038409,0.179314,Normal
2024-01-26 02:00:00,Dorm B,Room 103,12,Small,1,0.3704423188045734,0.6967663652258604,0.4720733766758885,1,0,1,1,0,1,0,0,0,0.1139,0.056655,0.180651,Normal
2024-01-26 02:30:00,Dorm C,Room 108,20,Medium,1,0.7387170262030232,0.4892479414949195,0.3933981493499966,0,0,0,1,1,0,0,0,0,0.0812,0.053097,0.220904,Normal
2024-01-26 03:00:00,Dorm B,Room 108,20,Medium,3,0.4727847854551488,0.5622220046639739,0.6320553357838772,1,0,0,1,1,1,0,0,0,0.1064,0.070423,0.348373,Normal
2024-01-26 03:30:00,Dorm C,Room 106,15,Small,1,0.5437310546932713,0.4094355751786255,0.4063728794649783,1,0,0,1,0,1,0,0,0,0.0917,0.051009,0.185855,Normal
2024-01-26 04:00:00,Dorm A,Room 101,20,Medium,2,0.5179023511870503,0.5676283466620982,0.6621457318675732,0,0,1,1,0,0,0,0,1,0.0962,0.082834,0.225038,Normal
2024-01-26 04:30:00,Dorm A,Room 106,32,Large,3,0.437854273838287,0.7425713031217867,0.3581965108849491,0,0,1,1,0,1,1,0,0,0.9148,0.617012,0.343451,Normal
2024-01-26 05:00:00,Dorm A,Room 106,32,Large,3,0.6584287640534545,0.642385551719387,0.6342068685303424,1,1,1,1,1,1,0,0,0,0.6773,0.448704,0.342034,Normal
2024-01-26 05:30:00,Dorm A,Room 104,32,Large,3,0.5432880616723788,0.4841102443539912,0.4867665609138062,0,0,0,1,1,1,0,1,0,0.2824,0.183597,0.30622,Normal
2024-01-26 06:00:00,Dorm A,Room 103,17,Medium,2,0.46243970141412,0.5953525096768757,0.6175337439256766,1,0,0,1,1,1,0,0,1,0.1088,0.07344,0.203457,Normal
2024-01-26 06:30:00,Dorm C,Room 105,11,Small,1,0.3513153677401376,0.5809540905842303,0.6908006670171082,1,0,0,1,0,1,0,0,0,0.0927,0.066158,0.235518,Normal
2024-01-26 07:00:00,Dorm A,Room 103,17,Medium,2,0.406471629954341,0.5705301958754596,0.3267687897098899,1,1,1,1,0,1,0,0,0,0.7147,0.442804,0.200286,Normal
2024-01-26 07:30:00,Dorm B,Room 104,25,Medium,3,0.3061173960753848,0.6594958239666313,0.6157005622280187,1,0,1,1,1,0,0,1,1,0.3173,0.194987,0.231037,Normal
2024-01-26 08:00:00,Dorm B,Room 107,14,Small,3,0.5280342655396515,0.6583971879944477,0.2936216535209909,0,0,0,1,0,1,0,0,1,0.0769,0.059797,0.294127,Normal
2024-01-26 08:30:00,Dorm B,Room 105,19,Medium,3,0.3657989612336291,0.477393706901495,0.3370169271341608,1,0,1,1,0,1,1,1,0,0.9793,0.654394,0.352134,Normal
2024-01-26 09:00:00,Dorm B,Room 106,24,Medium,2,0.490755097301889,0.5904128613165556,0.3662624526037956,0,0,1,0,0,1,0,0,0,0.0431,0.03348,0.237869,Normal
2024-01-26 09:30:00,Dorm B,Room 103,12,Small,1,0.7102642092435115,0.439780845371748,0.5230679752488389,0,0,1,1,0,0,0,0,0,0.0962,0.050978,0.177895,Normal
2024-01-26 10:00:00,Dorm C,Room 108,20,Medium,1,0.6873422066786838,0.3604247865592146,0.4666078899096735,1,1,0,1,0,1,0,1,1,0.9105,0.589838,0.220646,Abnormal
2024-01-26 10:30:00,Dorm C,Room 102,22,Medium,2,0.5220622184837502,0.4564758765200058,0.4425957812586349,1,0,1,1,0,1,0,0,1,0.1249,0.092885,0.239167,Normal
2024-01-26 11:00:00,Dorm C,Room 103,22,Medium,2,0.5147068994473797,0.4848711884305162,0.4801907524977833,1,1,1,1,0,1,0,0,0,0.7377,0.489081,0.169706,Normal
2024-01-26 11:30:00,Dorm B,Room 105,19,Medium,3,0.7786767093209638,0.2518922383971948,0.5335836465530491,1,0,1,1,1,1,0,1,0,0.3474,0.238416,0.364699,Normal
2024-01-26 12:00:00,Dorm C,Room 107,21,Medium,2,0.59628033855098,0.6225171794184277,0.5428163149988388,1,0,0,1,0,1,0,0,1,0.0929,0.053896,0.195782,Normal
2024-01-26 12:30:00,Dorm C,Room 105,11,Small,1,0.4824015685361371,0.0893900520511007,0.5939135229658851,0,0,1,1,0,1,0,0,0,0.1037,0.061152,0.236644,Normal
2024-01-26 13:00:00,Dorm B,Room 103,12,Small,1,0.3350194005548061,0.8950555320400269,0.6809954612996457,1,0,1,1,0,0,0,1,1,0.2932,0.150515,0.175136,Normal
2024-01-26 13:30:00,Dorm A,Room 102,15,Small,3,0.5792524031054208,0.7168000153325722,0.4600841645106477,1,0,1,1,1,1,0,1,0,0.3501,0.234439,0.294709,Normal
2024-01-26 14:00:00,Dorm B,Room 101,14,Small,4,0.6376907253864601,0.4577228519814533,0.4001322704516196,1,0,1,1,1,1,0,0,0,0.1394,0.113911,0.295496,Normal
2024-01-26 14:30:00,Dorm A,Room 108,15,Small,1,0.4416249622587738,0.4974664773671195,0.5362525503702283,1,1,0,1,0,0,0,0,1,0.671,0.398554,0.202892,Normal
2024-01-26 15:00:00,Dorm C,Room 106,15,Small,1,0.5654738246968667,0.5406064527687386,0.3253714431531456,0,1,0,1,1,1,0,0,0,0.7151,0.472893,0.185156,Normal
2024-01-26 15:30:00,Dorm C,Room 106,15,Small,1,0.4776015888099751,0.4094970945537935,0.3812232746772488,1,0,1,1,1,1,0,0,0,0.1498,0.073071,0.185751,Normal
2024-01-26 16:00:00,Dorm A,Room 102,15,Small,3,0.5016963307273437,0.5243888181126255,0.5825421176690805,1,1,0,1,0,1,0,0,0,0.6483,0.4262,0.297911,Normal
2024-01-26 16:30:00,Dorm C,Room 103,22,Medium,2,0.1925232198949016,0.4749186673510241,0.4477553899078029,1,0,1,1,0,1,0,0,0,0.1263,0.067701,0.176803,Normal
2024-01-26 17:00:00,Dorm A,Room 103,17,Medium,2,0.4966303399520915,0.4822266747921866,0.3177008832424735,1,0,0,1,1,1,0,1,0,0.2964,0.200437,0.20606,Normal
2024-01-26 17:30:00,Dorm C,Room 101,21,Medium,1,0.6564851113917313,0.5227490060476516,0.2839162305433194,1,1,1,1,1,1,0,0,0,0.6981,0.435181,0.176378,Normal
2024-01-26 18:00:00,Dorm B,Room 105,19,Medium,3,0.4416583743819646,0.3030427599498773,0.4684915056008969,1,0,1,1,0,1,0,1,1,0.3488,0.216357,0.359194,Normal
2024-01-26 18:30:00,Dorm A,Room 103,17,Medium,2,0.5334429833571378,0.5018964001737485,0.5996396261151195,0,1,0,1,0,1,0,1,0,0.8449,0.558338,0.205929,Normal
2024-01-26 19:00:00,Dorm B,Room 103,12,Small,1,0.4249437671294893,0.5201017366740737,0.5980379436513917,0,1,0,1,1,1,0,0,0,0.6323,0.390138,0.174612,Normal
2024-01-26 19:30:00,Dorm C,Room 103,22,Medium,2,0.5747658243229529,0.5150171340945533,0.4759492615770879,0,1,1,1,0,1,0,0,1,0.6942,0.443192,0.174431,Normal
2024-01-26 20:00:00,Dorm B,Room 101,14,Small,4,0.497336001580598,0.4643622873449805,0.7036546325798755,1,0,1,1,1,0,0,1,1,0.3401,0.26713,0.296069,Normal
2024-01-26 20:30:00,Dorm B,Room 101,14,Small,4,0.4003457761080145,0.6633027833000702,0.4500717599521077,1,1,1,1,0,1,1,0,0,1.4024,0.993321,0.299704,Abnormal
2024-01-26 21:00:00,Dorm C,Room 106,15,Small,1,0.7052248734719041,0.444107748358363,0.4460231220657404,1,1,1,1,0,0,0,0,1,0.6549,0.424477,0.185324,Normal
2024-01-26 21:30:00,Dorm B,Room 105,19,Medium,3,0.6510583475593702,0.529489385736025,0.1546332757168033,1,0,1,1,0,1,0,0,1,0.1257,0.077876,0.350597,Normal
2024-01-26 22:00:00,Dorm A,Room 106,32,Large,3,0.4452141618190116,0.6867343362658231,0.4089771352439872,1,1,1,1,0,1,0,0,1,0.6846,0.446007,0.349267,Normal
2024-01-26 22:30:00,Dorm B,Room 102,14,Small,2,0.5931980130739811,0.4844159025130153,0.5648627191829821,1,0,1,1,1,1,0,0,1,0.1441,0.115975,0.258335,Normal
2024-01-26 23:00:00,Dorm C,Room 108,20,Medium,1,0.5985155907909749,0.5275990691725498,0.6502744826371166,1,0,1,1,1,0,0,0,1,0.1358,0.071361,0.23106,Normal
2024-01-26 23:30:00,Dorm C,Room 107,21,Medium,2,0.6125919323925311,0.4819163033734837,0.3630442528612938,1,0,0,1,0,0,0,0,0,0.0803,0.060431,0.192629,Normal
2024-01-27 00:00:00,Dorm A,Room 107,25,Medium,3,0.2990213621764372,0.677927247993682,0.5181031252023235,0,0,1,1,1,1,0,0,1,0.1303,0.099675,0.266738,Normal
2024-01-27 00:30:00,Dorm A,Room 102,15,Small,3,0.6614824221759754,0.4582054984089748,0.588240434057411,1,0,1,1,0,1,0,0,1,0.1201,0.062073,0.296727,Normal
2024-01-27 01:00:00,Dorm C,Room 105,11,Small,1,0.4499391180761849,0.6846852543358517,0.4639916305985986,0,1,1,1,0,1,0,0,1,0.6797,0.413618,0.229532,Normal
2024-01-27 01:30:00,Dorm B,Room 105,19,Medium,3,0.4783726276386509,0.4808576996017533,0.1887232319424311,0,0,0,1,1,1,0,0,0,0.0916,0.047161,0.341567,Normal
2024-01-27 02:00:00,Dorm C,Room 103,22,Medium,2,0.8804027692867346,0.3697734191254976,0.4923142256642937,1,0,1,1,0,0,0,1,1,0.3159,0.221056,0.18015,Normal
2024-01-27 02:30:00,Dorm B,Room 101,14,Small,4,0.5669058436722282,0.5959230628776768,0.5539953626832812,0,0,0,1,0,1,0,0,0,0.074,0.040415,0.315953,Normal
2024-01-27 03:00:00,Dorm B,Room 104,25,Medium,3,0.4745486039645576,0.4513066308848251,0.3489852486489034,1,0,1,1,0,1,0,0,0,0.118,0.066301,0.230218,Normal
2024-01-27 03:30:00,Dorm A,Room 103,17,Medium,2,0.230438991801763,0.5872710882073513,0.4321562313005785,0,0,1,1,1,1,0,0,0,0.1254,0.058166,0.213939,Normal
2024-01-27 04:00:00,Dorm C,Room 102,22,Medium,2,0.7129029260011233,0.0949629958028603,0.3240228401450095,0,0,0,1,1,1,0,0,1,0.0915,0.059672,0.235987,Normal
2024-01-27 04:30:00,Dorm B,Room 106,24,Medium,2,0.345864053250018,0.496846137131408,0.1543079620595009,1,1,1,1,1,1,0,1,0,0.8721,0.528005,0.236582,Normal
2024-01-27 05:00:00,Dorm C,Room 102,22,Medium,2,0.3917303635431256,0.4285367429716256,0.5858560879581649,1,0,0,1,1,1,0,0,1,0.1093,0.091799,0.232236,Normal
2024-01-27 05:30:00,Dorm C,Room 105,11,Small,1,0.4819257099283438,0.3398227577655904,0.4621972859852362,1,0,1,0,0,1,0,0,1,0.0593,0.033026,0.236217,Normal
2024-01-27 06:00:00,Dorm A,Room 106,32,Large,3,0.7164790941700679,0.4147758720045363,0.6543190898385113,1,0,0,1,0,1,1,1,0,1.1045,0.785375,0.347093,Abnormal
2024-01-27 06:30:00,Dorm A,Room 107,25,Medium,3,0.6301641708261059,0.4117687188275441,0.5654994155698553,1,0,0,1,1,1,0,0,1,0.1131,0.076637,0.263026,Normal
2024-01-27 07:00:00,Dorm C,Room 102,22,Medium,2,0.5052117364856573,0.4890290839734387,0.4201526663108405,0,0,0,1,0,0,0,1,0,0.2751,0.182814,0.22931,Normal
2024-01-27 07:30:00,Dorm B,Room 105,19,Medium,3,0.567767243565201,0.2951364118964639,0.4526678622578862,1,0,1,1,1,1,0,0,0,0.1383,0.074969,0.338512,Normal
2024-01-27 08:00:00,Dorm C,Room 107,21,Medium,2,0.4458208984618012,0.5425613248454149,0.5305709514183079,0,0,1,1,0,0,0,1,1,0.2788,0.187123,0.189755,Normal
2024-01-27 08:30:00,Dorm C,Room 108,20,Medium,1,0.5451356415312462,0.6968625391954273,0.5786434088667509,1,0,1,1,0,1,0,0,0,0.1277,0.061012,0.22369,Normal
2024-01-27 09:00:00,Dorm C,Room 106,15,Small,1,0.5362357768902475,0.5373669185779413,0.5013575939923243,0,0,0,1,0,0,0,0,0,0.0542,0.053559,0.192854,Normal
2024-01-27 09:30:00,Dorm C,Room 103,22,Medium,2,0.6564046698281208,0.614971580355081,0.5952843303658039,1,1,0,1,0,1,0,0,0,0.7211,0.469843,0.181002,Normal
2024-01-27 10:00:00,Dorm A,Room 101,20,Medium,2,0.6561910507230487,0.6569400251742623,0.4270558279706009,1,1,0,1,0,0,0,0,0,0.6647,0.450503,0.206546,Normal
2024-01-27 10:30:00,Dorm B,Room 101,14,Small,4,0.5926865791342316,0.6777978802623765,0.3430202923932294,1,0,1,1,0,1,0,0,0,0.1203,0.067567,0.306525,Normal
2024-01-27 11:00:00,Dorm C,Room 103,22,Medium,2,0.4777660851797018,0.7709201010191711,0.4548718686916492,1,0,1,1,1,0,0,0,0,0.1301,0.094751,0.189159,Normal
2024-01-27 11:30:00,Dorm B,Room 104,25,Medium,3,0.6259478546269375,0.4227175409486861,0.4872629014472404,0,0,0,1,1,1,0,0,0,0.0853,0.033131,0.226575,Normal
2024-01-27 12:00:00,Dorm A,Room 103,17,Medium,2,0.5140514919099191,0.3904914666244383,0.3184995271030366,1,1,0,1,0,1,0,0,0,0.6708,0.411484,0.210477,Normal
2024-01-27 12:30:00,Dorm A,Room 108,15,Small,1,0.381198801507485,0.6112206802161351,0.3022812624584116,1,1,0,1,0,0,0,0,0,0.6978,0.439054,0.209404,Normal
2024-01-27 13:00:00,Dorm C,Room 106,15,Small,1,0.4722718250718679,0.6001692372234948,0.516319656315399,1,0,0,0,0,1,0,0,0,0.0286,0.031113,0.193544,Normal
2024-01-27 13:30:00,Dorm B,Room 108,20,Medium,3,0.5377375290106904,0.6100757965890045,0.4138966117762556,1,0,0,1,1,1,0,0,0,0.1049,0.064275,0.348241,Normal
2024-01-27 14:00:00,Dorm C,Room 105,11,Small,1,0.6485465926384406,0.7737335025548748,0.4427511630331325,1,0,1,0,1,1,0,1,1,0.2943,0.179535,0.23605,Normal
2024-01-27 14:30:00,Dorm C,Room 105,11,Small,1,0.501763998989734,0.4977521047036579,0.4194948856590867,1,0,1,1,0,1,0,0,0,0.1222,0.072894,0.239471,Normal
2024-01-27 15:00:00,Dorm B,Room 104,25,Medium,3,0.3641169919784287,0.5587098953037692,0.6450725576947721,1,0,0,1,0,0,0,0,0,0.0819,0.058284,0.22237,Normal
2024-01-27 15:30:00,Dorm C,Room 108,20,Medium,1,0.5340086869456387,0.3520015456225773,0.6140197118527747,1,0,1,1,1,0,0,0,0,0.1356,0.098448,0.223427,Normal
2024-01-27 16:00:00,Dorm C,Room 107,21,Medium,2,0.5416198653553572,0.8098917870079025,0.3142024280702876,1,1,1,1,1,1,0,0,1,0.7077,0.456211,0.189699,Normal
2024-01-27 16:30:00,Dorm C,Room 106,15,Small,1,0.5513336171769853,0.4466219169048598,0.3987281186065025,0,0,1,1,0,0,0,0,0,0.0969,0.036312,0.192451,Normal
2024-01-27 17:00:00,Dorm A,Room 104,32,Large,3,0.6498424109344079,0.4507851965634986,0.5646214887001828,1,0,1,1,1,1,0,1,0,0.3201,0.220297,0.303229,Normal
2024-01-27 17:30:00,Dorm A,Room 107,25,Medium,3,0.6631353474545049,0.4451221762289615,0.5348609183947811,1,1,1,1,1,1,0,0,1,0.796,0.541778,0.258974,Normal
2024-01-27 18:00:00,Dorm B,Room 105,19,Medium,3,0.446649571536455,0.40130610976133,0.4576733088529845,1,0,1,1,1,0,0,1,1,0.328,0.240254,0.335497,Normal
2024-01-27 18:30:00,Dorm B,Room 105,19,Medium,3,0.443706175330671,0.3888817847282903,0.3261697928105704,1,1,1,1,0,1,0,1,1,0.9211,0.614985,0.327908,Normal
2024-01-27 19:00:00,Dorm A,Room 106,32,Large,3,0.3867971249622919,0.4191166412291618,0.3807630824101042,1,1,1,1,1,1,0,1,1,0.9949,0.682963,0.351951,Normal
2024-01-27 19:30:00,Dorm B,Room 103,12,Small,1,0.6201762809443695,0.295361341807286,0.4006507055232571,1,0,1,1,1,1,0,0,1,0.1423,0.088263,0.179102,Normal
2024-01-27 20:00:00,Dorm A,Room 101,20,Medium,2,0.7208283541102106,0.3806694315791674,0.49587783619576,1,0,0,0,1,1,0,0,0,0.0464,0.020735,0.214461,Normal
2024-01-27 20:30:00,Dorm B,Room 102,14,Small,2,0.4841092257947015,0.7825042790417247,0.6670421025255773,1,1,1,1,1,1,0,0,1,0.7337,0.492068,0.258457,Normal
2024-01-27 21:00:00,Dorm B,Room 105,19,Medium,3,0.4939933838340264,0.6041943626453594,0.3802423926277608,1,0,1,1,1,1,0,0,0,0.1407,0.083316,0.32734,Normal
2024-01-27 21:30:00,Dorm A,Room 108,15,Small,1,0.7232389500948276,0.6321537019757126,0.3395541726800521,0,1,1,1,1,1,0,0,1,0.7817,0.497512,0.21693,Normal
2024-01-27 22:00:00,Dorm C,Room 105,11,Small,1,0.594240701158294,0.6690858785631884,0.4496199419268128,1,0,1,0,0,0,0,0,0,0.0473,0.023803,0.223657,Normal
2024-01-27 22:30:00,Dorm B,Room 103,12,Small,1,0.5849375322700561,0.7656288696865026,0.5864240912794948,1,0,1,1,1,1,0,1,1,0.3613,0.213169,0.17962,Normal
2024-01-27 23:00:00,Dorm A,Room 106,32,Large,3,0.3665704999427559,0.2357497252808564,0.2890653285853856,1,1,1,1,1,1,0,0,1,0.7986,0.536814,0.364393,Normal
2024-01-27 23:30:00,Dorm C,Room 106,15,Small,1,0.6174804853155837,0.3153353326853264,0.6370385974501801,1,0,1,1,0,1,0,0,0,0.1232,0.06782,0.191998,Normal
2024-01-28 00:00:00,Dorm B,Room 107,14,Small,3,0.4017019138793152,0.3779644909043438,0.4420084977494662,0,0,1,1,0,1,0,0,1,0.105,0.057291,0.293965,Normal
2024-01-28 00:30:00,Dorm C,Room 101,21,Medium,1,0.3742060981830056,0.4270488286151139,0.3745510726629256,1,0,1,1,0,1,0,0,1,0.1269,0.073751,0.17422,Normal
2024-01-28 01:00:00,Dorm A,Room 107,25,Medium,3,0.4798564124864281,0.4519089454483665,0.2706732629139979,0,1,0,1,1,1,0,0,0,0.7176,0.476676,0.264991,Normal
2024-01-28 01:30:00,Dorm C,Room 103,22,Medium,2,0.4477793037077975,0.4303925391788712,0.5474078614049761,1,1,1,1,0,1,0,0,1,0.764,0.485337,0.181942,Normal
2024-01-28 02:00:00,Dorm A,Room 103,17,Medium,2,0.4966547257023088,0.5283111939555809,0.4421116914445291,1,0,0,1,0,1,0,0,1,0.0982,0.060888,0.214847,Normal
2024-01-28 02:30:00,Dorm B,Room 103,12,Small,1,0.3330112670396046,0.5012682364681069,0.48312642790914,0,0,1,0,0,1,0,0,0,0.0413,0.033135,0.180635,Normal
2024-01-28 03:00:00,Dorm A,Room 106,32,Large,3,0.6550688785461475,0.389852063776195,0.354577160355541,1,0,0,1,0,1,0,1,0,0.2692,0.179315,0.371335,Normal
2024-01-28 03:30:00,Dorm B,Room 107,14,Small,3,0.677731563631887,0.1763586099150111,0.4243652387642603,0,0,1,0,1,1,0,0,0,0.0643,0.024617,0.284226,Normal
2024-01-28 04:00:00,Dorm A,Room 101,20,Medium,2,0.265056644785161,0.3501673957202489,0.4042721400585545,1,0,0,1,0,1,0,0,0,0.093,0.065254,0.213365,Normal
2024-01-28 04:30:00,Dorm C,Room 104,13,Small,2,0.6577048064342188,0.4153640643268606,0.4505789018225167,0,1,1,1,1,1,0,0,0,0.68,0.441125,0.29897,Normal
2024-01-28 05:00:00,Dorm A,Room 101,20,Medium,2,0.4176193023218936,0.4597699250505706,0.3823212112274382,1,0,0,1,1,1,0,0,0,0.1028,0.070355,0.205092,Normal
2024-01-28 05:30:00,Dorm C,Room 104,13,Small,2,0.6414016466454797,0.3300632053382995,0.278592241518514,1,0,1,1,0,1,0,0,1,0.1283,0.100664,0.307046,Normal
2024-01-28 06:00:00,Dorm B,Room 102,14,Small,2,0.5172081870990124,0.4239513633659362,0.7899834449592267,0,1,0,1,1,1,0,1,0,0.8734,0.566516,0.258828,Normal
2024-01-28 06:30:00,Dorm B,Room 102,14,Small,2,0.5302555786510174,0.3298692261779403,0.2990802196204065,1,1,1,1,0,1,0,0,0,0.6643,0.418884,0.258887,Normal
2024-01-28 07:00:00,Dorm C,Room 102,22,Medium,2,0.5015533720488801,0.4775905247981444,0.4844165216447621,1,0,0,1,1,1,0,1,0,0.3202,0.203628,0.231066,Normal
2024-01-28 07:30:00,Dorm A,Room 105,18,Medium,1,0.6890639684763088,0.3383777350760327,0.2500578979173636,0,0,0,1,0,1,0,0,0,0.0658,0.029275,0.179357,Normal
2024-01-28 08:00:00,Dorm A,Room 108,15,Small,1,0.3600386878761726,0.3713246107257302,0.2230624328170767,0,0,0,1,0,0,1,0,1,0.7501,0.441371,0.22558,Normal
2024-01-28 08:30:00,Dorm B,Room 103,12,Small,1,0.6079672122210958,0.3037545939984419,0.4743831798373989,0,1,1,1,0,1,0,0,1,0.6974,0.430836,0.180154,Normal
2024-01-28 09:00:00,Dorm B,Room 103,12,Small,1,0.6741945191119311,0.4735224248027835,0.4835657684132277,0,0,1,1,0,1,0,0,1,0.1065,0.048102,0.179819,Normal
2024-01-28 09:30:00,Dorm B,Room 107,14,Small,3,0.6225280913259723,0.3687464432702057,0.6139882595267101,0,1,1,1,0,1,0,0,0,0.7183,0.479541,0.283133,Normal
2024-01-28 10:00:00,Dorm B,Room 103,12,Small,1,0.838373015436274,0.6293438056811274,0.5105803860331727,0,0,1,1,0,0,0,0,0,0.0968,0.07182,0.176395,Normal
2024-01-28 10:30:00,Dorm A,Room 101,20,Medium,2,0.4554081436287914,0.5557256460489266,0.4446742947767212,1,0,1,1,0,1,0,0,1,0.1185,0.077534,0.192697,Normal
2024-01-28 11:00:00,Dorm C,Room 108,20,Medium,1,0.6548660344324738,0.4858156065947442,0.3487240334122895,1,0,1,0,0,0,0,0,0,0.0489,0.034459,0.216454,Normal
2024-01-28 11:30:00,Dorm B,Room 106,24,Medium,2,0.5121562689895615,0.3788812626150238,0.6424825585085517,1,0,1,1,1,1,0,1,0,0.3245,0.220641,0.246469,Normal
2024-01-28 12:00:00,Dorm A,Room 105,18,Medium,1,0.691919366632122,0.5520031094669322,0.574080712552374,1,0,1,0,1,0,0,1,0,0.2683,0.141745,0.179345,Normal
2024-01-28 12:30:00,Dorm B,Room 105,19,Medium,3,0.5253619628869624,0.5975878047579246,0.3131256082953461,0,0,1,1,0,0,0,1,1,0.2996,0.198615,0.308381,Normal
2024-01-28 13:00:00,Dorm B,Room 101,14,Small,4,0.4743401471834669,0.517050907632848,0.4672014806083183,1,1,1,1,0,1,0,1,1,0.9079,0.664376,0.306002,Normal
2024-01-28 13:30:00,Dorm B,Room 102,14,Small,2,0.701671304104202,0.7317640652441246,0.4799288536216815,1,1,1,1,0,1,0,0,0,0.7454,0.521672,0.266173,Normal
2024-01-28 14:00:00,Dorm A,Room 102,15,Small,3,0.4604252606216884,0.563630287648254,0.4211791370143919,1,0,1,1,0,0,0,0,1,0.1138,0.065558,0.286004,Normal
2024-01-28 14:30:00,Dorm C,Room 108,20,Medium,1,0.3368032612150993,0.6303465187890258,0.5552454271393036,1,0,1,1,0,0,0,0,0,0.1189,0.057367,0.216338,Normal
2024-01-28 15:00:00,Dorm B,Room 104,25,Medium,3,0.4570319713024073,0.515710175670395,0.5624295124275521,0,1,0,1,0,0,0,0,0,0.6524,0.408834,0.218879,Normal
2024-01-28 15:30:00,Dorm C,Room 108,20,Medium,1,0.6094692822455181,0.5953780231249473,0.4397945423566375,1,0,1,0,0,1,0,0,0,0.0586,0.029293,0.205947,Normal
2024-01-28 16:00:00,Dorm B,Room 107,14,Small,3,0.7132081841697185,0.3789847626155044,0.4289512832511013,1,1,1,1,0,0,0,0,1,0.6693,0.475847,0.292829,Normal
2024-01-28 16:30:00,Dorm C,Room 106,15,Small,1,0.5413076223608135,0.4287141163852841,0.6424761274815038,0,0,0,1,0,1,0,0,1,0.0703,0.055859,0.193024,Normal
2024-01-28 17:00:00,Dorm C,Room 104,13,Small,2,0.703298484654545,0.5474242573023544,0.5745591080473811,0,0,0,1,0,1,0,0,0,0.0717,0.026899,0.307336,Normal
2024-01-28 17:30:00,Dorm A,Room 103,17,Medium,2,0.3441240910674886,0.5463567162558833,0.4713280271252231,1,1,1,1,1,1,0,1,1,0.9862,0.621756,0.211571,Normal
2024-01-28 18:00:00,Dorm C,Room 105,11,Small,1,0.4669070110119564,0.5706807069805475,0.2671917809346963,0,0,1,1,1,1,0,0,1,0.121,0.065101,0.219778,Normal
2024-01-28 18:30:00,Dorm C,Room 106,15,Small,1,0.4876664920188833,0.6577968767570213,0.5039164781615332,1,0,1,1,1,1,1,1,0,1.0498,0.630089,0.184717,Abnormal
2024-01-28 19:00:00,Dorm C,Room 101,21,Medium,1,0.5110197404012591,0.2866648417855689,0.5463956426518634,0,0,0,1,0,1,1,0,1,0.7655,0.463172,0.174496,Normal
2024-01-28 19:30:00,Dorm B,Room 102,14,Small,2,0.5376794738377569,0.3528738673162142,0.1321887161987791,1,0,1,1,1,1,0,0,0,0.1418,0.103692,0.272818,Normal
2024-01-28 20:00:00,Dorm C,Room 105,11,Small,1,0.6191154529017416,0.5298195698336339,0.4928636193359534,1,0,1,1,1,0,1,0,1,0.9359,0.593738,0.220269,Abnormal
2024-01-28 20:30:00,Dorm A,Room 102,15,Small,3,0.4666998872674501,0.3896273832020471,0.412656711885219,1,1,1,1,1,0,0,0,0,0.741,0.50529,0.277573,Normal
2024-01-28 21:00:00,Dorm A,Room 104,32,Large,3,0.5450517649493722,0.9924840451100394,0.4361512420644327,1,1,1,1,0,1,0,1,0,0.8626,0.608646,0.301255,Normal
2024-01-28 21:30:00,Dorm C,Room 102,22,Medium,2,0.5203382604830253,0.5718722432646033,0.3537890560298348,1,1,1,0,0,0,0,0,0,0.6533,0.42197,0.233025,Normal
2024-01-28 22:00:00,Dorm A,Room 102,15,Small,3,0.4021375920693147,0.4845695203675427,0.4448688165456214,1,1,1,1,0,1,0,0,1,0.7103,0.472609,0.276305,Normal
2024-01-28 22:30:00,Dorm C,Room 107,21,Medium,2,0.5111395476521203,0.4203268730490572,0.6296433753751368,1,1,1,1,0,0,0,0,1,0.7433,0.488058,0.195251,Normal
2024-01-28 23:00:00,Dorm A,Room 103,17,Medium,2,0.5071144493259673,0.4255156516466471,0.4090928397635056,1,0,1,0,1,1,0,0,1,0.0863,0.039574,0.220117,Normal
2024-01-28 23:30:00,Dorm C,Room 102,22,Medium,2,0.5042397042133185,0.5005106881801995,0.5784862660061868,1,1,0,1,1,1,0,0,1,0.6712,0.44677,0.240398,Normal
2024-01-29 00:00:00,Dorm B,Room 108,20,Medium,3,0.5306560229031241,0.5125382282867275,0.3659119309488061,1,0,1,1,0,1,0,0,0,0.121,0.090315,0.339145,Normal
2024-01-29 00:30:00,Dorm B,Room 103,12,Small,1,0.5365493794950432,0.4289638365883584,0.5536745127794336,0,1,1,1,0,1,0,0,1,0.6989,0.438262,0.168213,Normal
2024-01-29 01:00:00,Dorm C,Room 108,20,Medium,1,0.4683789765628592,0.4559382181440353,0.4628456472869451,0,0,0,1,0,1,0,0,1,0.074,0.033505,0.206078,Normal
2024-01-29 01:30:00,Dorm B,Room 104,25,Medium,3,0.6971946659262521,0.6936396361812913,0.5048791992217183,1,0,0,1,1,1,0,0,1,0.115,0.089086,0.222836,Normal
2024-01-29 02:00:00,Dorm C,Room 106,15,Small,1,0.3694472368360579,0.6995504964970127,0.4635051670677801,1,1,1,1,0,1,0,0,1,0.6968,0.447074,0.196104,Normal
2024-01-29 02:30:00,Dorm A,Room 105,18,Medium,1,0.4296382323259197,0.5331205285025444,0.5396223829494083,1,0,0,1,0,1,0,0,0,0.0832,0.057426,0.181459,Normal
2024-01-29 03:00:00,Dorm B,Room 103,12,Small,1,0.8994704364187308,0.2989672259125194,0.1546153753007169,0,0,0,1,0,1,0,0,1,0.0718,0.037001,0.176227,Normal
2024-01-29 03:30:00,Dorm B,Room 106,24,Medium,2,0.3870933564816584,0.5752205528192169,0.2923114187430525,0,0,0,1,0,1,0,0,0,0.0727,0.071594,0.240767,Normal
2024-01-29 04:00:00,Dorm A,Room 104,32,Large,3,0.3447172968920297,0.7245012994939448,0.5126838881645307,1,1,0,1,0,1,0,0,1,0.7401,0.49741,0.308403,Normal
2024-01-29 04:30:00,Dorm C,Room 108,20,Medium,1,0.6249620674275298,0.6973866515062204,0.2174849458374355,1,0,1,1,0,1,0,0,0,0.1165,0.097862,0.205421,Normal
2024-01-29 05:00:00,Dorm B,Room 102,14,Small,2,0.2476402647648857,0.6040137038586018,0.3989935937626025,1,0,1,1,0,1,0,0,1,0.1311,0.066269,0.267378,Normal
2024-01-29 05:30:00,Dorm B,Room 105,19,Medium,3,0.4948196190310022,0.7051229927436593,0.4561277577549546,1,0,0,1,0,1,0,1,0,0.3118,0.200345,0.311274,Normal
2024-01-29 06:00:00,Dorm A,Room 103,17,Medium,2,0.814367773680926,0.5039266109906864,0.363295528274991,0,1,1,1,0,1,0,0,0,0.7027,0.486643,0.207791,Normal
2024-01-29 06:30:00,Dorm B,Room 107,14,Small,3,0.3190603968402388,0.5883883021654581,0.3796807957703147,0,1,0,1,0,1,0,0,0,0.6952,0.419866,0.301299,Normal
2024-01-29 07:00:00,Dorm A,Room 102,15,Small,3,0.2604103026201372,0.3960331635294968,0.4952285461460162,0,0,0,1,0,1,0,1,0,0.2652,0.201486,0.275086,Normal
2024-01-29 07:30:00,Dorm A,Room 105,18,Medium,1,0.32520077043156,0.5390330184488605,0.5837314953262513,1,0,1,1,0,1,0,0,0,0.1158,0.087855,0.17776,Normal
2024-01-29 08:00:00,Dorm C,Room 103,22,Medium,2,0.6469554651849495,0.6914719010272308,0.3476624078228915,0,1,1,1,0,0,0,0,1,0.7365,0.476261,0.183112,Normal
2024-01-29 08:30:00,Dorm A,Room 108,15,Small,1,0.6773410929977456,0.4094584401485031,0.3936576143709612,1,0,1,1,0,0,0,1,0,0.3045,0.210148,0.233571,Normal
2024-01-29 09:00:00,Dorm B,Room 101,14,Small,4,0.4576034148586454,0.3694818901293141,0.3749180625039622,0,0,1,1,0,0,0,0,0,0.0965,0.06804,0.31799,Normal
2024-01-29 09:30:00,Dorm C,Room 101,21,Medium,1,0.618082291869786,0.510408311937965,0.172155543859942,0,1,0,1,1,0,1,0,0,1.5307,0.957016,0.180776,Abnormal
2024-01-29 10:00:00,Dorm A,Room 108,15,Small,1,0.7129688451453284,0.4627704782660791,0.4796480723178492,1,1,0,1,0,1,0,0,0,0.6977,0.42843,0.236545,Normal
2024-01-29 10:30:00,Dorm A,Room 105,18,Medium,1,0.7662592513161077,0.5914810765748983,0.5747845129513535,0,0,1,1,0,1,0,0,0,0.1043,0.081306,0.178217,Normal
2024-01-29 11:00:00,Dorm A,Room 108,15,Small,1,0.493335161223037,0.4294693291322073,0.5846130605795301,1,0,0,0,0,1,0,1,1,0.2331,0.153343,0.235329,Normal
2024-01-29 11:30:00,Dorm C,Room 105,11,Small,1,0.2175318026359709,0.7486261323863266,0.3581816844110298,1,0,1,1,0,1,0,1,0,0.3236,0.195416,0.23135,Normal
2024-01-29 12:00:00,Dorm B,Room 104,25,Medium,3,0.416230272665536,0.3065480486447713,0.3124815441354733,1,0,0,1,1,1,1,0,0,0.8057,0.523231,0.222622,Normal
2024-01-29 12:30:00,Dorm A,Room 106,32,Large,3,0.4691158774565013,0.6803322766836515,0.4652389996603359,1,1,0,1,0,1,0,1,1,0.8725,0.597449,0.362971,Normal
2024-01-29 13:00:00,Dorm C,Room 106,15,Small,1,0.491643744626454,0.3836775472827691,0.5621344534979243,1,0,1,1,0,0,0,0,0,0.108,0.080662,0.204816,Normal
2024-01-29 13:30:00,Dorm A,Room 107,25,Medium,3,0.5011827395449298,0.2321403166899585,0.4812243091007593,1,1,1,1,0,1,0,1,0,0.8984,0.636332,0.269401,Normal
2024-01-29 14:00:00,Dorm A,Room 103,17,Medium,2,0.6765517006296174,0.5310397223783938,0.4973546959460975,1,1,0,1,1,1,0,0,0,0.6763,0.446771,0.215934,Normal
2024-01-29 14:30:00,Dorm B,Room 108,20,Medium,3,0.6974246468649161,0.4586635159482187,0.5996317550156144,1,0,1,1,1,1,0,0,1,0.151,0.097012,0.330072,Normal
2024-01-29 15:00:00,Dorm C,Room 107,21,Medium,2,0.5033548986910225,0.3330109784485427,0.3739732332683549,1,0,1,1,1,1,1,1,0,1.0997,0.697504,0.204032,Abnormal
2024-01-29 15:30:00,Dorm A,Room 108,15,Small,1,0.6738126757444237,0.248982997033855,0.4362573182139247,1,1,1,1,1,1,0,0,0,0.781,0.495262,0.233835,Normal
2024-01-29 16:00:00,Dorm B,Room 102,14,Small,2,0.5743927012888861,0.4948524461997777,0.658749621196812,1,0,1,1,0,0,0,0,1,0.1135,0.086449,0.255001,Normal
2024-01-29 16:30:00,Dorm C,Room 105,11,Small,1,0.5350506699017359,0.6394919033679489,0.4390356849437246,0,1,1,1,0,1,0,0,0,0.7438,0.490762,0.224766,Normal
2024-01-29 17:00:00,Dorm B,Room 106,24,Medium,2,0.6480538531213429,0.5820469776250263,0.3106053527514429,0,0,1,1,0,0,0,0,0,0.0914,0.067607,0.232778,Normal
2024-01-29 17:30:00,Dorm C,Room 107,21,Medium,2,0.5360902084775967,0.5044148733830478,0.3823447528358674,1,0,1,1,0,1,0,0,0,0.1144,0.09416,0.217103,Normal
2024-01-29 18:00:00,Dorm A,Room 101,20,Medium,2,0.8025561553069044,0.5664534612194949,0.3500941309736524,1,0,1,1,1,1,1,0,0,0.8214,0.557278,0.19252,Normal
2024-01-29 18:30:00,Dorm B,Room 107,14,Small,3,0.3333562288730796,0.4920817247680275,0.5054955727836697,1,1,1,1,0,1,0,0,1,0.722,0.489708,0.305611,Normal
2024-01-29 19:00:00,Dorm A,Room 105,18,Medium,1,0.4572568916680311,0.2859663219097801,0.35516077993593,0,0,1,1,1,1,0,0,1,0.1283,0.070362,0.170903,Normal
2024-01-29 19:30:00,Dorm A,Room 102,15,Small,3,0.509414756035583,0.287264032444195,0.4951628092436809,1,0,1,1,0,1,0,1,1,0.3147,0.217928,0.266288,Normal
2024-01-29 20:00:00,Dorm C,Room 106,15,Small,1,0.585369258082978,0.4662231508683913,0.3743417001369755,0,0,1,1,0,1,0,0,1,0.1109,0.053927,0.204846,Normal
2024-01-29 20:30:00,Dorm C,Room 102,22,Medium,2,0.696556636630234,0.4724712672230555,0.2079065676168742,1,0,1,1,1,0,1,0,1,0.8771,0.600776,0.239622,Abnormal
2024-01-29 21:00:00,Dorm A,Room 107,25,Medium,3,0.5231195054702665,0.6211431041402571,0.4994319840597792,1,1,1,1,1,1,0,1,0,0.931,0.666498,0.281507,Abnormal
2024-01-29 21:30:00,Dorm B,Room 103,12,Small,1,0.3355278203722718,0.6073759503140044,0.4804580925890008,0,0,1,1,1,1,0,0,1,0.1234,0.076769,0.175939,Normal
2024-01-29 22:00:00,Dorm C,Room 106,15,Small,1,0.6394608659958734,0.5850125964918989,0.5247620845411939,1,1,1,0,1,0,0,0,1,0.717,0.445058,0.196757,Normal
2024-01-29 22:30:00,Dorm C,Room 103,22,Medium,2,0.6277107950161064,0.4548903119821774,0.3819091292352733,0,0,1,1,1,1,0,0,1,0.1294,0.143481,0.191202,Normal
2024-01-29 23:00:00,Dorm C,Room 104,13,Small,2,0.2657925835297675,0.2931780418127027,0.369125520225113,1,0,0,1,0,1,0,0,1,0.0979,0.078666,0.298862,Normal
2024-01-29 23:30:00,Dorm A,Room 107,25,Medium,3,0.5258833190276888,0.5566398763231661,0.5108107293570592,1,1,1,1,1,1,0,0,1,0.7469,0.532136,0.282085,Normal
2024-01-30 00:00:00,Dorm B,Room 103,12,Small,1,0.3129936748560812,0.5732609872671406,0.6448828465916225,1,0,0,0,0,1,0,0,1,0.0302,0.024137,0.176961,Normal
2024-01-30 00:30:00,Dorm B,Room 107,14,Small,3,0.4371963545514973,0.145058292228743,0.4639868145846543,1,1,1,1,0,1,0,0,0,0.7681,0.50217,0.302728,Normal
2024-01-30 01:00:00,Dorm A,Room 105,18,Medium,1,0.4052351046447725,0.3734653252672734,0.5135842102123116,1,0,1,1,1,1,0,0,0,0.1456,0.085636,0.168458,Normal
2024-01-30 01:30:00,Dorm A,Room 103,17,Medium,2,0.6349987580916707,0.3945225710081022,0.4240663170130732,0,0,0,1,0,1,0,0,1,0.0803,0.054361,0.223731,Normal
2024-01-30 02:00:00,Dorm A,Room 103,17,Medium,2,0.5420726808010332,0.5134741204545388,0.2774585834285828,0,0,1,1,0,1,0,0,0,0.0953,0.061698,0.223457,Normal
2024-01-30 02:30:00,Dorm A,Room 102,15,Small,3,0.3538649962254033,0.3780178715620432,0.5787089124413357,0,0,1,1,0,1,0,0,0,0.1062,0.05431,0.269174,Normal
2024-01-30 03:00:00,Dorm C,Room 101,21,Medium,1,0.6445004273015539,0.4904768378295872,0.5716288972964467,1,0,0,1,1,1,0,0,0,0.1105,0.069266,0.199392,Normal
2024-01-30 03:30:00,Dorm C,Room 101,21,Medium,1,0.3339742749586702,0.4651405698336685,0.5479181214228683,1,0,0,1,1,1,0,0,1,0.1129,0.050798,0.192256,Normal
2024-01-30 04:00:00,Dorm A,Room 107,25,Medium,3,0.5706957622969051,0.4726922705490312,0.4408191120735738,0,1,0,0,1,0,0,0,1,0.6271,0.410364,0.292544,Normal
2024-01-30 04:30:00,Dorm B,Room 106,24,Medium,2,0.4171520057650871,0.3907985714316922,0.5342754512927326,1,1,0,1,0,1,0,1,0,0.8519,0.534579,0.229438,Normal
2024-01-30 05:00:00,Dorm A,Room 108,15,Small,1,0.4773192563673187,0.4021747722098124,0.5698710528060218,0,1,0,1,0,1,0,0,1,0.6827,0.416121,0.23975,Normal
2024-01-30 05:30:00,Dorm C,Room 104,13,Small,2,0.594067969107874,0.3373231767089978,0.6570164441997457,1,0,1,1,1,1,0,0,0,0.1391,0.088005,0.298843,Normal
2024-01-30 06:00:00,Dorm A,Room 104,32,Large,3,0.5963733779184532,0.5519365556516507,0.5812398689279258,1,0,0,1,0,1,1,1,0,0.9639,0.661922,0.312699,Abnormal
2024-01-30 06:30:00,Dorm B,Room 103,12,Small,1,0.7058177248855486,0.580011429721554,0.4703035887253344,0,0,1,1,0,1,0,0,0,0.1059,0.094275,0.176731,Normal
2024-01-30 07:00:00,Dorm B,Room 101,14,Small,4,0.5153552327174532,0.3828297655717456,0.3056966504700874,1,1,1,1,1,1,0,0,1,0.694,0.492183,0.314526,Normal
2024-01-30 07:30:00,Dorm C,Room 102,22,Medium,2,0.5675201508072149,0.7195571600096498,0.4813212262957355,0,0,1,1,1,1,0,0,0,0.1236,0.053067,0.250345,Normal
2024-01-30 08:00:00,Dorm B,Room 108,20,Medium,3,0.4676486302108736,0.4498467691902405,0.4934284289287475,0,1,1,1,1,1,0,0,1,0.7379,0.493871,0.313789,Normal
2024-01-30 08:30:00,Dorm B,Room 101,14,Small,4,0.5508172420457969,0.7209599879028863,0.5477088648317837,1,0,1,1,1,0,0,1,0,0.3213,0.225651,0.322352,Normal
2024-01-30 09:00:00,Dorm B,Room 108,20,Medium,3,0.5853737347319754,0.401713000650194,0.6250725755900711,0,0,1,1,0,0,0,0,1,0.103,0.036248,0.315339,Normal
2024-01-30 09:30:00,Dorm C,Room 105,11,Small,1,0.5132004660528793,0.1982516554809435,0.4512318464225137,0,1,1,1,0,1,0,1,1,0.8854,0.547252,0.223067,Normal
2024-01-30 10:00:00,Dorm C,Room 101,21,Medium,1,0.2843269727392324,0.5551888766500495,0.7147011465519391,0,0,0,1,0,0,0,0,0,0.0636,0.028996,0.192843,Normal
2024-01-30 10:30:00,Dorm A,Room 106,32,Large,3,0.5708778885769354,0.532607797198337,0.2515864049253788,1,1,0,1,0,1,0,1,1,0.8453,0.577965,0.364446,Normal
2024-01-30 11:00:00,Dorm C,Room 106,15,Small,1,0.5753187097419566,0.5011357363845559,0.512955183877887,1,0,1,1,0,0,0,0,0,0.1176,0.075686,0.205002,Normal
2024-01-30 11:30:00,Dorm A,Room 105,18,Medium,1,0.4351132207298478,0.4016975248953743,0.366848991061733,0,0,1,1,1,1,0,1,0,0.3252,0.195815,0.168286,Normal
2024-01-30 12:00:00,Dorm C,Room 102,22,Medium,2,0.3540265706578533,0.4910003661997741,0.2338387356788682,1,0,1,1,1,1,0,0,0,0.1466,0.090123,0.249731,Normal
2024-01-30 12:30:00,Dorm C,Room 101,21,Medium,1,0.7244597308777534,0.4209455550480461,0.4384402464854443,1,0,1,1,1,0,0,1,0,0.3436,0.209834,0.18974,Normal
2024-01-30 13:00:00,Dorm C,Room 103,22,Medium,2,0.5923467970162406,0.451647327625891,0.2878308757563401,1,0,1,1,0,1,0,0,1,0.1192,0.085358,0.191936,Normal
2024-01-30 13:30:00,Dorm A,Room 102,15,Small,3,0.4956507156001584,0.6197689492335221,0.4432805888658284,1,0,1,0,0,0,0,1,0,0.2574,0.16739,0.269425,Normal
2024-01-30 14:00:00,Dorm C,Room 102,22,Medium,2,0.3738017882817902,0.5231540571565976,0.4668182407778786,1,0,1,1,0,1,0,0,1,0.1223,0.086054,0.239615,Normal
2024-01-30 14:30:00,Dorm B,Room 108,20,Medium,3,0.4161046722349494,0.5857207130255,0.5968377257031311,1,0,1,1,0,1,1,0,0,0.8664,0.564125,0.304874,Normal
2024-01-30 15:00:00,Dorm C,Room 103,22,Medium,2,0.7012040387338576,0.4620053506482074,0.2817829265272024,1,0,1,1,1,0,0,0,0,0.1272,0.07708,0.184336,Normal
2024-01-30 15:30:00,Dorm A,Room 108,15,Small,1,0.5448683449321375,0.4458176795652646,0.5716326075369336,1,0,1,0,0,1,0,0,0,0.0589,0.042382,0.246632,Normal
2024-01-30 16:00:00,Dorm B,Room 105,19,Medium,3,0.4525039721615373,0.3265632996797686,0.4744136470749978,0,1,0,1,0,1,1,0,1,1.3983,0.925898,0.314433,Abnormal
2024-01-30 16:30:00,Dorm C,Room 106,15,Small,1,0.594795140226388,0.4416999178372949,0.5860774005089816,1,1,1,1,0,0,0,0,0,0.7624,0.467541,0.205304,Normal
2024-01-30 17:00:00,Dorm C,Room 107,21,Medium,2,0.4171000000652705,0.0080042072168155,0.4108500702609174,1,1,1,1,1,0,0,1,0,0.9789,0.634634,0.21489,Abnormal
2024-01-30 17:30:00,Dorm B,Room 107,14,Small,3,0.7278099327249151,0.4093410830992243,0.3028184250875456,1,1,1,0,1,1,0,1,0,0.8229,0.564348,0.312612,Normal
2024-01-30 18:00:00,Dorm C,Room 105,11,Small,1,0.7079423381869319,0.4840487864873643,0.316584343984115,1,0,1,1,0,1,0,0,1,0.1238,0.095393,0.217787,Normal
2024-01-30 18:30:00,Dorm A,Room 102,15,Small,3,0.4637786817110418,0.5789196543229953,0.3076696432725707,0,1,1,1,1,1,0,1,1,0.9524,0.64302,0.271073,Normal
2024-01-30 19:00:00,Dorm C,Room 108,20,Medium,1,0.4420250555703574,0.4565957794414013,0.5199700676879482,0,0,1,0,1,1,1,0,1,0.8411,0.50967,0.206312,Normal
2024-01-30 19:30:00,Dorm B,Room 102,14,Small,2,0.1750352080301841,0.547175890217952,0.6398324291658163,1,0,1,1,1,0,0,0,0,0.1326,0.089593,0.254847,Normal
2024-01-30 20:00:00,Dorm B,Room 105,19,Medium,3,0.3275627828665759,0.1757355088941397,0.3948701053481925,1,0,1,1,1,1,1,0,1,0.8716,0.577959,0.323274,Normal
2024-01-30 20:30:00,Dorm B,Room 105,19,Medium,3,0.3466343585813307,0.4877283166999104,0.5381239731661022,1,0,1,0,1,1,0,0,0,0.0826,0.054168,0.324911,Normal
2024-01-30 21:00:00,Dorm B,Room 103,12,Small,1,0.544536651358871,0.2492584179571038,0.2798805811053347,1,1,0,1,0,1,0,0,1,0.7518,0.463343,0.177479,Normal
2024-01-30 21:30:00,Dorm A,Room 102,15,Small,3,0.4826126354140106,0.3185067093740921,0.4842800255398642,1,1,1,1,1,1,0,0,0,0.677,0.455565,0.279784,Normal
2024-01-30 22:00:00,Dorm A,Room 103,17,Medium,2,0.3458471684135367,0.4685749776934513,0.5428540444596737,1,0,1,0,1,1,1,0,1,0.7811,0.478938,0.222623,Normal
2024-01-30 22:30:00,Dorm A,Room 105,18,Medium,1,0.4886610728427271,0.6836432085904391,0.2889163495753853,1,0,1,1,1,1,0,0,1,0.1418,0.095901,0.168185,Normal
2024-01-30 23:00:00,Dorm A,Room 107,25,Medium,3,0.5942110820363036,0.55063437464278,0.438187219923395,0,0,1,1,1,1,0,1,1,0.3383,0.22268,0.29673,Normal
2024-01-30 23:30:00,Dorm B,Room 106,24,Medium,2,0.5972309219121343,0.498760422559066,0.548535137828604,1,0,1,1,1,0,0,0,0,0.1233,0.094563,0.238562,Normal
2024-01-31 00:00:00,Dorm A,Room 107,25,Medium,3,0.2714543470422549,0.4932109414157226,0.1106843207776239,1,0,0,1,1,1,0,0,0,0.1116,0.05815,0.291189,Normal
2024-01-31 00:30:00,Dorm B,Room 104,25,Medium,3,0.509180629488881,0.3912049796515158,0.6228604842897503,1,0,0,1,0,1,1,0,1,0.8394,0.587589,0.229325,Normal
2024-01-31 01:00:00,Dorm B,Room 106,24,Medium,2,0.3407467836811136,0.4161363838196759,0.5050776942280026,1,0,1,1,0,1,0,0,0,0.1223,0.064806,0.230078,Normal
2024-01-31 01:30:00,Dorm B,Room 102,14,Small,2,0.6474076089065062,0.5588891131290887,0.5486323738866729,1,0,1,1,0,1,0,1,1,0.3067,0.21288,0.24374,Normal
2024-01-31 02:00:00,Dorm B,Room 101,14,Small,4,0.6316278351768821,0.2924860944917091,0.4131333151921772,1,1,0,1,0,1,0,0,0,0.7258,0.517859,0.325372,Normal
2024-01-31 02:30:00,Dorm C,Room 101,21,Medium,1,0.4058768182908333,0.5832374500481963,0.2559730302965565,1,1,1,1,0,1,0,0,1,0.7019,0.429479,0.193038,Normal
2024-01-31 03:00:00,Dorm C,Room 105,11,Small,1,0.423589065918315,0.4389854666887664,0.5267182023114381,1,0,0,1,1,1,0,0,1,0.1139,0.059495,0.218324,Normal
2024-01-31 03:30:00,Dorm B,Room 106,24,Medium,2,0.4644908943449065,0.6174065118000012,0.452738684350203,0,0,0,1,0,0,0,0,0,0.0652,0.029044,0.229836,Normal
2024-01-31 04:00:00,Dorm A,Room 102,15,Small,3,0.224064529475165,0.6373251817906243,0.4664998668914022,0,0,0,1,0,1,0,0,0,0.0685,0.038102,0.287058,Normal
2024-01-31 04:30:00,Dorm C,Room 107,21,Medium,2,0.5714814320251094,0.2502017334451958,0.5931265417139205,1,0,1,1,0,1,0,0,0,0.1166,0.084753,0.22612,Normal
2024-01-31 05:00:00,Dorm A,Room 102,15,Small,3,0.4897775656128069,0.4106110098114525,0.5540713332756171,1,0,0,1,0,1,1,0,1,0.8498,0.585173,0.283087,Normal
2024-01-31 05:30:00,Dorm B,Room 108,20,Medium,3,0.6565932486766388,0.3703512781202411,0.6931366759918461,0,0,1,1,1,0,0,0,0,0.1168,0.087885,0.296846,Normal
2024-01-31 06:00:00,Dorm C,Room 104,13,Small,2,0.3789851602418242,0.2296794075656646,0.4811047932627551,0,0,0,1,0,1,1,0,0,0.8353,0.535085,0.279843,Normal
2024-01-31 06:30:00,Dorm C,Room 104,13,Small,2,0.4433063218758254,0.3443382192074549,0.379722660876767,1,0,0,1,0,0,0,0,0,0.077,0.079199,0.280081,Normal
2024-01-31 07:00:00,Dorm C,Room 102,22,Medium,2,0.3242151836369598,0.8548525026904077,0.4400427411363757,1,1,0,0,1,0,0,0,0,0.6507,0.398374,0.238726,Normal
2024-01-31 07:30:00,Dorm B,Room 102,14,Small,2,0.3916160690939808,0.5856558306982562,0.5125138764865431,1,0,0,1,0,1,0,0,0,0.0898,0.054276,0.23771,Normal
2024-01-31 08:00:00,Dorm A,Room 108,15,Small,1,0.3677695287738913,0.7778492432042958,0.5845186820614258,0,0,1,1,0,1,0,0,1,0.1054,0.025916,0.245872,Normal
2024-01-31 08:30:00,Dorm A,Room 102,15,Small,3,0.6600554711228614,0.6179269571777302,0.2866478272486,1,0,1,1,0,1,0,0,0,0.1242,0.091269,0.274792,Normal
2024-01-31 09:00:00,Dorm B,Room 105,19,Medium,3,0.4326857255175285,0.3870585602206656,0.4636712477821487,1,1,1,1,0,1,0,0,1,0.7758,0.507948,0.314054,Normal
2024-01-31 09:30:00,Dorm A,Room 104,32,Large,3,0.5430584627911929,0.439975382297779,0.6557427258383162,1,1,1,1,1,1,0,1,0,0.9574,0.652862,0.320459,Normal
2024-01-31 10:00:00,Dorm A,Room 104,32,Large,3,0.4752946423232029,0.582558799579318,0.4338292836065224,1,0,0,1,0,0,0,0,0,0.0798,0.041929,0.327685,Normal
2024-01-31 10:30:00,Dorm B,Room 108,20,Medium,3,0.3560291015971414,0.5603778593290558,0.5743399194740889,1,0,0,1,1,0,0,0,0,0.096,0.060276,0.294022,Normal
2024-01-31 11:00:00,Dorm B,Room 107,14,Small,3,0.5038075929036726,0.4112339437538416,0.5218060041648738,1,0,0,1,0,1,0,0,0,0.0901,0.0622,0.313559,Normal
2024-01-31 11:30:00,Dorm C,Room 103,22,Medium,2,0.6067946886862353,0.2741698562636035,0.5773210090488862,1,1,0,1,0,1,0,0,0,0.7096,0.455488,0.184814,Normal
2024-01-31 12:00:00,Dorm C,Room 107,21,Medium,2,0.3643101513830579,0.9792564469388008,0.3655005171944355,1,0,1,1,0,1,0,0,0,0.1175,0.078216,0.227493,Normal
2024-01-31 12:30:00,Dorm A,Room 108,15,Small,1,0.6349783718044754,0.4753375533418254,0.366023448352865,1,1,1,1,1,1,0,1,1,0.9849,0.612488,0.244819,Abnormal
2024-01-31 13:00:00,Dorm C,Room 105,11,Small,1,0.4123596195691862,0.4482099901765323,0.4650790018273965,0,0,1,1,0,1,0,1,1,0.3099,0.17821,0.217718,Normal
2024-01-31 13:30:00,Dorm B,Room 101,14,Small,4,0.4615764468585377,0.5127369987115333,0.2788272823615586,1,0,1,1,0,0,0,1,1,0.3193,0.234088,0.334229,Normal
2024-01-31 14:00:00,Dorm A,Room 101,20,Medium,2,0.5976125618639087,0.4604093334068769,0.4302863793041548,1,0,1,0,0,1,0,0,1,0.0625,0.043123,0.194128,Normal
2024-01-31 14:30:00,Dorm A,Room 104,32,Large,3,0.4373594019309642,0.5141176230320259,0.4929844536088501,1,0,0,1,0,1,0,0,0,0.0803,0.026923,0.321606,Normal
2024-01-31 15:00:00,Dorm C,Room 106,15,Small,1,0.5314364614096513,0.6852132452728548,0.6767486401763722,0,1,1,1,0,0,0,0,0,0.6814,0.416815,0.210461,Normal
2024-01-31 15:30:00,Dorm A,Room 102,15,Small,3,0.4841617120672187,0.4777772944077244,0.5109608507482346,1,0,1,1,0,1,0,0,0,0.1192,0.064954,0.274741,Normal
2024-01-31 16:00:00,Dorm C,Room 106,15,Small,1,0.5437552826274759,0.3252071496948086,0.5376552734684957,0,1,1,1,1,0,0,0,1,0.7768,0.501494,0.210832,Normal
2024-01-31 16:30:00,Dorm B,Room 104,25,Medium,3,0.2068939630218969,0.4723257003732344,0.6023484521689882,1,0,1,1,1,0,0,0,1,0.1329,0.074441,0.231661,Normal
2024-01-31 17:00:00,Dorm C,Room 102,22,Medium,2,0.2808469370163845,0.4278318432730785,0.3469176129402018,1,0,1,1,1,1,0,0,0,0.1437,0.07978,0.245899,Normal
2024-01-31 17:30:00,Dorm B,Room 107,14,Small,3,0.6090578269846344,0.7053399057015044,0.4428421290181169,1,1,1,1,0,1,0,0,1,0.711,0.490106,0.313253,Normal
2024-01-31 18:00:00,Dorm C,Room 108,20,Medium,1,0.6655856292428288,0.6681909219893893,0.7536222640820195,1,0,1,0,1,0,1,0,0,0.8916,0.569886,0.215684,Normal
2024-01-31 18:30:00,Dorm B,Room 105,19,Medium,3,0.4042047319033156,0.5118832295334415,0.4531547505549045,1,0,1,1,1,1,0,0,0,0.1371,0.08065,0.322332,Normal
2024-01-31 19:00:00,Dorm C,Room 106,15,Small,1,0.4936447556408713,0.308155846410657,0.596584511044309,1,0,0,1,1,1,0,1,1,0.3171,0.196883,0.219789,Normal
2024-01-31 19:30:00,Dorm C,Room 101,21,Medium,1,0.5659457456246595,0.3159218354348329,0.5782660404022595,1,1,1,1,0,0,1,0,1,1.3783,0.862365,0.200849,Abnormal
2024-01-31 20:00:00,Dorm B,Room 108,20,Medium,3,0.6194250091066114,0.4983037041650036,0.2853185948478814,0,1,1,1,0,1,0,0,1,0.7531,0.494904,0.28361,Normal
2024-01-31 20:30:00,Dorm A,Room 104,32,Large,3,0.254275556689601,0.5455077896509224,0.4998950047231086,1,1,1,1,1,1,0,0,0,0.8044,0.533724,0.315466,Normal
2024-01-31 21:00:00,Dorm A,Room 106,32,Large,3,0.4074854945345426,0.441025920661583,0.4802522000014192,1,1,1,0,0,1,0,0,0,0.6578,0.432697,0.374557,Normal
2024-01-31 21:30:00,Dorm B,Room 105,19,Medium,3,0.4817610332726166,0.4255145786764991,0.5022319497525846,1,0,1,1,0,1,0,0,0,0.1179,0.061697,0.319659,Normal
2024-01-31 22:00:00,Dorm A,Room 101,20,Medium,2,0.620756640981528,0.4089623233343076,0.3721765812162221,0,1,1,1,0,1,0,0,1,0.6443,0.450516,0.193523,Normal
2024-01-31 22:30:00,Dorm A,Room 105,18,Medium,1,0.86168813431686,0.4926431441206498,0.3286508429377928,0,0,1,1,0,1,0,0,1,0.1033,0.053048,0.16917,Normal
2024-01-31 23:00:00,Dorm A,Room 106,32,Large,3,0.4957950235304368,0.1459061310472659,0.4055403660312306,1,1,1,1,0,1,0,0,0,0.6942,0.481605,0.371942,Normal
2024-01-31 23:30:00,Dorm B,Room 108,20,Medium,3,0.3375746939698785,0.3342282246560868,0.4509145891672947,0,0,1,1,0,1,1,1,1,1.0919,0.731185,0.292754,Abnormal
2024-02-01 00:00:00,Dorm C,Room 107,21,Medium,2,0.5803790097267802,0.4039286449260829,0.6048088564637751,0,0,0,1,0,1,0,0,0,0.0631,0.015749,0.220321,Normal
2024-02-01 00:30:00,Dorm C,Room 107,21,Medium,2,0.7036740787018456,0.6735379990620021,0.6806686655164497,0,0,1,1,0,1,0,0,0,0.1011,0.05521,0.219334,Normal
2024-02-01 01:00:00,Dorm C,Room 101,21,Medium,1,0.5408895490941297,0.3764816491836965,0.6301959867815614,0,0,0,1,0,1,0,0,1,0.0755,0.029504,0.2171,Normal
2024-02-01 01:30:00,Dorm C,Room 107,21,Medium,2,0.4047198203190688,0.522603084500117,0.5658428901975104,1,1,0,1,1,1,0,1,1,0.9425,0.615568,0.210752,Abnormal
2024-02-01 02:00:00,Dorm C,Room 107,21,Medium,2,0.654958515544669,0.5293742917406274,0.3421569068240713,0,1,0,1,0,1,0,0,0,0.7034,0.4767,0.221727,Normal
2024-02-01 02:30:00,Dorm A,Room 102,15,Small,3,0.6154429705099344,0.6868253014628602,0.4135919706710328,0,0,1,1,0,1,0,0,0,0.107,0.096204,0.265546,Normal
2024-02-01 03:00:00,Dorm A,Room 102,15,Small,3,0.3886917704949754,0.6816318040975464,0.4878316957208085,0,0,0,1,0,1,0,0,0,0.0659,0.02844,0.26597,Normal
2024-02-01 03:30:00,Dorm A,Room 104,32,Large,3,0.577581910577889,0.4876304230107053,0.3867736697802334,1,1,0,1,0,1,0,0,0,0.741,0.542818,0.32516,Normal
2024-02-01 04:00:00,Dorm A,Room 108,15,Small,1,0.6602288451466304,0.426203071613987,0.5318940052525425,0,0,0,1,0,1,0,0,0,0.0656,0.05403,0.256421,Normal
2024-02-01 04:30:00,Dorm B,Room 104,25,Medium,3,0.6850058134056152,0.3985230583709565,0.5490832741040818,0,0,0,1,0,1,0,1,1,0.2659,0.208737,0.229229,Normal
2024-02-01 05:00:00,Dorm B,Room 102,14,Small,2,0.5174762578636115,0.4606540787071837,0.5269853868892135,1,0,1,1,0,1,0,0,1,0.1256,0.082783,0.23751,Normal
2024-02-01 05:30:00,Dorm C,Room 105,11,Small,1,0.4783388741337008,0.4322948418179903,0.5856317683256276,0,0,0,1,1,0,0,1,0,0.2894,0.173081,0.20734,Normal
2024-02-01 06:00:00,Dorm C,Room 107,21,Medium,2,0.6910964060277874,0.5774432401413747,0.3541237393215457,1,0,0,1,1,1,0,1,0,0.2979,0.184825,0.2298,Normal
2024-02-01 06:30:00,Dorm C,Room 105,11,Small,1,0.3639879176319298,0.557850647583011,0.5745578857668407,1,0,1,1,0,1,0,1,0,0.3369,0.221919,0.202508,Normal
2024-02-01 07:00:00,Dorm C,Room 104,13,Small,2,0.5852520461444362,0.5830533276208474,0.3791908350924307,1,0,1,1,0,1,1,0,1,0.9117,0.595702,0.268619,Normal
2024-02-01 07:30:00,Dorm C,Room 105,11,Small,1,0.3425335687885115,0.6811477566917661,0.3497634831677212,0,0,0,1,0,1,1,0,0,0.9,0.541222,0.196347,Normal
2024-02-01 08:00:00,Dorm A,Room 104,32,Large,3,0.6693694358884767,0.7698517517568793,0.5264846432482787,0,0,1,1,0,1,0,0,0,0.1057,0.089325,0.331996,Normal
2024-02-01 08:30:00,Dorm A,Room 107,25,Medium,3,0.4917636246921029,0.5144019185225026,0.6085146046953175,1,0,1,1,1,1,1,1,0,1.0284,0.709493,0.29051,Abnormal
2024-02-01 09:00:00,Dorm B,Room 108,20,Medium,3,0.6966402107117625,0.6576603314846095,0.5211936754995079,0,1,1,1,0,1,0,0,1,0.7115,0.492995,0.294749,Normal
2024-02-01 09:30:00,Dorm A,Room 104,32,Large,3,0.5923424012925941,0.4444005507830625,0.4651428413367998,1,0,1,1,0,1,0,0,0,0.1213,0.084765,0.331965,Normal
2024-02-01 10:00:00,Dorm A,Room 102,15,Small,3,0.3622352765287755,0.6702319154666911,0.499855960576677,1,0,1,1,0,1,0,0,0,0.1159,0.080707,0.262561,Normal
2024-02-01 10:30:00,Dorm C,Room 104,13,Small,2,0.7175816895548222,0.6520824532641054,0.4790140494185312,0,0,1,1,0,0,0,1,0,0.2756,0.184485,0.27945,Normal
2024-02-01 11:00:00,Dorm A,Room 107,25,Medium,3,0.7345740121129866,0.6442797831853591,0.3275673532829912,1,0,1,1,0,1,0,0,1,0.1248,0.104383,0.303696,Normal
2024-02-01 11:30:00,Dorm A,Room 104,32,Large,3,0.6447984267541433,0.5099058351845089,0.3135706146885497,1,1,0,1,0,0,0,1,0,0.8643,0.606479,0.320777,Normal
2024-02-01 12:00:00,Dorm C,Room 104,13,Small,2,0.4241872493739576,0.397858047261276,0.4531903026331313,1,0,1,1,0,1,0,0,0,0.127,0.076171,0.271249,Normal
2024-02-01 12:30:00,Dorm C,Room 102,22,Medium,2,0.4853261657100667,0.2911387606005128,0.4722273711612337,0,0,1,1,1,1,0,0,0,0.126,0.100127,0.243794,Normal
2024-02-01 13:00:00,Dorm B,Room 103,12,Small,1,0.5459104603418162,0.4901972226322095,0.4640065338166682,1,0,1,0,1,1,0,1,1,0.2775,0.162786,0.187101,Normal
2024-02-01 13:30:00,Dorm C,Room 103,22,Medium,2,0.4319545192955352,0.7213754369119767,0.543758493367402,1,0,1,0,1,0,0,1,1,0.2763,0.175446,0.193591,Normal
2024-02-01 14:00:00,Dorm C,Room 104,13,Small,2,0.7535100853656553,0.4505457997381342,0.4367963851322418,1,0,0,1,0,1,0,0,0,0.091,0.057074,0.272789,Normal
2024-02-01 14:30:00,Dorm B,Room 101,14,Small,4,0.545762738103026,0.611464774518321,0.5301872642521093,1,1,1,0,0,0,0,0,0,0.6285,0.443025,0.329365,Normal
2024-02-01 15:00:00,Dorm A,Room 106,32,Large,3,0.1635992074916968,0.6201097749085722,0.4453010090411284,1,0,1,1,0,1,0,0,1,0.1247,0.075537,0.372111,Normal
2024-02-01 15:30:00,Dorm B,Room 107,14,Small,3,0.5719360598952334,0.4543901263604809,0.6813942574592355,1,0,1,1,0,1,0,0,1,0.1269,0.100865,0.30263,Normal
2024-02-01 16:00:00,Dorm B,Room 104,25,Medium,3,0.4796704327054428,0.6895335621849923,0.4723301718465338,1,0,1,0,1,1,0,1,0,0.2694,0.183056,0.232646,Normal
2024-02-01 16:30:00,Dorm C,Room 102,22,Medium,2,0.5163385498174214,0.0686191595022744,0.7434620588212667,1,0,1,1,1,1,1,0,0,0.829,0.564218,0.244093,Normal
2024-02-01 17:00:00,Dorm B,Room 104,25,Medium,3,0.4769243961579017,0.3163835871453276,0.5048776111031162,1,0,1,1,0,1,0,1,0,0.3453,0.22588,0.235592,Normal
2024-02-01 17:30:00,Dorm A,Room 104,32,Large,3,0.6347010603259923,0.3615181970011925,0.4370122755170245,0,0,1,1,0,0,0,0,0,0.0877,0.051394,0.321228,Normal
2024-02-01 18:00:00,Dorm C,Room 103,22,Medium,2,0.676658147031825,0.3756143716501429,0.3547407703807059,1,1,0,1,0,0,0,1,1,0.9271,0.596528,0.195954,Normal
2024-02-01 18:30:00,Dorm C,Room 108,20,Medium,1,0.5643801332769974,0.5454989692780354,0.2895445334408042,1,0,1,0,0,1,1,0,1,0.7678,0.458814,0.226059,Normal
2024-02-01 19:00:00,Dorm A,Room 107,25,Medium,3,0.4808576114722419,0.5387056385511892,0.3437042693635008,1,1,1,1,0,1,0,0,0,0.7474,0.494833,0.292284,Normal
2024-02-01 19:30:00,Dorm B,Room 106,24,Medium,2,0.5208463069372753,0.553982724058729,0.357121163075868,1,1,1,1,0,1,0,1,1,0.9677,0.617255,0.229093,Abnormal
2024-02-01 20:00:00,Dorm C,Room 106,15,Small,1,0.5290241484185944,0.583682368629477,0.5100133122494164,1,0,0,1,0,0,0,0,0,0.0752,0.037661,0.22273,Normal
2024-02-01 20:30:00,Dorm C,Room 102,22,Medium,2,0.4187061490490709,0.3564520899271655,0.3995232567697239,1,0,1,1,1,1,1,0,1,0.8339,0.536848,0.254078,Normal
2024-02-01 21:00:00,Dorm A,Room 108,15,Small,1,0.6040872064423964,0.3170558215397369,0.4850725197405244,1,0,1,1,1,1,0,0,1,0.1376,0.073732,0.255971,Normal
2024-02-01 21:30:00,Dorm B,Room 108,20,Medium,3,0.5881324274490847,0.5543250142196723,0.6164451572390793,1,0,1,0,0,1,0,0,0,0.0644,0.068717,0.300052,Normal
2024-02-01 22:00:00,Dorm B,Room 102,14,Small,2,0.7331240904514766,0.4034611259207946,0.4521126809285447,1,0,1,1,1,0,0,0,0,0.1357,0.088994,0.238517,Normal
2024-02-01 22:30:00,Dorm B,Room 106,24,Medium,2,0.6948642549314465,0.2652813314016272,0.7120821558249023,1,1,1,1,1,1,0,1,0,0.8865,0.602581,0.24103,Normal
2024-02-01 23:00:00,Dorm C,Room 101,21,Medium,1,0.4343749164767959,0.6388316617685292,0.3215856694029753,0,0,1,1,1,1,0,0,0,0.1225,0.061512,0.2062,Normal
2024-02-01 23:30:00,Dorm C,Room 107,21,Medium,2,0.6364794991840687,0.7011078423830635,0.4445815788776524,1,0,1,1,0,0,0,0,1,0.1152,0.069948,0.231592,Normal
2024-02-02 00:00:00,Dorm C,Room 108,20,Medium,1,0.3987740237828419,0.7249243213906731,0.3979459529121277,1,0,1,1,1,1,0,0,1,0.1377,0.08807,0.234353,Normal
2024-02-02 00:30:00,Dorm B,Room 106,24,Medium,2,0.6197893002580916,0.5235641528607005,0.5749991214215031,1,0,0,1,0,1,0,0,1,0.0916,0.066322,0.240702,Normal
2024-02-02 01:00:00,Dorm C,Room 104,13,Small,2,0.4570631980091386,0.5880692666469436,0.1939405600024299,0,0,0,1,0,1,0,0,1,0.0753,0.061458,0.269762,Normal
2024-02-02 01:30:00,Dorm A,Room 108,15,Small,1,0.3890712427797008,0.6973994550234468,0.2895173345661729,0,0,1,1,0,1,0,0,1,0.1081,0.045902,0.255565,Normal
2024-02-02 02:00:00,Dorm A,Room 107,25,Medium,3,0.5639764779661932,0.4018175468913184,0.4497686625060494,1,0,1,1,1,1,0,0,1,0.1392,0.134522,0.290413,Normal
2024-02-02 02:30:00,Dorm B,Room 101,14,Small,4,0.1674616635163079,0.6593083482137978,0.6487648339214056,1,1,0,0,0,1,0,0,0,0.68,0.484471,0.33655,Normal
2024-02-02 03:00:00,Dorm A,Room 103,17,Medium,2,0.2914094695907485,0.5365538873077702,0.4897411023313317,1,1,1,1,0,1,0,0,0,0.7165,0.454413,0.232046,Normal
2024-02-02 03:30:00,Dorm A,Room 105,18,Medium,1,0.5025740807827652,0.630361866710917,0.300502671851037,0,0,1,1,0,1,0,0,1,0.103,0.068508,0.169058,Normal
2024-02-02 04:00:00,Dorm B,Room 101,14,Small,4,0.537457688761158,0.5234297268191475,0.3190236496192563,0,1,1,1,0,1,0,0,0,0.7512,0.539548,0.34467,Normal
2024-02-02 04:30:00,Dorm B,Room 104,25,Medium,3,0.476830534713222,0.6865813748767895,0.6633545491811819,1,0,0,1,1,1,0,0,0,0.1108,0.060399,0.23837,Normal
2024-02-02 05:00:00,Dorm B,Room 104,25,Medium,3,0.31443037833637,0.5289306157889238,0.3881298324694145,1,0,1,1,0,1,0,0,0,0.1152,0.055551,0.22687,Normal
2024-02-02 05:30:00,Dorm C,Room 104,13,Small,2,0.4166311447227547,0.2779929367184825,0.3495202548505114,0,0,0,1,0,1,0,0,0,0.0752,0.030731,0.259364,Normal
2024-02-02 06:00:00,Dorm C,Room 106,15,Small,1,0.5788949036948574,0.7094589060682215,0.639886479984709,0,0,0,1,0,1,0,0,0,0.0687,0.02353,0.222056,Normal
2024-02-02 06:30:00,Dorm C,Room 102,22,Medium,2,0.6044701010433791,0.3568303443346364,0.583947686142106,1,0,1,1,0,1,1,0,1,0.9126,0.625772,0.250137,Abnormal
2024-02-02 07:00:00,Dorm A,Room 105,18,Medium,1,0.5242166669183803,0.6802328458640365,0.6154951533390379,1,1,0,1,0,1,0,0,0,0.672,0.409084,0.169035,Normal
2024-02-02 07:30:00,Dorm A,Room 103,17,Medium,2,0.681643213746208,0.4828189066920728,0.3486710505867404,1,0,1,1,0,1,0,0,0,0.1214,0.097055,0.240137,Normal
2024-02-02 08:00:00,Dorm A,Room 101,20,Medium,2,0.579725304718166,0.6689098473994333,0.2796810020824001,0,0,1,1,0,0,0,0,1,0.0897,0.05495,0.192978,Normal
2024-02-02 08:30:00,Dorm C,Room 106,15,Small,1,0.4260838199423975,0.6628487946405079,0.4786228977761799,0,0,1,1,1,0,0,0,1,0.1148,0.068097,0.213196,Normal
2024-02-02 09:00:00,Dorm B,Room 104,25,Medium,3,0.4887499130778117,0.5592957459577208,0.5028518730073818,0,0,1,1,0,0,0,0,1,0.0931,0.059372,0.225875,Normal
2024-02-02 09:30:00,Dorm C,Room 104,13,Small,2,0.338126439186593,0.5708164254166288,0.5063880512285504,0,0,0,1,0,0,0,0,0,0.0549,0.025886,0.258238,Normal
2024-02-02 10:00:00,Dorm B,Room 105,19,Medium,3,0.5118813757064018,0.5581914225494089,0.6399838201493788,1,0,1,1,0,1,0,1,1,0.3058,0.234206,0.318974,Normal
2024-02-02 10:30:00,Dorm C,Room 104,13,Small,2,0.6756399353020547,0.2001258622339735,0.2546480153604826,1,0,1,1,0,0,0,0,0,0.1105,0.075184,0.254682,Normal
2024-02-02 11:00:00,Dorm C,Room 107,21,Medium,2,0.6183611207142788,0.5134711838308574,0.5657840860632742,1,0,0,1,1,1,0,1,0,0.3086,0.224316,0.214018,Normal
2024-02-02 11:30:00,Dorm B,Room 102,14,Small,2,0.7145462548880365,0.3320623682560079,0.3310855578529592,0,1,1,1,1,1,0,1,0,0.8944,0.600963,0.239254,Normal
2024-02-02 12:00:00,Dorm A,Room 103,17,Medium,2,0.4857460448308571,0.5212391323654415,0.5653090396187688,1,0,1,1,1,1,0,0,0,0.1342,0.107948,0.239997,Normal
2024-02-02 12:30:00,Dorm B,Room 103,12,Small,1,0.7070430856265224,0.3281122747181341,0.4056667292496388,1,0,1,1,0,0,0,1,0,0.3258,0.208355,0.189476,Normal
2024-02-02 13:00:00,Dorm A,Room 107,25,Medium,3,0.5004520332441694,0.3219384986604067,0.3649952955866732,1,0,0,1,1,1,0,1,0,0.2979,0.198293,0.292497,Normal
2024-02-02 13:30:00,Dorm A,Room 107,25,Medium,3,0.7238834585012874,0.7319452171546108,0.3894773396750915,1,0,1,1,1,0,0,0,0,0.1269,0.066707,0.282781,Normal
2024-02-02 14:00:00,Dorm B,Room 101,14,Small,4,0.5234606226942474,0.6532490699305185,0.2892180215439303,1,0,1,0,0,0,0,1,0,0.2636,0.198899,0.345949,Normal
2024-02-02 14:30:00,Dorm B,Room 102,14,Small,2,0.6213056849369829,0.4954723607839407,0.4674972305425713,1,0,1,1,0,1,0,0,1,0.126,0.105984,0.250314,Normal
2024-02-02 15:00:00,Dorm A,Room 102,15,Small,3,0.7243568266598637,0.5232350949350517,0.3699498400640798,1,0,1,1,0,1,0,0,1,0.1252,0.102531,0.250177,Normal
2024-02-02 15:30:00,Dorm C,Room 102,22,Medium,2,0.5004354724347755,0.4596469784392669,0.5569787143029397,0,1,1,1,1,1,0,0,0,0.7689,0.492397,0.261463,Normal
2024-02-02 16:00:00,Dorm C,Room 101,21,Medium,1,0.5557020736358707,0.5798312174370388,0.5394341328123666,0,0,1,1,1,1,0,0,1,0.1256,0.090038,0.197053,Normal
2024-02-02 16:30:00,Dorm A,Room 104,32,Large,3,0.6993618521044191,0.3967269995214735,0.6651741669133276,1,0,0,1,0,1,0,0,1,0.0869,0.044666,0.320409,Normal
2024-02-02 17:00:00,Dorm B,Room 102,14,Small,2,0.5085445546327789,0.6421230149360428,0.5065950799855885,1,0,1,1,1,1,0,1,0,0.3218,0.193744,0.248667,Normal
2024-02-02 17:30:00,Dorm B,Room 102,14,Small,2,0.3491274946677242,0.4588870661472885,0.5251123893256051,0,0,1,1,1,1,0,0,0,0.1189,0.065022,0.243025,Normal
2024-02-02 18:00:00,Dorm C,Room 104,13,Small,2,0.8139896099094892,0.4343796945213953,0.6306161154584404,0,0,1,1,0,1,0,1,0,0.3005,0.193233,0.254183,Normal
2024-02-02 18:30:00,Dorm C,Room 103,22,Medium,2,0.4633505246670393,0.4992721466652927,0.387346684621645,1,0,1,1,1,1,1,0,0,0.8269,0.542534,0.207258,Normal
2024-02-02 19:00:00,Dorm A,Room 104,32,Large,3,0.5476992160608244,0.409205163481838,0.284101565560215,1,0,1,0,1,1,0,1,1,0.2912,0.211574,0.319658,Normal
2024-02-02 19:30:00,Dorm A,Room 102,15,Small,3,0.6815322137418984,0.5443849104493299,0.4866521574854027,1,0,1,1,0,1,1,0,0,0.9031,0.623197,0.241745,Normal
2024-02-02 20:00:00,Dorm A,Room 103,17,Medium,2,0.4447327605904461,0.4171093920054051,0.2919745260102891,0,0,1,1,1,0,1,0,1,0.9011,0.603989,0.241676,Normal
2024-02-02 20:30:00,Dorm C,Room 103,22,Medium,2,0.3911359817127876,0.5649362320018918,0.7570445206291008,1,0,0,1,0,1,0,0,0,0.0848,0.046468,0.217207,Normal
2024-02-02 21:00:00,Dorm A,Room 103,17,Medium,2,0.5604458863740848,0.6747876657507155,0.6372622373330257,1,0,1,1,1,1,0,0,1,0.1475,0.113992,0.253678,Normal
2024-02-02 21:30:00,Dorm B,Room 102,14,Small,2,0.2857594561335461,0.3903683564870162,0.7222579156636977,1,1,1,0,1,1,0,0,1,0.6461,0.401167,0.24164,Normal
2024-02-02 22:00:00,Dorm B,Room 106,24,Medium,2,0.4877562785433604,0.4768915589621049,0.4701387209868161,0,0,0,1,1,1,0,0,0,0.0944,0.061312,0.240623,Normal
2024-02-02 22:30:00,Dorm A,Room 106,32,Large,3,0.5592785127609139,0.563879152010694,0.5286989734045803,0,1,1,1,1,1,0,0,0,0.7365,0.505799,0.363965,Normal
2024-02-02 23:00:00,Dorm A,Room 105,18,Medium,1,0.4901657648765043,0.4320267834078997,0.4075240080738784,0,0,0,1,0,1,0,0,1,0.0751,0.058895,0.176308,Normal
2024-02-02 23:30:00,Dorm A,Room 107,25,Medium,3,0.3192596839432446,0.5643185454077873,0.56857094551179,1,0,1,1,0,1,0,1,1,0.3109,0.202974,0.283508,Normal
2024-02-03 00:00:00,Dorm A,Room 107,25,Medium,3,0.7403356636623593,0.5777035758025808,0.3168190178069526,0,0,0,1,0,1,0,0,1,0.0717,0.025177,0.285973,Normal
2024-02-03 00:30:00,Dorm C,Room 101,21,Medium,1,0.5402888655005883,0.655279257207813,0.1575536570142966,0,0,1,0,0,0,0,0,1,0.0398,0.036248,0.19747,Normal
2024-02-03 01:00:00,Dorm B,Room 108,20,Medium,3,0.7184572749673288,0.40702377779688,0.3677859247269086,1,0,1,1,0,1,0,0,1,0.124,0.086753,0.290706,Normal
2024-02-03 01:30:00,Dorm C,Room 102,22,Medium,2,0.4914964641909726,0.3575292212580256,0.2880347304793195,1,0,0,1,0,1,0,0,1,0.0876,0.08288,0.269049,Normal
2024-02-03 02:00:00,Dorm B,Room 104,25,Medium,3,0.408294499612384,0.4508790373416715,0.6399529640847564,0,1,1,1,1,1,0,1,0,0.9463,0.615603,0.222876,Normal
2024-02-03 02:30:00,Dorm B,Room 104,25,Medium,3,0.5625184510705205,0.3538585419176239,0.6804727117565443,1,1,0,1,1,1,0,0,0,0.7574,0.516228,0.225609,Normal
2024-02-03 03:00:00,Dorm A,Room 101,20,Medium,2,0.4974347837868342,0.5790408316380411,0.294338450471988,0,0,1,1,1,1,0,0,1,0.1217,0.054758,0.184049,Normal
2024-02-03 03:30:00,Dorm B,Room 102,14,Small,2,0.368335933298659,0.3253481065057977,0.6176133285979335,0,0,0,1,1,1,1,0,0,0.8189,0.523109,0.246188,Normal
2024-02-03 04:00:00,Dorm A,Room 106,32,Large,3,0.7236417844018992,0.8389454422461311,0.5767840712854538,0,0,1,1,0,1,0,0,0,0.1033,0.073945,0.37256,Normal
2024-02-03 04:30:00,Dorm B,Room 101,14,Small,4,0.4428839514181679,0.6865330467589383,0.2743218442250131,1,0,0,1,0,1,0,0,0,0.0871,0.082435,0.348226,Normal
2024-02-03 05:00:00,Dorm B,Room 106,24,Medium,2,0.2794264669251565,0.497929320171176,0.4158268377324698,0,0,1,1,0,0,0,0,1,0.0967,0.068075,0.237421,Normal
2024-02-03 05:30:00,Dorm C,Room 106,15,Small,1,0.7046363423126447,0.6235550138511374,0.3930451075393959,1,0,1,1,0,1,0,0,0,0.1209,0.069208,0.214353,Normal
2024-02-03 06:00:00,Dorm A,Room 104,32,Large,3,0.4587160540247179,0.2555338230572166,0.5523835468854457,0,1,0,1,1,1,1,1,0,1.7299,1.0,0.32196,Abnormal
2024-02-03 06:30:00,Dorm A,Room 101,20,Medium,2,0.4448226774021407,0.866920635823784,0.3152310863046162,1,0,1,1,0,1,0,0,0,0.1153,0.088958,0.183867,Normal
2024-02-03 07:00:00,Dorm C,Room 105,11,Small,1,0.2894753491035012,0.4093421638717144,0.4507853067246288,0,0,1,1,0,0,1,0,0,0.7925,0.448961,0.203396,Normal
2024-02-03 07:30:00,Dorm B,Room 106,24,Medium,2,0.7600316185789138,0.4783726463059847,0.3803558513794232,0,1,0,1,1,1,0,1,1,0.8225,0.561165,0.235887,Normal
2024-02-03 08:00:00,Dorm B,Room 102,14,Small,2,0.3533430060604748,0.2233298758897248,0.5194334482619358,1,0,0,1,1,0,0,0,0,0.0939,0.048944,0.24799,Normal
2024-02-03 08:30:00,Dorm B,Room 108,20,Medium,3,0.5342378767224236,0.5675468175157572,0.4366385875314108,1,0,1,1,0,0,0,1,1,0.3282,0.218689,0.287403,Normal
2024-02-03 09:00:00,Dorm C,Room 102,22,Medium,2,0.6488692864927244,0.3334908396913889,0.3984338947744111,0,0,1,0,0,0,0,0,0,0.0345,0.023108,0.26684,Normal
2024-02-03 09:30:00,Dorm A,Room 101,20,Medium,2,0.582989084491438,0.5110206756567206,0.4370579352616939,1,0,1,0,0,0,0,0,0,0.0521,0.011429,0.175907,Normal
2024-02-03 10:00:00,Dorm A,Room 102,15,Small,3,0.5183881150669076,0.4160936150640609,0.7069098116714064,1,0,1,1,0,1,0,0,1,0.1223,0.060735,0.244627,Normal
2024-02-03 10:30:00,Dorm B,Room 103,12,Small,1,0.2980269306384899,0.3376939796650988,0.4126318003225566,1,0,1,1,0,1,0,0,0,0.1283,0.086824,0.18933,Normal
2024-02-03 11:00:00,Dorm B,Room 106,24,Medium,2,0.4177271730675355,0.3778707526656996,0.3377582344256112,0,1,1,1,0,1,0,0,0,0.701,0.443259,0.237286,Normal
2024-02-03 11:30:00,Dorm B,Room 106,24,Medium,2,0.551597016610262,0.5292633771985735,0.5326411646104691,1,0,1,1,0,1,0,0,0,0.1286,0.083467,0.236864,Normal
2024-02-03 12:00:00,Dorm C,Room 102,22,Medium,2,0.4207535302623579,0.3077509493176553,0.445428428278576,1,0,1,1,0,1,0,1,0,0.3042,0.198584,0.265569,Normal
2024-02-03 12:30:00,Dorm A,Room 101,20,Medium,2,0.5536850814297087,0.3860344554828992,0.2928622441110943,0,0,0,1,1,1,0,1,0,0.2828,0.166223,0.175467,Normal
2024-02-03 13:00:00,Dorm A,Room 107,25,Medium,3,0.6178851498217772,0.5935570089474516,0.7303582490947104,1,0,1,1,0,0,0,0,0,0.1097,0.064632,0.275979,Normal
2024-02-03 13:30:00,Dorm B,Room 104,25,Medium,3,0.655563624755464,0.8785462754203761,0.4203603112597643,1,0,1,0,0,1,0,0,1,0.0622,0.029756,0.234989,Normal
2024-02-03 14:00:00,Dorm A,Room 102,15,Small,3,0.3618381557548673,0.56626847252192,0.4173142274619599,1,0,0,0,0,1,0,1,0,0.2385,0.124091,0.244906,Normal
2024-02-03 14:30:00,Dorm C,Room 108,20,Medium,1,0.8211880694361938,0.3612787454155731,0.4818223449438595,1,1,0,1,0,1,0,0,0,0.6604,0.423425,0.235531,Normal
2024-02-03 15:00:00,Dorm C,Room 105,11,Small,1,0.629391081305724,0.4421294052312141,0.6702080484770252,1,0,1,0,0,1,0,0,1,0.0653,0.038616,0.211608,Normal
2024-02-03 15:30:00,Dorm B,Room 105,19,Medium,3,0.5261637984613768,0.5007235395367575,0.2611289733651433,1,0,0,1,0,1,0,0,0,0.088,0.067156,0.314375,Normal
2024-02-03 16:00:00,Dorm A,Room 102,15,Small,3,0.6726117971981846,0.4447290446653478,0.4957568492617044,1,0,1,1,0,1,0,0,0,0.1195,0.088466,0.245577,Normal
2024-02-03 16:30:00,Dorm A,Room 107,25,Medium,3,0.8438362243367069,0.6287962113471686,0.7130557630086066,1,0,1,1,0,1,0,1,0,0.299,0.186977,0.275944,Normal
2024-02-03 17:00:00,Dorm B,Room 103,12,Small,1,0.3333147692864482,0.5280414558515336,0.4780904965833814,1,1,1,1,0,0,0,0,0,0.6838,0.387043,0.190126,Normal
2024-02-03 17:30:00,Dorm B,Room 108,20,Medium,3,0.4961631508500927,0.6295007782537454,0.3144447315349303,1,0,1,1,1,1,0,1,0,0.3422,0.223167,0.29073,Normal
2024-02-03 18:00:00,Dorm A,Room 105,18,Medium,1,0.2072036267740322,0.4498699387671218,0.3884583021607642,1,0,1,1,0,0,0,0,0,0.102,0.063582,0.166156,Normal
2024-02-03 18:30:00,Dorm A,Room 102,15,Small,3,0.5522480564836254,0.6908790535839484,0.4874665661647356,1,1,1,1,0,1,0,1,1,0.9396,0.635587,0.243834,Normal
2024-02-03 19:00:00,Dorm C,Room 103,22,Medium,2,0.575430468387832,0.4716141422545393,0.6223027290733628,1,1,0,0,1,1,1,0,1,1.3649,0.883232,0.216378,Abnormal
2024-02-03 19:30:00,Dorm B,Room 105,19,Medium,3,0.5211382082153762,0.3533533563998282,0.4219370810879934,1,0,1,1,0,1,0,0,1,0.1243,0.104486,0.314584,Normal
2024-02-03 20:00:00,Dorm A,Room 103,17,Medium,2,0.4385541465407698,0.8160640731997879,0.5618199070582484,1,0,1,1,0,0,0,0,1,0.1189,0.085097,0.255922,Normal
2024-02-03 20:30:00,Dorm C,Room 102,22,Medium,2,0.2513449554539512,0.2278791576354943,0.2904466729015493,1,0,1,1,0,0,0,0,0,0.1051,0.076424,0.265501,Normal
2024-02-03 21:00:00,Dorm C,Room 106,15,Small,1,0.5765227974707948,0.3875147936629945,0.2894449833764831,0,1,1,1,0,1,0,0,0,0.7525,0.475188,0.20682,Normal
2024-02-03 21:30:00,Dorm B,Room 104,25,Medium,3,0.7217160163436614,0.403932024109296,0.404725691255508,1,0,0,1,1,1,0,0,1,0.1147,0.063764,0.234923,Normal
2024-02-03 22:00:00,Dorm C,Room 101,21,Medium,1,0.4470780001400061,0.8647063538897948,0.6351664236544328,0,1,1,1,0,1,1,0,1,1.4175,0.880475,0.196359,Abnormal
2024-02-03 22:30:00,Dorm A,Room 105,18,Medium,1,0.5854507506947382,0.7616203867720277,0.4709098437771967,1,1,0,1,0,1,0,0,1,0.6988,0.474813,0.167272,Normal
2024-02-03 23:00:00,Dorm B,Room 107,14,Small,3,0.315945785009563,0.7156315235503801,0.4974154676033745,1,0,1,0,0,1,0,0,0,0.0624,0.050438,0.299485,Normal
2024-02-03 23:30:00,Dorm B,Room 102,14,Small,2,0.5877527351606395,0.4474869720666238,0.4960080347101882,0,0,1,1,0,1,1,0,0,0.9033,0.591763,0.244502,Normal
2024-02-04 00:00:00,Dorm A,Room 106,32,Large,3,0.4736011619037286,0.8526366360555462,0.5957180001907773,1,0,1,1,0,1,0,0,1,0.1221,0.059647,0.370344,Normal
2024-02-04 00:30:00,Dorm A,Room 102,15,Small,3,0.4240758502555614,0.5502148340444315,0.3894391911380385,1,0,1,1,0,1,1,0,1,0.854,0.563012,0.25259,Normal
2024-02-04 01:00:00,Dorm C,Room 105,11,Small,1,0.4243515426224484,0.6397015412346709,0.5452201398094486,0,1,0,0,0,1,0,0,1,0.6413,0.402538,0.212412,Normal
2024-02-04 01:30:00,Dorm A,Room 108,15,Small,1,0.4735703915005201,0.5224895181971461,0.3629665090750508,1,1,1,1,0,1,0,0,1,0.6766,0.426272,0.255838,Normal
2024-02-04 02:00:00,Dorm B,Room 105,19,Medium,3,0.5777171456559778,0.4888114664055586,0.7005790057438868,1,0,1,0,0,1,0,1,0,0.2453,0.15305,0.312014,Normal
2024-02-04 02:30:00,Dorm C,Room 101,21,Medium,1,0.3502989545767153,0.4590793167301869,0.3666245628709839,1,0,0,1,0,1,0,0,0,0.0806,0.055988,0.213068,Normal
2024-02-04 03:00:00,Dorm A,Room 107,25,Medium,3,0.4731001814102316,0.4652720928411691,0.3567872889939614,1,1,1,1,0,1,0,0,0,0.7505,0.493752,0.279001,Normal
2024-02-04 03:30:00,Dorm A,Room 108,15,Small,1,0.5208282469500587,0.5855061872132217,0.5285905474437984,0,0,0,1,0,1,0,0,0,0.0695,0.056041,0.254135,Normal
2024-02-04 04:00:00,Dorm C,Room 103,22,Medium,2,0.3789006121190518,0.5500455039202035,0.4722191647346628,1,0,1,1,0,1,1,1,0,1.0954,0.707877,0.232604,Abnormal
2024-02-04 04:30:00,Dorm C,Room 104,13,Small,2,0.7675098509232909,0.4914560734569468,0.5018592790498372,0,0,0,1,1,1,0,0,1,0.0955,0.078967,0.246701,Normal
2024-02-04 05:00:00,Dorm A,Room 108,15,Small,1,0.411853066371029,0.7179235175166365,0.4899176926489784,0,0,1,1,0,1,0,0,0,0.1044,0.056351,0.253554,Normal
2024-02-04 05:30:00,Dorm B,Room 104,25,Medium,3,0.4365540885981563,0.0600818072743479,0.3318333085054409,0,1,0,1,0,1,0,0,1,0.6696,0.462028,0.2353,Normal
2024-02-04 06:00:00,Dorm A,Room 108,15,Small,1,0.3951029870368979,0.5710151075188687,0.6562006816359968,0,0,0,1,0,1,0,0,1,0.0686,0.043492,0.25412,Normal
2024-02-04 06:30:00,Dorm A,Room 103,17,Medium,2,0.7677534121279321,0.601561330912924,0.569844708547903,0,0,1,1,1,1,1,0,1,0.8212,0.558712,0.256284,Normal
2024-02-04 07:00:00,Dorm A,Room 101,20,Medium,2,0.6005948122136273,0.664640884002728,0.6256793917943827,0,0,0,1,0,1,0,0,0,0.0759,0.050911,0.177287,Normal
2024-02-04 07:30:00,Dorm C,Room 104,13,Small,2,0.4007013488494725,0.4865475391038701,0.3992634608905184,1,1,0,1,0,1,0,0,1,0.7218,0.448897,0.247129,Normal
2024-02-04 08:00:00,Dorm C,Room 106,15,Small,1,0.6748522958389637,0.5266374687455948,0.5126170708177353,1,0,1,1,1,1,0,0,0,0.1382,0.092382,0.208487,Normal
2024-02-04 08:30:00,Dorm A,Room 102,15,Small,3,0.5533280014294853,0.6409779063333025,0.4863251692890763,0,0,0,1,1,1,0,1,0,0.2959,0.209433,0.263053,Normal
2024-02-04 09:00:00,Dorm B,Room 103,12,Small,1,0.560917757187158,0.715225653377418,0.5979727821177716,1,0,0,1,0,1,0,0,0,0.0925,0.041083,0.196606,Normal
2024-02-04 09:30:00,Dorm C,Room 101,21,Medium,1,0.4801643211940603,0.4519138547668535,0.6018412557535205,0,0,1,1,0,1,0,0,0,0.109,0.075737,0.213118,Normal
2024-02-04 10:00:00,Dorm C,Room 103,22,Medium,2,0.4258207393919253,0.5353164027148565,0.4858071823400666,1,0,1,1,0,1,0,0,1,0.1227,0.086569,0.246665,Normal
2024-02-04 10:30:00,Dorm C,Room 101,21,Medium,1,0.5717227171845922,0.7427674047336663,0.2805393241823652,0,0,1,1,1,0,0,0,0,0.1159,0.062197,0.213771,Normal
2024-02-04 11:00:00,Dorm B,Room 106,24,Medium,2,0.4532420611228148,0.1839303315727075,0.6761519460392118,1,0,1,1,0,1,0,0,1,0.1253,0.084747,0.238089,Normal
2024-02-04 11:30:00,Dorm A,Room 104,32,Large,3,0.7702060259274957,0.3946756725107704,0.5293484684847745,0,0,0,1,1,1,0,1,0,0.2833,0.190615,0.341729,Normal
2024-02-04 12:00:00,Dorm A,Room 105,18,Medium,1,0.3560524743155492,0.7115030485609712,0.3896531746778225,1,0,1,1,0,0,0,1,1,0.3216,0.203548,0.175477,Normal
2024-02-04 12:30:00,Dorm B,Room 105,19,Medium,3,0.7325491065497822,0.6566424832378353,0.5114196075762235,1,0,1,1,1,1,0,0,0,0.1351,0.081509,0.313875,Normal
2024-02-04 13:00:00,Dorm C,Room 108,20,Medium,1,0.511454632443648,0.5728606482991441,0.2813620242776261,0,0,0,1,1,1,0,0,0,0.0837,0.071656,0.240195,Normal
2024-02-04 13:30:00,Dorm A,Room 102,15,Small,3,0.5665317359931773,0.4301545609610384,0.5892570588836914,0,0,1,1,0,1,0,0,0,0.0938,0.083411,0.254617,Normal
2024-02-04 14:00:00,Dorm A,Room 101,20,Medium,2,0.6382052549408352,0.3664875333466316,0.2861466199905954,1,0,1,1,0,0,0,1,0,0.3152,0.220727,0.167894,Normal
2024-02-04 14:30:00,Dorm A,Room 104,32,Large,3,0.441813144221432,0.4091950540803947,0.4361536160298126,0,0,0,1,0,0,0,0,1,0.0619,0.070975,0.33713,Normal
2024-02-04 15:00:00,Dorm C,Room 101,21,Medium,1,0.6423776771371339,0.7235792287463536,0.491974046464647,1,1,1,1,0,0,1,1,1,1.7048,1.0,0.213595,Abnormal
2024-02-04 15:30:00,Dorm C,Room 101,21,Medium,1,0.1630361217552172,0.4037240970769014,0.5872759617012344,0,0,1,1,0,1,0,0,0,0.0979,0.071711,0.233257,Normal
2024-02-04 16:00:00,Dorm A,Room 107,25,Medium,3,0.4297698274560201,0.5109864633438506,0.4754290951223517,1,1,1,1,0,0,0,0,0,0.7369,0.519454,0.287929,Normal
2024-02-04 16:30:00,Dorm C,Room 106,15,Small,1,0.4023827920258864,0.3853149343811453,0.5388231038257436,1,1,0,1,0,1,0,0,1,0.6891,0.418182,0.208961,Normal
2024-02-04 17:00:00,Dorm A,Room 103,17,Medium,2,0.3581708648769858,0.6199367464387104,0.459267828477517,1,1,1,1,1,1,0,0,0,0.7379,0.461028,0.266875,Normal
2024-02-04 17:30:00,Dorm C,Room 101,21,Medium,1,0.4975464785095714,0.4169089815238587,0.4587856664016256,1,0,1,1,1,1,0,0,1,0.1411,0.101871,0.226306,Normal
2024-02-04 18:00:00,Dorm C,Room 108,20,Medium,1,0.5781622469541371,0.4817385892590565,0.4729016488690039,1,0,1,1,1,1,0,1,1,0.3415,0.2117,0.237812,Normal
2024-02-04 18:30:00,Dorm A,Room 108,15,Small,1,0.6206921973650208,0.248688303169676,0.4399658318865047,0,0,0,1,1,1,0,0,1,0.0979,0.075345,0.241723,Normal
2024-02-04 19:00:00,Dorm B,Room 108,20,Medium,3,0.5587199766267367,0.2589776710985123,0.2603101922893406,1,1,1,1,1,1,0,1,1,0.9589,0.645607,0.293,Normal
2024-02-04 19:30:00,Dorm A,Room 108,15,Small,1,0.4370564667939992,0.4972088287628969,0.3704716945487596,0,0,1,1,1,0,0,1,1,0.3156,0.183438,0.239497,Normal
2024-02-04 20:00:00,Dorm B,Room 107,14,Small,3,0.5759165742136786,0.3013336887976414,0.4920124836381542,1,0,0,1,0,1,0,1,1,0.3083,0.189906,0.298888,Normal
2024-02-04 20:30:00,Dorm B,Room 104,25,Medium,3,0.54307322636418,0.8054484728850646,0.4327601005098522,1,0,1,0,0,0,0,0,1,0.0572,0.022436,0.242842,Normal
2024-02-04 21:00:00,Dorm C,Room 106,15,Small,1,0.6520144231156076,0.1931160262597829,0.4439546747751659,1,1,1,1,1,1,0,0,1,0.6953,0.443941,0.215843,Normal
2024-02-04 21:30:00,Dorm A,Room 104,32,Large,3,0.6306602774318456,0.3784859645857728,0.4238544528685707,1,1,1,1,1,1,0,0,1,0.7571,0.502888,0.329388,Normal
2024-02-04 22:00:00,Dorm B,Room 104,25,Medium,3,0.5304838360503283,0.4985355519274065,0.3590416230430748,1,0,1,1,0,1,0,0,1,0.1317,0.07506,0.241803,Normal
2024-02-04 22:30:00,Dorm C,Room 104,13,Small,2,0.4059807201620208,0.4424205706821656,0.4034901538274668,1,0,1,1,1,1,0,0,0,0.1387,0.076805,0.256381,Normal
2024-02-04 23:00:00,Dorm C,Room 104,13,Small,2,0.4387666439755531,0.3338139646499806,0.4258365781360527,1,0,1,1,0,1,0,0,0,0.1168,0.069023,0.253518,Normal
2024-02-04 23:30:00,Dorm A,Room 107,25,Medium,3,0.4526110260611659,0.355302368076654,0.4632640147310335,1,1,1,1,1,1,0,0,1,0.6893,0.466783,0.29444,Normal
2024-02-05 00:00:00,Dorm C,Room 107,21,Medium,2,0.4840844781452205,0.3504928614078678,0.5098403552662313,0,0,1,1,0,1,0,0,0,0.1018,0.095311,0.217554,Normal
2024-02-05 00:30:00,Dorm B,Room 102,14,Small,2,0.5623667367276471,0.4539440276696075,0.4409864870627085,1,0,0,1,1,1,0,0,1,0.1208,0.090981,0.255403,Normal
2024-02-05 01:00:00,Dorm C,Room 102,22,Medium,2,0.6223716533761159,0.7829401645017176,0.3391198825125671,0,0,1,1,0,1,0,0,0,0.1083,0.062631,0.247967,Normal
2024-02-05 01:30:00,Dorm B,Room 102,14,Small,2,0.5195336119495599,0.5075349674731331,0.2949199460029366,0,0,0,1,0,1,0,0,0,0.0751,0.049193,0.253579,Normal
2024-02-05 02:00:00,Dorm C,Room 101,21,Medium,1,0.5285578195643841,0.6699223412993289,0.7742599522520381,1,0,1,1,0,1,0,0,0,0.1278,0.071223,0.227152,Normal
2024-02-05 02:30:00,Dorm C,Room 107,21,Medium,2,0.545625829718569,0.5705873161232606,0.3271037754691995,0,0,1,0,1,1,0,1,1,0.276,0.193501,0.215277,Normal
2024-02-05 03:00:00,Dorm A,Room 108,15,Small,1,0.4571583318569556,0.6597763794880815,0.4004278703334025,1,0,1,1,0,1,0,0,0,0.1185,0.081228,0.222485,Normal
2024-02-05 03:30:00,Dorm A,Room 108,15,Small,1,0.4022043771762319,0.084593383672649,0.5246712061453945,0,0,1,1,0,1,0,0,0,0.1,0.052817,0.223486,Normal
2024-02-05 04:00:00,Dorm A,Room 105,18,Medium,1,0.2908106170656415,0.4513374653221499,0.5059392224503497,1,0,0,0,0,0,0,0,1,0.0211,0.018438,0.178634,Normal
2024-02-05 04:30:00,Dorm A,Room 105,18,Medium,1,0.4331034278979453,0.6881801301217954,0.5251349346309586,0,0,0,1,1,1,0,0,0,0.0918,0.063008,0.1774,Normal
2024-02-05 05:00:00,Dorm A,Room 103,17,Medium,2,0.5898908932299318,0.4120578399321784,0.4095344985884198,1,0,0,0,1,1,0,1,0,0.2636,0.174004,0.274914,Normal
2024-02-05 05:30:00,Dorm C,Room 105,11,Small,1,0.4320617414749316,0.7550973818108337,0.4912666614777458,0,0,0,1,0,1,0,1,0,0.2884,0.182407,0.217631,Normal
2024-02-05 06:00:00,Dorm C,Room 108,20,Medium,1,0.4944796683362455,0.7141563225438834,0.4700063572686981,1,1,0,1,1,1,0,1,0,0.96,0.601459,0.240452,Abnormal
2024-02-05 06:30:00,Dorm C,Room 101,21,Medium,1,0.588989838944596,0.4271368705402652,0.4252007855799663,1,0,1,0,0,1,1,0,0,0.8246,0.547856,0.219982,Normal
2024-02-05 07:00:00,Dorm B,Room 103,12,Small,1,0.5962713974875077,0.4221353487467719,0.4920886522829095,0,0,0,1,1,1,0,0,0,0.0867,0.07227,0.186431,Normal
2024-02-05 07:30:00,Dorm B,Room 103,12,Small,1,0.3815184057199141,0.3471198288546532,0.5892585560152583,0,0,1,1,1,1,0,1,0,0.3238,0.182365,0.187337,Normal
2024-02-05 08:00:00,Dorm C,Room 106,15,Small,1,0.6602011711966331,0.4035548642938661,0.4599836480381269,0,0,1,1,0,0,1,0,1,0.8497,0.540593,0.213565,Abnormal
2024-02-05 08:30:00,Dorm A,Room 103,17,Medium,2,0.6776864442369329,0.3149376615813761,0.4607818127617015,1,0,1,1,0,1,0,0,0,0.1214,0.11265,0.2692,Normal
2024-02-05 09:00:00,Dorm A,Room 102,15,Small,3,0.374765764512682,0.5591000231386816,0.5907936229185363,1,1,1,1,1,1,0,0,0,0.7119,0.480939,0.246091,Normal
2024-02-05 09:30:00,Dorm C,Room 106,15,Small,1,0.4158333103196416,0.2820979567644433,0.5779808110958967,1,0,1,1,1,1,0,0,0,0.1389,0.112499,0.215789,Normal
2024-02-05 10:00:00,Dorm B,Room 102,14,Small,2,0.686240557498549,0.5848068500427877,0.6526708836887238,1,0,1,1,1,1,0,0,1,0.1425,0.134199,0.242897,Normal
2024-02-05 10:30:00,Dorm A,Room 101,20,Medium,2,0.5066858093932388,0.5883847349715963,0.2519531256240476,0,0,1,1,1,1,0,0,1,0.1236,0.06634,0.171911,Normal
2024-02-05 11:00:00,Dorm C,Room 108,20,Medium,1,0.2284952675435768,0.2519475818567948,0.5712335914485757,0,0,0,0,1,1,0,0,1,0.0326,0.018338,0.251902,Normal
2024-02-05 11:30:00,Dorm A,Room 106,32,Large,3,0.3385538258228224,0.7238452862498366,0.5348181862937335,0,1,1,0,0,1,0,0,0,0.6056,0.403488,0.370269,Normal
2024-02-05 12:00:00,Dorm C,Room 102,22,Medium,2,0.4929279462812854,0.571562106151354,0.3563958175168074,1,1,1,1,1,0,0,0,1,0.7473,0.464861,0.247544,Normal
2024-02-05 12:30:00,Dorm A,Room 101,20,Medium,2,0.370311226290327,0.6062581291692322,0.4928298443153358,1,0,1,1,0,1,0,0,0,0.1152,0.094256,0.163154,Normal
2024-02-05 13:00:00,Dorm C,Room 101,21,Medium,1,0.4709115567580838,0.3845863629542863,0.5887494300394388,0,0,0,1,0,1,0,1,0,0.2664,0.169124,0.229751,Normal
2024-02-05 13:30:00,Dorm C,Room 107,21,Medium,2,0.5307414769607004,0.58754711469727,0.363173305275444,1,1,1,1,0,1,0,1,0,0.9144,0.571083,0.218304,Normal
2024-02-05 14:00:00,Dorm A,Room 106,32,Large,3,0.7226312898999571,0.6616179653404604,0.51574093988061,1,0,1,1,0,1,0,0,0,0.1244,0.092036,0.3778,Normal
2024-02-05 14:30:00,Dorm B,Room 104,25,Medium,3,0.4874143534817853,0.4815894952177464,0.5671827641230722,1,0,0,1,0,0,0,0,0,0.0765,0.040093,0.242831,Normal
2024-02-05 15:00:00,Dorm C,Room 101,21,Medium,1,0.6703310637706581,0.7902872798373348,0.3341574318593366,1,0,1,0,0,0,0,0,0,0.0508,0.031797,0.231739,Normal
2024-02-05 15:30:00,Dorm B,Room 104,25,Medium,3,0.7181362697966625,0.5025569803286067,0.4455770675906472,0,0,1,1,1,1,0,0,0,0.118,0.045271,0.2398,Normal
2024-02-05 16:00:00,Dorm B,Room 103,12,Small,1,0.7188810246114224,0.6637330910328485,0.4987539878095315,1,0,1,1,1,1,0,1,0,0.333,0.20929,0.173028,Normal
2024-02-05 16:30:00,Dorm A,Room 108,15,Small,1,0.5646084686862071,0.5391422626609943,0.3671355843344938,0,0,1,1,1,1,0,0,0,0.126,0.091199,0.213785,Normal
2024-02-05 17:00:00,Dorm B,Room 105,19,Medium,3,0.2629165697584363,0.5821304577691131,0.3571755224145559,1,0,1,1,0,0,0,0,0,0.1176,0.070976,0.3142,Normal
2024-02-05 17:30:00,Dorm A,Room 108,15,Small,1,0.5882374460658886,0.2504591730151796,0.4464457768096945,1,0,1,1,0,0,0,0,0,0.1068,0.04016,0.213298,Normal
2024-02-05 18:00:00,Dorm C,Room 102,22,Medium,2,0.6670911716507576,0.550611885776725,0.558819223018228,1,0,1,1,0,1,0,0,1,0.1256,0.08253,0.246984,Normal
2024-02-05 18:30:00,Dorm B,Room 105,19,Medium,3,0.5155144760016304,0.3880679026073785,0.5398753706497978,1,1,1,0,0,1,0,1,1,0.9183,0.622553,0.314097,Normal
2024-02-05 19:00:00,Dorm C,Room 107,21,Medium,2,0.7605204336175305,0.3716929485068346,0.3593038357650524,1,1,0,1,0,1,0,0,0,0.6845,0.483824,0.228947,Normal
2024-02-05 19:30:00,Dorm B,Room 105,19,Medium,3,0.6417851991618969,0.7523976965232664,0.5408871785582116,1,1,1,1,1,1,1,0,0,1.3817,0.964438,0.32235,Abnormal
2024-02-05 20:00:00,Dorm B,Room 107,14,Small,3,0.6026572480261638,0.4646651032064979,0.3623598103966299,1,0,0,0,0,1,0,0,1,0.0319,0.018536,0.287312,Normal
2024-02-05 20:30:00,Dorm C,Room 106,15,Small,1,0.6721882729757616,0.3486341248588686,0.2694759070711475,0,0,1,1,1,1,0,0,1,0.1304,0.064487,0.207018,Normal
2024-02-05 21:00:00,Dorm A,Room 101,20,Medium,2,0.5711327320696572,0.4433025339239272,0.4186010050908159,1,0,0,1,1,1,0,0,1,0.1116,0.07246,0.163808,Normal
2024-02-05 21:30:00,Dorm B,Room 108,20,Medium,3,0.1918537611732153,0.3049646630231079,0.597368945632536,1,0,0,1,1,1,0,0,0,0.1078,0.099179,0.297441,Normal
2024-02-05 22:00:00,Dorm C,Room 108,20,Medium,1,0.4594084106232859,0.7068073972502358,0.541342182507204,1,1,1,1,0,1,0,0,1,0.7408,0.460899,0.243423,Normal
2024-02-05 22:30:00,Dorm A,Room 105,18,Medium,1,0.6870561490499256,0.3938426718445484,0.462458426526762,0,1,1,1,0,1,0,0,0,0.6951,0.450621,0.177637,Normal
2024-02-05 23:00:00,Dorm A,Room 108,15,Small,1,0.4180134923894987,0.5738680306954593,0.4126550926829192,0,0,1,1,1,1,0,0,1,0.1241,0.038707,0.213201,Normal
2024-02-05 23:30:00,Dorm C,Room 103,22,Medium,2,0.4964033907963722,0.6953770389416143,0.4158874696400834,1,0,1,1,0,1,0,0,1,0.1213,0.092424,0.239625,Normal
2024-02-06 00:00:00,Dorm A,Room 103,17,Medium,2,0.3861747495102147,0.4225778268778693,0.4756978540797734,0,0,0,1,0,1,1,0,1,0.8611,0.551272,0.269371,Normal
2024-02-06 00:30:00,Dorm C,Room 105,11,Small,1,0.7657997680304599,0.5742681339358029,0.3344672020238722,0,0,0,1,0,0,0,0,1,0.0675,0.04361,0.220338,Normal
2024-02-06 01:00:00,Dorm B,Room 101,14,Small,4,0.7520534417429737,0.3446978672423091,0.4208847694906819,1,0,1,1,1,1,0,1,1,0.3371,0.250586,0.336304,Normal
2024-02-06 01:30:00,Dorm C,Room 106,15,Small,1,0.4077768942289201,0.855515847647657,0.4367852585477343,1,0,1,1,1,1,0,0,0,0.1373,0.08677,0.207936,Normal
2024-02-06 02:00:00,Dorm C,Room 103,22,Medium,2,0.5461615231037951,0.6336932675476092,0.3005594168700947,0,1,1,1,0,1,0,0,0,0.7539,0.488458,0.240531,Normal
2024-02-06 02:30:00,Dorm B,Room 105,19,Medium,3,0.435070199414252,0.4677753746028113,0.3620588702136789,1,1,0,1,0,1,0,0,0,0.661,0.437832,0.328232,Normal
2024-02-06 03:00:00,Dorm A,Room 106,32,Large,3,0.6089206233170016,0.3825041304542009,0.5118952446039734,1,0,0,0,0,1,1,0,0,0.8045,0.534138,0.366778,Normal
2024-02-06 03:30:00,Dorm C,Room 103,22,Medium,2,0.5947943143498358,0.4793280245140098,0.4637881249324058,1,0,1,0,1,1,0,0,1,0.0877,0.052114,0.248485,Normal
2024-02-06 04:00:00,Dorm C,Room 102,22,Medium,2,0.6353263281068442,0.4461165445175711,0.4256050315984919,0,0,0,1,1,1,1,0,1,0.7965,0.543263,0.239635,Normal
2024-02-06 04:30:00,Dorm B,Room 102,14,Small,2,0.5709379508534457,0.7830893989843948,0.353303601720366,1,0,1,0,1,1,0,0,0,0.0812,0.044835,0.234959,Normal
2024-02-06 05:00:00,Dorm C,Room 105,11,Small,1,0.9203311371816189,0.315974380334922,0.6518207067661408,1,0,0,1,0,1,0,0,0,0.0908,0.071349,0.219873,Normal
2024-02-06 05:30:00,Dorm A,Room 107,25,Medium,3,0.3884444468908614,0.5158918215881414,0.3621151402026026,1,1,1,1,0,1,0,0,1,0.6894,0.445268,0.293195,Normal
2024-02-06 06:00:00,Dorm B,Room 104,25,Medium,3,0.2968275010475815,0.4933861673191047,0.4928304308772219,0,0,1,1,0,0,1,0,0,0.8998,0.573993,0.236966,Normal
2024-02-06 06:30:00,Dorm C,Room 101,21,Medium,1,0.4736403619023838,0.4788263340542012,0.4041176384732902,1,0,0,1,1,1,0,0,1,0.1099,0.061227,0.231069,Normal
2024-02-06 07:00:00,Dorm A,Room 101,20,Medium,2,0.3159667269397748,0.4801186639645472,0.4669993999004606,0,0,0,1,1,1,0,0,1,0.0925,0.072354,0.161653,Normal
2024-02-06 07:30:00,Dorm C,Room 105,11,Small,1,0.3261024643364003,0.4790231879414758,0.5175461568302775,1,0,0,1,0,1,0,0,1,0.0881,0.031073,0.212713,Normal
2024-02-06 08:00:00,Dorm C,Room 104,13,Small,2,0.3920154419843608,0.6243885184467366,0.2982581483471447,1,0,0,1,0,0,1,0,0,0.8829,0.590871,0.252906,Normal
2024-02-06 08:30:00,Dorm A,Room 104,32,Large,3,0.4026342733538941,0.5855786096644129,0.4618532485240715,0,1,1,1,1,0,0,0,1,0.666,0.478637,0.319116,Normal
2024-02-06 09:00:00,Dorm B,Room 105,19,Medium,3,0.3982822112925847,0.5576451647034573,0.6054979847984777,0,0,1,0,1,1,0,1,0,0.2653,0.188395,0.335901,Normal
2024-02-06 09:30:00,Dorm C,Room 103,22,Medium,2,0.5959398453501543,0.0502006409308667,0.6739733026877787,1,0,0,1,1,0,0,0,0,0.0978,0.056264,0.248149,Normal
2024-02-06 10:00:00,Dorm C,Room 107,21,Medium,2,0.4584622720235847,0.5401395552318089,0.4470492982543372,0,1,0,1,1,0,0,0,0,0.7426,0.471936,0.229565,Normal
2024-02-06 10:30:00,Dorm C,Room 106,15,Small,1,0.5023026316524974,0.2527654308592653,0.4676474642964972,1,0,1,1,1,0,0,0,0,0.1341,0.072568,0.208424,Normal
2024-02-06 11:00:00,Dorm C,Room 106,15,Small,1,0.6464016413206415,0.5910655335863897,0.7279392695043506,1,0,0,1,0,1,0,0,1,0.0893,0.045964,0.209158,Normal
2024-02-06 11:30:00,Dorm C,Room 106,15,Small,1,0.4235518487084305,0.7127759418276931,0.5988031688926144,0,0,0,1,0,0,0,0,0,0.0564,0.031207,0.208558,Normal
2024-02-06 12:00:00,Dorm B,Room 105,19,Medium,3,0.4908912604745872,0.3599594002526319,0.38859174215825,1,0,1,1,0,1,0,0,0,0.1192,0.053508,0.338371,Normal
2024-02-06 12:30:00,Dorm C,Room 104,13,Small,2,0.5754795519756973,0.4576093977448757,0.3883879283655557,1,0,1,1,0,1,0,0,1,0.1228,0.085758,0.263932,Normal
2024-02-06 13:00:00,Dorm C,Room 105,11,Small,1,0.265831617348269,0.407998772461165,0.5774036505944009,1,0,1,1,0,1,0,0,1,0.1295,0.060435,0.21091,Normal
2024-02-06 13:30:00,Dorm A,Room 108,15,Small,1,0.2063348234737795,0.6776424334187563,0.3413534876866316,1,0,1,1,0,1,0,1,0,0.3123,0.172173,0.213928,Normal
2024-02-06 14:00:00,Dorm A,Room 107,25,Medium,3,0.5728434686688191,0.5100466310619278,0.5931409099846495,1,0,0,1,0,0,0,0,1,0.0849,0.046881,0.297848,Normal
2024-02-06 14:30:00,Dorm B,Room 105,19,Medium,3,0.5924231270268189,0.7500795499939199,0.5027527579778265,0,0,1,1,1,1,0,0,0,0.1272,0.093008,0.326838,Normal
2024-02-06 15:00:00,Dorm A,Room 107,25,Medium,3,0.8034162500638218,0.5568872227055839,0.5247576394735392,1,0,1,1,0,1,0,0,0,0.1194,0.101181,0.298825,Normal
2024-02-06 15:30:00,Dorm B,Room 103,12,Small,1,0.5476104850637556,0.5317120761581127,0.4318467975398088,1,1,1,1,0,0,0,0,1,0.737,0.44323,0.177086,Normal
2024-02-06 16:00:00,Dorm A,Room 107,25,Medium,3,0.6364045262803951,0.5061049536795095,0.3870872978177269,1,0,1,1,1,1,0,1,0,0.3417,0.254754,0.298863,Normal
2024-02-06 16:30:00,Dorm B,Room 108,20,Medium,3,0.5001610273922656,0.6162947494076418,0.6380413831889725,1,1,1,1,1,1,0,0,0,0.7629,0.501741,0.297972,Normal
2024-02-06 17:00:00,Dorm C,Room 101,21,Medium,1,0.566282319962821,0.2407076802914209,0.4330460742959752,1,0,1,1,0,1,0,0,0,0.1232,0.065914,0.230508,Normal
2024-02-06 17:30:00,Dorm B,Room 107,14,Small,3,0.7501429940747756,0.5086234633664981,0.4133473648919833,0,0,1,1,1,1,0,0,1,0.1311,0.10568,0.286618,Normal
2024-02-06 18:00:00,Dorm A,Room 107,25,Medium,3,0.2413498206047762,0.4857870114235582,0.4530330001600369,1,1,1,1,0,1,0,1,0,0.9601,0.604163,0.294834,Normal
2024-02-06 18:30:00,Dorm B,Room 104,25,Medium,3,0.5819019578894573,0.6026900152044554,0.4858037427888462,1,0,1,1,1,0,0,0,0,0.13,0.081102,0.244854,Normal
2024-02-06 19:00:00,Dorm B,Room 104,25,Medium,3,0.8129937877418468,0.4684961976462462,0.3389795337992461,1,0,1,0,1,1,1,0,1,0.8251,0.571448,0.236695,Normal
2024-02-06 19:30:00,Dorm A,Room 106,32,Large,3,0.5642433891123673,0.3434268859058155,0.3948797067921847,1,0,1,1,1,1,0,0,0,0.1464,0.093536,0.375906,Normal
2024-02-06 20:00:00,Dorm B,Room 108,20,Medium,3,0.7479039847090425,0.4971614308797638,0.3885020644813756,1,1,1,1,1,1,0,0,0,0.6878,0.473419,0.287591,Normal
2024-02-06 20:30:00,Dorm C,Room 105,11,Small,1,0.4419523311874493,0.3369449750734334,0.5640547576978602,1,0,1,1,0,0,0,0,1,0.118,0.046212,0.192028,Normal
2024-02-06 21:00:00,Dorm A,Room 106,32,Large,3,0.5220930044074903,0.2131411725928152,0.3563586065815689,1,1,1,1,1,1,0,0,1,0.7953,0.551395,0.357469,Normal
2024-02-06 21:30:00,Dorm B,Room 106,24,Medium,2,0.5308929223681405,0.6029403873018995,0.2520085966772116,1,0,1,1,1,1,0,0,1,0.1439,0.098972,0.238549,Normal
2024-02-06 22:00:00,Dorm A,Room 107,25,Medium,3,0.2287887495500019,0.5811810904303922,0.2266558608006677,0,0,1,1,1,1,0,1,1,0.331,0.229911,0.303797,Normal
2024-02-06 22:30:00,Dorm A,Room 102,15,Small,3,0.3696220753442458,0.5647256858898286,0.2862463876873165,1,0,0,1,0,1,0,0,1,0.0958,0.05781,0.236454,Normal
2024-02-06 23:00:00,Dorm B,Room 102,14,Small,2,0.3791910446614638,0.6875618616746821,0.6259899027573442,1,1,1,1,0,1,0,0,1,0.6779,0.431043,0.231502,Normal
2024-02-06 23:30:00,Dorm B,Room 106,24,Medium,2,0.6367167284794713,0.3983468824117666,0.4645912911500079,0,0,1,1,1,1,0,0,1,0.1259,0.096641,0.239108,Normal
2024-02-07 00:00:00,Dorm C,Room 104,13,Small,2,0.6434385062664132,0.2857620597494942,0.5227815424075939,1,0,0,1,1,1,0,0,0,0.1031,0.0716,0.261747,Normal
2024-02-07 00:30:00,Dorm A,Room 107,25,Medium,3,0.5698801702539804,0.4857894608240208,0.5270091005853759,0,0,1,0,0,1,0,0,0,0.0447,0.044269,0.307056,Normal
2024-02-07 01:00:00,Dorm C,Room 102,22,Medium,2,0.6369900735782645,0.4450118948200408,0.469387345707445,1,0,0,1,1,1,0,0,1,0.1136,0.087622,0.249539,Normal
2024-02-07 01:30:00,Dorm B,Room 105,19,Medium,3,0.5043646666839219,0.3722958723500529,0.4536755287665195,1,0,0,1,1,1,0,1,1,0.2968,0.202546,0.328393,Normal
2024-02-07 02:00:00,Dorm A,Room 103,17,Medium,2,0.6876954392302891,0.4843463876049463,0.5879581937702987,1,0,0,0,0,1,0,0,0,0.0289,0.020673,0.278641,Normal
2024-02-07 02:30:00,Dorm A,Room 105,18,Medium,1,0.5275732675760816,0.4061985726062255,0.4801620360596055,0,0,0,1,0,1,0,0,1,0.0692,0.04191,0.18603,Normal
2024-02-07 03:00:00,Dorm C,Room 101,21,Medium,1,0.5341593104230381,0.2262585310963535,0.6304958662322583,1,0,0,1,0,1,0,0,0,0.0857,0.054659,0.229893,Normal
2024-02-07 03:30:00,Dorm A,Room 104,32,Large,3,0.4907507866347808,0.4312450442706385,0.5371275850380163,0,1,0,1,1,1,0,0,0,0.7284,0.486302,0.327259,Normal
2024-02-07 04:00:00,Dorm C,Room 101,21,Medium,1,0.6182484437907714,0.3290774286218762,0.3885303533144938,1,0,0,1,0,0,0,0,0,0.0796,0.055112,0.229569,Normal
2024-02-07 04:30:00,Dorm A,Room 107,25,Medium,3,0.469868130270477,0.5301245788299476,0.4030061297787876,1,0,1,1,1,1,0,1,1,0.3477,0.238117,0.293714,Normal
2024-02-07 05:00:00,Dorm C,Room 106,15,Small,1,0.6574328557414958,0.3996691170863721,0.3753734863274731,0,0,1,0,1,1,0,0,0,0.0659,0.032572,0.207812,Normal
2024-02-07 05:30:00,Dorm A,Room 105,18,Medium,1,0.3744571961375221,0.6594485189166848,0.6087154886100689,1,0,1,1,0,0,0,0,0,0.1101,0.072648,0.185725,Normal
2024-02-07 06:00:00,Dorm B,Room 107,14,Small,3,0.3789171149089656,0.7317881981050907,0.414053279613499,1,0,0,1,1,1,0,0,1,0.1099,0.091937,0.284069,Normal
2024-02-07 06:30:00,Dorm A,Room 102,15,Small,3,0.6186478660934834,0.595924268322654,0.3668547010509588,1,0,1,1,1,1,0,0,0,0.1372,0.094931,0.23262,Normal
2024-02-07 07:00:00,Dorm B,Room 106,24,Medium,2,0.514511033223422,0.2681395712682883,0.5010105717810908,0,0,0,1,0,1,0,0,1,0.0786,0.052144,0.231409,Normal
2024-02-07 07:30:00,Dorm B,Room 103,12,Small,1,0.4654807190047157,0.7172874677776981,0.4509899168328726,1,0,0,1,0,1,0,0,1,0.0935,0.060265,0.184465,Normal
2024-02-07 08:00:00,Dorm A,Room 108,15,Small,1,0.6458413424556012,0.727651867735164,0.4979862000222332,1,0,1,1,1,0,1,0,0,0.907,0.54332,0.216668,Normal
2024-02-07 08:30:00,Dorm B,Room 103,12,Small,1,0.4448981631289401,0.4988426497657351,0.6893668162866702,0,0,0,1,0,1,1,0,0,0.7913,0.479779,0.184329,Normal
2024-02-07 09:00:00,Dorm B,Room 105,19,Medium,3,0.4995264385185903,0.69050076519712,0.5721875427793811,0,0,1,1,0,1,0,1,0,0.3196,0.251968,0.327723,Normal
2024-02-07 09:30:00,Dorm A,Room 107,25,Medium,3,0.7141729887696706,0.4150059941577308,0.4658874350175197,0,0,1,1,0,1,0,0,0,0.1102,0.077789,0.286723,Normal
2024-02-07 10:00:00,Dorm B,Room 104,25,Medium,3,0.7329497763222943,0.2218143106819811,0.2936793012385246,1,1,1,1,0,1,0,0,1,0.7028,0.479805,0.238371,Normal
2024-02-07 10:30:00,Dorm B,Room 104,25,Medium,3,0.7374127788499317,0.3843483969672397,0.4026667995581245,1,0,1,1,0,1,0,0,0,0.1235,0.086159,0.246581,Normal
2024-02-07 11:00:00,Dorm C,Room 104,13,Small,2,0.4885320061822333,0.750222321243293,0.5479507623789535,1,0,1,1,1,1,0,0,0,0.1438,0.084696,0.26132,Normal
2024-02-07 11:30:00,Dorm C,Room 105,11,Small,1,0.6915565957090104,0.2769493809803974,0.3221579162756821,1,0,1,1,0,1,0,0,0,0.1275,0.083435,0.189223,Normal
2024-02-07 12:00:00,Dorm B,Room 107,14,Small,3,0.3990425022488436,0.4960108092352976,0.7194978954452934,1,0,1,1,1,1,0,1,0,0.3459,0.234568,0.281388,Normal
2024-02-07 12:30:00,Dorm C,Room 102,22,Medium,2,0.4046856887900214,0.5010990103429476,0.4643765415214762,1,0,0,1,0,0,0,1,1,0.2592,0.165007,0.250879,Normal
2024-02-07 13:00:00,Dorm B,Room 106,24,Medium,2,0.2109580352217882,0.4206935470056234,0.468507307226999,0,0,1,1,0,1,0,0,0,0.1031,0.077577,0.222796,Normal
2024-02-07 13:30:00,Dorm C,Room 102,22,Medium,2,0.7508960496616726,0.4309004322293663,0.3826699782498007,1,0,1,1,1,1,1,0,1,0.8797,0.572632,0.244917,Normal
2024-02-07 14:00:00,Dorm A,Room 108,15,Small,1,0.4104460433940685,0.5066990249301035,0.5222403208962852,1,0,1,1,0,1,0,0,0,0.1277,0.082885,0.226365,Normal
2024-02-07 14:30:00,Dorm C,Room 104,13,Small,2,0.5094129197777911,0.4134647758536173,0.3237222251196064,1,1,1,1,0,1,0,0,0,0.7354,0.493468,0.261281,Normal
2024-02-07 15:00:00,Dorm C,Room 105,11,Small,1,0.4042265211503374,0.2870928936789567,0.7223678383129595,1,0,0,1,1,0,0,0,0,0.091,0.051331,0.188965,Normal
2024-02-07 15:30:00,Dorm B,Room 103,12,Small,1,0.6196863871269633,0.5276826427410548,0.6206888275412027,1,1,1,1,0,0,0,0,1,0.733,0.472717,0.193432,Normal
2024-02-07 16:00:00,Dorm C,Room 107,21,Medium,2,0.4759830639592616,0.6538250417614326,0.5807324392643701,0,0,1,1,0,1,0,0,0,0.1036,0.063563,0.23525,Normal
2024-02-07 16:30:00,Dorm C,Room 103,22,Medium,2,0.3512848439539681,0.6238751004102276,0.295838075837924,1,0,1,1,0,1,0,0,0,0.1215,0.06083,0.248332,Normal
2024-02-07 17:00:00,Dorm B,Room 108,20,Medium,3,0.585665827490942,0.3770809850328088,0.4872903000230919,1,0,1,0,1,1,0,0,0,0.0829,0.028494,0.29662,Normal
2024-02-07 17:30:00,Dorm C,Room 102,22,Medium,2,0.3339844473496622,0.3121984625577618,0.6077003527492048,1,0,1,1,1,1,0,1,0,0.358,0.218579,0.247015,Normal
2024-02-07 18:00:00,Dorm A,Room 107,25,Medium,3,0.4140123431562368,0.454316401326172,0.5338014881785506,1,0,1,1,1,1,1,0,0,0.8946,0.596086,0.286696,Normal
2024-02-07 18:30:00,Dorm C,Room 105,11,Small,1,0.2436451713103045,0.7264866163982349,0.3424245774479079,0,1,1,0,0,1,0,0,1,0.6697,0.431945,0.188618,Normal
2024-02-07 19:00:00,Dorm A,Room 107,25,Medium,3,0.3352958572738536,0.5909594147999646,0.384655644125802,1,0,1,1,0,1,0,0,0,0.1189,0.079653,0.296796,Normal
2024-02-07 19:30:00,Dorm C,Room 105,11,Small,1,0.5503528075563789,0.5995370747646152,0.4084284925685909,1,1,1,1,0,0,0,1,0,0.9284,0.569295,0.188034,Normal
2024-02-07 20:00:00,Dorm A,Room 106,32,Large,3,0.2627492346285243,0.6268561371065144,0.3902529264796751,1,0,1,1,0,0,0,0,0,0.1093,0.079803,0.358472,Normal
2024-02-07 20:30:00,Dorm A,Room 104,32,Large,3,0.3276211670216181,0.5579177716528083,0.6460536594406742,1,0,1,1,0,1,0,0,1,0.1286,0.079469,0.332451,Normal
2024-02-07 21:00:00,Dorm C,Room 103,22,Medium,2,0.5260759280487993,0.5138060111076426,0.2321842211315117,1,0,1,0,1,1,0,1,0,0.2955,0.207935,0.245186,Normal
2024-02-07 21:30:00,Dorm B,Room 106,24,Medium,2,0.4534407248489309,0.5934149726337201,0.5413372142769416,0,0,1,1,0,1,0,0,1,0.1087,0.093207,0.215266,Normal
2024-02-07 22:00:00,Dorm B,Room 101,14,Small,4,0.7937290823041552,0.4158156116559072,0.3076101479014325,0,0,1,0,0,1,0,1,1,0.2491,0.186702,0.340764,Normal
2024-02-07 22:30:00,Dorm B,Room 105,19,Medium,3,0.7725063706841889,0.2882091399035023,0.3473262408522191,1,0,1,1,1,1,0,0,1,0.1442,0.07504,0.318687,Normal
2024-02-07 23:00:00,Dorm A,Room 108,15,Small,1,0.4099169368715575,0.6023340895313223,0.2215405095051605,0,1,1,1,1,1,0,0,1,0.771,0.468958,0.226914,Normal
2024-02-07 23:30:00,Dorm A,Room 102,15,Small,3,0.6011628072635261,0.6779813758134683,0.3967772701953463,1,0,1,1,0,1,0,0,1,0.1237,0.082851,0.233412,Normal
2024-02-08 00:00:00,Dorm A,Room 107,25,Medium,3,0.6269490365504164,0.3317437898734226,0.6438885497670793,0,0,0,1,0,1,0,0,1,0.0774,0.078094,0.297164,Normal
2024-02-08 00:30:00,Dorm C,Room 107,21,Medium,2,0.4462110014249638,0.6168722186084412,0.4944177980854277,1,0,1,1,0,1,1,0,0,0.9369,0.610061,0.223925,Abnormal
2024-02-08 01:00:00,Dorm A,Room 104,32,Large,3,0.3256892207067039,0.7430895081058957,0.3188802916799177,0,0,0,0,0,1,0,0,1,0.0141,0.003483,0.32375,Normal
2024-02-08 01:30:00,Dorm A,Room 102,15,Small,3,0.5247433651345762,0.4957510566604269,0.5846735811853315,1,1,1,1,0,1,0,0,1,0.753,0.534602,0.226036,Normal
2024-02-08 02:00:00,Dorm A,Room 106,32,Large,3,0.5031976111786846,0.3758660934150103,0.6103658165236654,0,1,1,1,0,1,0,0,0,0.7137,0.483596,0.356302,Normal
2024-02-08 02:30:00,Dorm A,Room 108,15,Small,1,0.4679133872707267,0.5141602075371448,0.4751293881450421,1,0,0,1,0,0,0,0,1,0.0838,0.049641,0.235299,Normal
2024-02-08 03:00:00,Dorm B,Room 108,20,Medium,3,0.5857536363738862,0.4151737025262813,0.7067546103084745,0,1,1,1,0,1,0,0,0,0.7052,0.477601,0.29647,Normal
2024-02-08 03:30:00,Dorm B,Room 104,25,Medium,3,0.4256444489934461,0.4054453987358082,0.5612095420557159,0,0,0,1,0,1,0,0,0,0.069,0.063818,0.246557,Normal
2024-02-08 04:00:00,Dorm B,Room 102,14,Small,2,0.3717935008332801,0.5597426704362181,0.5445444000807144,1,0,0,1,0,1,0,0,1,0.0926,0.050954,0.238507,Normal
2024-02-08 04:30:00,Dorm A,Room 102,15,Small,3,0.5410329907853608,0.2603942007388757,0.3662661419775909,1,0,0,1,0,1,0,0,0,0.0925,0.072986,0.237174,Normal
2024-02-08 05:00:00,Dorm B,Room 105,19,Medium,3,0.5781917880805623,0.2838787767238204,0.5379156088138168,0,0,1,0,0,1,0,1,0,0.2575,0.182958,0.310046,Normal
2024-02-08 05:30:00,Dorm B,Room 103,12,Small,1,0.3684857716893488,0.4989161849016557,0.4886553125982449,0,0,1,1,0,0,0,0,0,0.0951,0.058718,0.19001,Normal
2024-02-08 06:00:00,Dorm C,Room 101,21,Medium,1,0.6509454296807087,0.4928026595874668,0.5250105635773217,1,0,1,1,1,1,0,1,0,0.3321,0.223238,0.229107,Normal
2024-02-08 06:30:00,Dorm A,Room 103,17,Medium,2,0.2887917845586051,0.546570559699368,0.3805176762668572,1,0,0,1,1,1,0,0,0,0.1097,0.092206,0.278094,Normal
2024-02-08 07:00:00,Dorm B,Room 101,14,Small,4,0.4488098761638388,0.771667650942444,0.478014940295861,1,0,1,1,0,1,0,0,0,0.119,0.065493,0.343079,Normal
2024-02-08 07:30:00,Dorm C,Room 108,20,Medium,1,0.4917685874022545,0.5114407328082453,0.36464861952201,0,0,1,1,1,1,0,0,0,0.1245,0.074405,0.251819,Normal
2024-02-08 08:00:00,Dorm B,Room 105,19,Medium,3,0.4410113656029795,0.5839896152169375,0.2050568673287174,0,0,1,1,1,1,0,1,1,0.325,0.215453,0.301763,Normal
2024-02-08 08:30:00,Dorm A,Room 106,32,Large,3,0.4505616124885039,0.3527150915561927,0.5824129852794334,1,0,1,1,0,0,1,0,1,0.8331,0.564003,0.36494,Normal
2024-02-08 09:00:00,Dorm A,Room 105,18,Medium,1,0.777495722977462,0.6089386597016238,0.2824063058411303,0,0,1,1,1,1,0,0,1,0.1313,0.075587,0.18664,Normal
2024-02-08 09:30:00,Dorm B,Room 108,20,Medium,3,0.4122035201909243,0.418721816284501,0.475506090078882,0,0,1,1,0,1,0,0,0,0.1061,0.055822,0.304258,Normal
2024-02-08 10:00:00,Dorm C,Room 105,11,Small,1,0.8540106058505812,0.5065772962323676,0.5025970575884873,0,1,1,0,0,1,0,0,0,0.6533,0.422037,0.189561,Normal
2024-02-08 10:30:00,Dorm B,Room 101,14,Small,4,0.5850571162811621,0.4800845732178196,0.501824561060374,1,0,1,1,1,1,0,0,0,0.1393,0.115428,0.33325,Normal
2024-02-08 11:00:00,Dorm A,Room 101,20,Medium,2,0.5387478220452666,0.6478889098786778,0.4286861715581811,1,0,1,0,0,1,0,0,1,0.0612,0.036892,0.162102,Normal
2024-02-08 11:30:00,Dorm C,Room 105,11,Small,1,0.5903062349232608,0.3035646571382248,0.4951840705091244,1,0,1,1,1,0,0,0,0,0.1259,0.085017,0.197224,Normal
2024-02-08 12:00:00,Dorm A,Room 104,32,Large,3,0.8659151294035926,0.1605323151738585,0.5191486273019011,1,0,1,1,0,0,0,0,0,0.1096,0.101273,0.313751,Normal
2024-02-08 12:30:00,Dorm A,Room 105,18,Medium,1,0.3930517026624974,0.4647147103034809,0.5508202758084598,1,0,1,1,0,1,0,0,0,0.1132,0.071404,0.187218,Normal
2024-02-08 13:00:00,Dorm B,Room 102,14,Small,2,0.3760315492119458,0.564937356860149,0.6706068951324986,1,0,0,0,0,1,0,0,1,0.0314,0.034877,0.238216,Normal
2024-02-08 13:30:00,Dorm C,Room 102,22,Medium,2,0.4250893105241791,0.5184589432387199,0.4907431247609853,1,0,1,1,0,1,0,0,0,0.1223,0.094776,0.249417,Normal
2024-02-08 14:00:00,Dorm A,Room 107,25,Medium,3,0.5307075149084433,0.677168108591625,0.470330896155941,1,1,0,1,0,1,0,0,0,0.6719,0.477314,0.293993,Normal
2024-02-08 14:30:00,Dorm A,Room 104,32,Large,3,0.2947919563811949,0.5603582356244659,0.3538672745619923,1,0,1,1,0,1,0,0,0,0.119,0.1098,0.314355,Normal
2024-02-08 15:00:00,Dorm C,Room 104,13,Small,2,0.5293918111877457,0.4132169997484796,0.5149472097857352,1,0,1,1,0,1,0,0,0,0.112,0.07106,0.270248,Normal
2024-02-08 15:30:00,Dorm A,Room 104,32,Large,3,0.7536712030104248,0.1543332433639951,0.5427125389811573,1,0,1,1,1,1,0,0,0,0.1371,0.110193,0.295957,Normal
2024-02-08 16:00:00,Dorm A,Room 106,32,Large,3,0.5467130113693064,0.4612053306750885,0.4395764996129807,1,1,1,1,0,0,1,0,0,1.4614,1.0,0.366548,Abnormal
2024-02-08 16:30:00,Dorm A,Room 105,18,Medium,1,0.4871148760487255,0.647151862286995,0.5279838251322915,1,0,1,1,0,0,0,0,0,0.1136,0.077554,0.179688,Normal
2024-02-08 17:00:00,Dorm A,Room 102,15,Small,3,0.4434354912138371,0.4384651167774943,0.4275540060356665,1,0,1,0,1,1,0,1,0,0.2669,0.186168,0.236908,Normal
2024-02-08 17:30:00,Dorm C,Room 102,22,Medium,2,0.6469758821633265,0.500243159276452,0.5431455743661409,0,0,1,1,1,0,0,1,0,0.3056,0.220269,0.24031,Normal
2024-02-08 18:00:00,Dorm B,Room 101,14,Small,4,0.4155654561248226,0.558005021663452,0.5721313380920925,1,0,1,1,1,1,0,0,1,0.1551,0.101315,0.321307,Normal
2024-02-08 18:30:00,Dorm C,Room 103,22,Medium,2,0.7741838113770683,0.3468719731006002,0.570454832176049,1,0,0,1,1,1,0,0,1,0.1098,0.079866,0.239784,Normal
2024-02-08 19:00:00,Dorm B,Room 107,14,Small,3,0.7858545283027506,0.587673028354107,0.4767847072032594,1,1,1,1,1,0,0,0,1,0.7247,0.49321,0.27743,Normal
2024-02-08 19:30:00,Dorm C,Room 105,11,Small,1,0.5608503042641932,0.7366755188000114,0.3378826506808577,1,0,1,1,0,0,0,1,0,0.3125,0.182792,0.190756,Normal
2024-02-08 20:00:00,Dorm C,Room 106,15,Small,1,0.5248484937551263,0.4706842021702533,0.3892361597289518,1,0,0,1,1,1,0,0,0,0.1051,0.05652,0.207333,Normal
2024-02-08 20:30:00,Dorm C,Room 103,22,Medium,2,0.6647104180225895,0.3301518288083344,0.5340476563120806,1,1,1,1,1,0,0,0,1,0.757,0.511362,0.240497,Normal
2024-02-08 21:00:00,Dorm B,Room 103,12,Small,1,0.673317957114677,0.4862933560459436,0.7564295134857275,1,1,1,1,1,1,0,0,1,0.7939,0.508759,0.189311,Normal
2024-02-08 21:30:00,Dorm B,Room 104,25,Medium,3,0.4182281630738951,0.1691816819382445,0.4217709322268916,0,0,1,1,0,1,0,0,0,0.1035,0.090555,0.246771,Normal
2024-02-08 22:00:00,Dorm C,Room 107,21,Medium,2,0.4557291050312335,0.5455930707948888,0.5173335634471331,1,0,1,1,0,1,1,0,1,0.831,0.550683,0.236266,Normal
2024-02-08 22:30:00,Dorm B,Room 106,24,Medium,2,0.3489322103787675,0.5625482167094076,0.3959377092505479,1,0,0,0,1,1,0,0,1,0.0538,0.033944,0.215367,Normal
2024-02-08 23:00:00,Dorm A,Room 106,32,Large,3,0.5812911618812456,0.7423356794044642,0.345800763261501,1,1,1,1,1,1,0,0,0,0.7321,0.54848,0.385907,Normal
2024-02-08 23:30:00,Dorm A,Room 107,25,Medium,3,0.6158566165397079,0.4675713396359167,0.3815097937961109,1,0,1,1,0,1,0,0,1,0.1282,0.091392,0.299022,Normal
2024-02-09 00:00:00,Dorm B,Room 107,14,Small,3,0.3452311611806555,0.5561129008787404,0.2128141028645287,1,0,0,1,0,1,0,1,0,0.2863,0.169433,0.274688,Normal
2024-02-09 00:30:00,Dorm C,Room 106,15,Small,1,0.4653052514502627,0.3695047172755093,0.6250177740027949,0,0,1,1,1,1,0,0,1,0.129,0.060352,0.204481,Normal
2024-02-09 01:00:00,Dorm A,Room 103,17,Medium,2,0.3455897113057589,0.4436999932120515,0.1950996295604396,0,0,0,1,0,1,0,0,0,0.0758,0.058586,0.269712,Normal
2024-02-09 01:30:00,Dorm B,Room 108,20,Medium,3,0.4057731360067904,0.2719371735754419,0.4309956834707806,1,0,0,1,1,1,0,0,1,0.1148,0.053564,0.294641,Normal
2024-02-09 02:00:00,Dorm C,Room 106,15,Small,1,0.6003414162980788,0.4674545301812945,0.3213077105227785,0,0,0,1,0,1,0,1,1,0.2545,0.162207,0.197733,Normal
2024-02-09 02:30:00,Dorm B,Room 102,14,Small,2,0.4279591028846322,0.4512123813815317,0.3565484404620463,1,1,0,1,1,1,0,0,1,0.6615,0.419885,0.2377,Normal
2024-02-09 03:00:00,Dorm B,Room 106,24,Medium,2,0.4860224053061363,0.5400520970812113,0.6277875789078028,1,0,0,1,0,1,0,0,0,0.0883,0.085809,0.212178,Normal
2024-02-09 03:30:00,Dorm A,Room 104,32,Large,3,0.3080054014146897,0.404436245837955,0.4867688794122058,1,0,0,1,0,1,0,0,1,0.0937,0.044479,0.283297,Normal
2024-02-09 04:00:00,Dorm C,Room 107,21,Medium,2,0.5514882957939772,0.5083297448557333,0.3468290071135486,1,0,0,1,0,1,0,0,0,0.0917,0.074857,0.246625,Normal
2024-02-09 04:30:00,Dorm A,Room 104,32,Large,3,0.5204522745150941,0.4470870312334337,0.391922984604011,1,1,1,0,0,1,0,0,0,0.6793,0.457858,0.282837,Normal
2024-02-09 05:00:00,Dorm C,Room 108,20,Medium,1,0.4285660737887768,0.447363417476155,0.3708126803369063,0,0,0,1,0,1,0,1,0,0.2801,0.164773,0.252515,Normal
2024-02-09 05:30:00,Dorm A,Room 103,17,Medium,2,0.5010277501360579,0.5078913541465133,0.4574228475881926,1,0,0,0,0,1,0,0,0,0.0291,0.041739,0.270932,Normal
2024-02-09 06:00:00,Dorm A,Room 104,32,Large,3,0.5505897694220677,0.502036486828656,0.4833887052331597,0,1,0,0,0,1,0,0,0,0.619,0.416013,0.288916,Normal
2024-02-09 06:30:00,Dorm C,Room 107,21,Medium,2,0.4170369303110653,0.6079446653120106,0.6900579442657867,0,1,1,1,0,1,0,0,1,0.7206,0.448674,0.247278,Normal
2024-02-09 07:00:00,Dorm A,Room 107,25,Medium,3,0.328276499481134,0.4783512456955784,0.2327495616241589,0,1,1,1,0,1,1,0,1,1.4774,0.973175,0.295614,Abnormal
2024-02-09 07:30:00,Dorm C,Room 107,21,Medium,2,0.7687054872770885,0.4446613836774066,0.4584705831373642,0,1,0,1,1,1,0,0,0,0.6499,0.42238,0.254564,Normal
2024-02-09 08:00:00,Dorm A,Room 106,32,Large,3,0.4414073966825101,0.4695093758879929,0.4247885317671867,0,0,1,1,0,1,0,0,0,0.1013,0.045337,0.395271,Normal
2024-02-09 08:30:00,Dorm A,Room 103,17,Medium,2,0.5134084447867163,0.3910528413280412,0.5762038446359913,1,0,1,0,1,0,0,0,0,0.0686,0.032884,0.269876,Normal
2024-02-09 09:00:00,Dorm B,Room 108,20,Medium,3,0.662050525148909,0.4431879822813916,0.5052143084454168,1,0,1,1,0,1,0,0,0,0.1238,0.061888,0.293771,Normal
2024-02-09 09:30:00,Dorm C,Room 105,11,Small,1,1.0,0.7945838921679049,0.5334723891988988,0,0,1,1,0,1,0,0,1,0.105,0.056456,0.193331,Normal
2024-02-09 10:00:00,Dorm A,Room 108,15,Small,1,0.3593813079315681,0.361952253902692,0.5040467744816807,0,0,1,1,0,0,0,0,0,0.086,0.038767,0.227451,Normal
2024-02-09 10:30:00,Dorm A,Room 107,25,Medium,3,0.5867615395443898,0.4551293275878571,0.3508365886483743,1,0,1,0,0,0,0,0,0,0.0472,0.036206,0.311697,Normal
2024-02-09 11:00:00,Dorm C,Room 104,13,Small,2,0.4314389306304714,0.4391351331461047,0.6079617778641639,1,0,1,1,0,0,0,0,1,0.1153,0.0547,0.266866,Normal
2024-02-09 11:30:00,Dorm C,Room 105,11,Small,1,0.4540871209195577,0.4597563787829746,0.558443141500726,0,1,1,1,0,1,0,1,0,0.9018,0.562625,0.18472,Normal
2024-02-09 12:00:00,Dorm B,Room 101,14,Small,4,0.4297399691569714,0.4474016392146309,0.5724825458049737,1,0,1,1,1,1,0,1,0,0.3466,0.211523,0.30265,Normal
2024-02-09 12:30:00,Dorm A,Room 108,15,Small,1,0.3753287269368969,0.5371187889118691,0.6142943229993015,0,0,1,1,0,1,0,0,0,0.1024,0.048246,0.226788,Normal
2024-02-09 13:00:00,Dorm A,Room 105,18,Medium,1,0.5208524591614795,0.244750760457455,0.512755222280855,1,0,1,1,1,1,0,0,0,0.1402,0.083663,0.179904,Normal
2024-02-09 13:30:00,Dorm B,Room 103,12,Small,1,0.3285126757513815,0.6485057434515338,0.6403207503991685,1,0,1,1,0,0,0,0,1,0.1108,0.060768,0.189277,Normal
2024-02-09 14:00:00,Dorm C,Room 101,21,Medium,1,0.6534572819857434,0.5890466659937832,0.5079521843103872,1,0,0,1,0,1,0,0,0,0.0834,0.053475,0.232954,Normal
2024-02-09 14:30:00,Dorm C,Room 107,21,Medium,2,0.5337753436373904,0.3134265237104058,0.436366670150629,1,0,1,1,1,1,0,0,0,0.1399,0.071017,0.260933,Normal
2024-02-09 15:00:00,Dorm B,Room 104,25,Medium,3,0.5830854468604011,0.1626134942983055,0.4618547281869508,1,0,1,1,0,1,0,0,0,0.1181,0.109712,0.247228,Normal
2024-02-09 15:30:00,Dorm B,Room 103,12,Small,1,0.463830411102662,0.3524888864148542,0.4597864729831746,1,0,0,0,0,1,0,0,0,0.03,0.042741,0.189641,Normal
2024-02-09 16:00:00,Dorm B,Room 101,14,Small,4,0.4771143498636579,0.4604184638321927,0.4003359352914555,1,0,1,1,0,1,0,0,0,0.1271,0.051084,0.302513,Normal
2024-02-09 16:30:00,Dorm B,Room 108,20,Medium,3,0.5649854838619249,0.8752854906210767,0.6584237047473565,1,0,1,1,0,1,0,0,0,0.1252,0.094914,0.293287,Normal
2024-02-09 17:00:00,Dorm C,Room 102,22,Medium,2,0.3701759531038402,0.5759191810235234,0.4981933695144339,0,0,0,1,0,0,0,0,0,0.0649,0.036045,0.240375,Normal
2024-02-09 17:30:00,Dorm C,Room 103,22,Medium,2,0.4783508196880571,0.2304345436905193,0.4740127124396959,1,0,1,0,1,1,0,1,0,0.2686,0.171885,0.249525,Normal
2024-02-09 18:00:00,Dorm B,Room 108,20,Medium,3,0.4110320141796765,0.394728151820135,0.5092280207579623,1,0,1,1,1,0,0,0,1,0.1263,0.083228,0.28524,Normal
2024-02-09 18:30:00,Dorm C,Room 103,22,Medium,2,0.4068777523760348,0.4882609673700777,0.8201383235259233,1,1,1,1,1,1,0,0,0,0.7113,0.443539,0.250175,Normal
2024-02-09 19:00:00,Dorm B,Room 106,24,Medium,2,0.2432493927911107,0.5333629529113506,0.3268747349086027,0,1,1,1,0,1,0,0,1,0.6435,0.4008,0.205042,Normal
2024-02-09 19:30:00,Dorm B,Room 105,19,Medium,3,0.7061341081670806,0.3028633104933975,0.3612682406442784,1,0,0,1,1,1,0,1,1,0.3066,0.237249,0.304009,Normal
2024-02-09 20:00:00,Dorm A,Room 102,15,Small,3,0.4342589880423191,0.4762427563397829,0.2970207326846024,1,1,1,1,1,1,0,0,0,0.687,0.489988,0.2385,Normal
2024-02-09 20:30:00,Dorm B,Room 106,24,Medium,2,0.6825211998228815,0.3906156269366657,0.4347422065826052,1,0,0,1,0,0,1,0,1,0.7667,0.508316,0.212331,Normal
2024-02-09 21:00:00,Dorm C,Room 103,22,Medium,2,0.6698278764122869,0.3338708232956082,0.4921016931422615,0,0,1,1,0,1,0,0,1,0.1016,0.043042,0.25736,Normal
2024-02-09 21:30:00,Dorm C,Room 108,20,Medium,1,0.3538101471071605,0.5342318046206413,0.4068225366874325,0,0,1,0,0,1,0,0,1,0.0469,0.024472,0.254715,Normal
2024-02-09 22:00:00,Dorm A,Room 107,25,Medium,3,0.3803269091620588,0.609811540739656,0.3978963006359927,1,0,1,1,0,1,0,0,1,0.1304,0.082426,0.310688,Normal
2024-02-09 22:30:00,Dorm C,Room 104,13,Small,2,0.8700183828355234,0.6196820979279738,0.4797312202599573,0,0,0,0,0,1,0,0,1,0.0145,0.031364,0.263872,Normal
2024-02-09 23:00:00,Dorm A,Room 102,15,Small,3,0.7613715521545267,0.5804940114794914,0.4024094259123881,1,0,0,0,1,1,0,0,0,0.0492,0.016462,0.244296,Normal
2024-02-09 23:30:00,Dorm B,Room 103,12,Small,1,0.5221639946777706,0.4229868433136338,0.4998586000329805,1,0,1,1,0,1,0,0,1,0.1329,0.054032,0.181564,Normal
2024-02-10 00:00:00,Dorm B,Room 106,24,Medium,2,0.5609338191909938,0.6010926778039978,0.596321010031743,0,0,0,1,1,1,1,1,0,0.9993,0.643191,0.214211,Abnormal
2024-02-10 00:30:00,Dorm B,Room 103,12,Small,1,0.4417330111591564,0.5415003573661539,0.5438699276730872,0,0,0,1,1,1,0,0,1,0.0908,0.065362,0.174182,Normal
2024-02-10 01:00:00,Dorm A,Room 106,32,Large,3,0.5844164272815872,0.5157655019974781,0.5683416290112248,1,0,1,1,0,1,1,0,0,0.8692,0.583537,0.380502,Normal
2024-02-10 01:30:00,Dorm A,Room 103,17,Medium,2,0.430146617268746,0.4061856435692709,0.5929239645583392,0,0,0,1,1,1,0,1,0,0.2752,0.17285,0.268222,Normal
2024-02-10 02:00:00,Dorm B,Room 101,14,Small,4,0.2536479621658598,0.4230593551153003,0.4965777171013568,0,0,0,1,1,1,0,0,0,0.0847,0.069069,0.290404,Normal
2024-02-10 02:30:00,Dorm B,Room 101,14,Small,4,0.3490384511231034,0.5069397192348757,0.4436149281980367,1,0,1,0,1,1,1,0,0,0.7958,0.530251,0.287391,Normal
2024-02-10 03:00:00,Dorm A,Room 105,18,Medium,1,0.529224529577033,0.8546494928593298,0.3700002655713016,0,0,1,1,0,1,0,0,0,0.1016,0.061162,0.180961,Normal
2024-02-10 03:30:00,Dorm C,Room 106,15,Small,1,0.3746023899486169,0.5403522979969484,0.4157175896825772,0,0,0,1,0,1,0,0,0,0.0741,0.048305,0.196639,Normal
2024-02-10 04:00:00,Dorm A,Room 102,15,Small,3,0.5173650729265424,0.406259803349474,0.3998207614675049,0,0,1,1,1,1,1,0,0,0.8696,0.601914,0.240395,Normal
2024-02-10 04:30:00,Dorm A,Room 101,20,Medium,2,0.382172212586631,0.3737517158320364,0.5504252778963029,0,0,1,1,0,1,0,0,0,0.1033,0.059397,0.151413,Normal
2024-02-10 05:00:00,Dorm B,Room 107,14,Small,3,0.4214004035509845,0.4238102585631806,0.504250286785085,0,1,0,1,0,1,0,0,1,0.7365,0.517945,0.276272,Normal
2024-02-10 05:30:00,Dorm B,Room 102,14,Small,2,0.6408903061965313,0.8160601150052977,0.5462366109643358,1,0,0,1,0,1,0,0,0,0.0843,0.048098,0.245773,Normal
2024-02-10 06:00:00,Dorm B,Room 102,14,Small,2,0.559606218313826,0.4374056892927409,0.3234420906464638,1,0,1,1,1,1,1,1,0,1.0479,0.697417,0.242254,Abnormal
2024-02-10 06:30:00,Dorm B,Room 106,24,Medium,2,0.5250968568807466,0.6293564837716532,0.6344131073469493,0,0,1,1,0,1,0,0,0,0.1003,0.081855,0.214832,Normal
2024-02-10 07:00:00,Dorm C,Room 107,21,Medium,2,0.6443525380877372,0.4408340728925032,0.4114224206488505,0,0,0,1,0,1,0,0,0,0.0673,0.005987,0.253435,Normal
2024-02-10 07:30:00,Dorm A,Room 103,17,Medium,2,0.5908924613316895,0.5344653114197064,0.3306786699189844,1,1,0,0,1,1,0,1,1,0.8373,0.572995,0.262457,Normal
2024-02-10 08:00:00,Dorm A,Room 104,32,Large,3,0.720525484811083,0.6124374688655778,0.4099543080394364,1,0,1,1,0,0,1,0,1,0.8882,0.60572,0.296642,Normal
2024-02-10 08:30:00,Dorm C,Room 107,21,Medium,2,0.4646798222925613,0.412033293335601,0.7606228859699552,0,1,0,1,1,1,1,0,1,1.3395,0.858009,0.252013,Abnormal
2024-02-10 09:00:00,Dorm C,Room 105,11,Small,1,0.4687359807215141,0.4018622432446848,0.4161328393890658,1,0,1,1,0,1,0,0,0,0.1257,0.093422,0.196059,Normal
2024-02-10 09:30:00,Dorm C,Room 108,20,Medium,1,0.3517824144047159,0.7398716298681136,0.4236453699721295,1,1,0,1,0,1,0,0,0,0.6858,0.4082,0.254324,Normal
2024-02-10 10:00:00,Dorm A,Room 104,32,Large,3,0.4688237838574823,0.6407787013226478,0.4396003139749892,0,1,1,1,0,1,0,0,1,0.767,0.517534,0.307619,Normal
2024-02-10 10:30:00,Dorm A,Room 106,32,Large,3,0.6558678617626964,0.6122797854264799,0.4448170985781041,0,0,0,1,0,1,0,0,1,0.0698,0.062054,0.391148,Normal
2024-02-10 11:00:00,Dorm C,Room 105,11,Small,1,0.700854707714523,0.6117806994144004,0.3688937884983525,0,0,1,1,1,1,0,0,0,0.1193,0.078022,0.197135,Normal
2024-02-10 11:30:00,Dorm A,Room 101,20,Medium,2,0.6552686867086127,0.5636212010352111,0.4798281815096898,1,0,1,1,1,1,0,0,0,0.1378,0.075958,0.150973,Normal
2024-02-10 12:00:00,Dorm C,Room 106,15,Small,1,0.2856097580448774,0.7926171171814211,0.5916854601652726,1,0,1,1,0,1,0,0,0,0.1182,0.08845,0.196354,Normal
2024-02-10 12:30:00,Dorm A,Room 107,25,Medium,3,0.6717540626967753,0.5025340053451073,0.5003520927140088,0,0,0,0,0,1,0,1,1,0.2128,0.153003,0.307926,Normal
2024-02-10 13:00:00,Dorm B,Room 101,14,Small,4,0.2796610199648629,0.5809166759621094,0.3293411723619551,1,0,0,1,0,1,0,0,0,0.0855,0.035146,0.296932,Normal
2024-02-10 13:30:00,Dorm A,Room 102,15,Small,3,0.6469229555327594,0.282852394653345,0.421336027184558,1,0,1,1,0,1,1,1,1,1.0939,0.75677,0.248988,Abnormal
2024-02-10 14:00:00,Dorm A,Room 103,17,Medium,2,0.477036433225218,0.3748434594952226,0.3964805896201542,0,1,1,1,0,1,0,0,0,0.7544,0.49269,0.272993,Normal
2024-02-10 14:30:00,Dorm A,Room 102,15,Small,3,0.6206751960467571,0.3196066472516203,0.4689981110016346,1,0,1,1,1,1,0,1,0,0.3441,0.231541,0.25581,Normal
2024-02-10 15:00:00,Dorm B,Room 102,14,Small,2,0.3475766479260758,0.6833198332171477,0.6222604705662999,0,0,1,1,1,1,0,0,1,0.1228,0.053233,0.24787,Normal
2024-02-10 15:30:00,Dorm A,Room 106,32,Large,3,0.683566844879231,0.1209552808774065,0.4447856170998604,1,1,0,1,1,1,0,0,0,0.7527,0.503701,0.382024,Normal
2024-02-10 16:00:00,Dorm B,Room 103,12,Small,1,0.3297913441969092,0.4369569595575159,0.4520711094672233,0,0,0,1,0,1,0,0,0,0.0704,0.032126,0.174322,Normal
2024-02-10 16:30:00,Dorm C,Room 103,22,Medium,2,0.4366858753059112,0.0561206675576672,0.6759099595897741,1,1,1,1,0,1,0,0,1,0.7415,0.48198,0.254351,Normal
2024-02-10 17:00:00,Dorm A,Room 104,32,Large,3,0.3924475758748752,0.3739136015216087,0.5677648935058516,1,1,0,1,1,1,0,0,1,0.6654,0.462663,0.316803,Normal
2024-02-10 17:30:00,Dorm A,Room 101,20,Medium,2,0.2909653579075643,0.4239304237739493,0.5315191764394063,0,0,1,1,0,1,0,0,1,0.1093,0.047469,0.151455,Normal
2024-02-10 18:00:00,Dorm C,Room 106,15,Small,1,0.5390796270592875,0.6996043037868618,0.6975628504405241,1,0,1,1,1,1,0,0,1,0.1511,0.08482,0.196611,Normal
2024-02-10 18:30:00,Dorm C,Room 107,21,Medium,2,0.7687745590382159,0.554370316252992,0.5214093526797151,1,0,1,1,1,1,0,1,1,0.3508,0.204333,0.268768,Normal
2024-02-10 19:00:00,Dorm B,Room 105,19,Medium,3,0.8842977761476986,0.3736411890466131,0.2243245461461795,1,0,1,0,1,1,0,0,0,0.0848,0.059863,0.307671,Normal
2024-02-10 19:30:00,Dorm C,Room 102,22,Medium,2,0.5394323392937266,0.6527371037716561,0.5625413982237945,0,1,1,1,1,0,0,0,1,0.6885,0.471489,0.239417,Normal
2024-02-10 20:00:00,Dorm B,Room 104,25,Medium,3,0.676254668340931,0.4987018226298901,0.2716547120548319,0,0,1,1,1,1,0,0,0,0.1227,0.100451,0.247899,Normal
2024-02-10 20:30:00,Dorm A,Room 107,25,Medium,3,0.5575413989188592,0.5016020554762686,0.5168738035780114,1,0,1,1,1,1,1,1,1,1.0115,0.688659,0.299707,Abnormal
2024-02-10 21:00:00,Dorm A,Room 106,32,Large,3,0.5933449488450356,0.3193343993606263,0.2570502243432258,1,0,1,0,0,1,0,0,1,0.0618,0.037161,0.390898,Normal
2024-02-10 21:30:00,Dorm A,Room 104,32,Large,3,0.4804768182148391,0.3505869703911708,0.4066386365624206,1,0,1,1,0,1,0,1,0,0.3428,0.226563,0.31517,Normal
2024-02-10 22:00:00,Dorm A,Room 104,32,Large,3,0.5525735489722232,0.3748233825515059,0.4190039872425513,0,0,1,1,0,1,0,0,0,0.0977,0.06201,0.306826,Normal
2024-02-10 22:30:00,Dorm B,Room 103,12,Small,1,0.5985245423020713,0.5029091945856372,0.3702562758885365,0,0,1,1,1,0,0,0,0,0.1177,0.073694,0.173397,Normal
2024-02-10 23:00:00,Dorm C,Room 105,11,Small,1,0.44876340602609,0.5075273887154699,0.4207954340457993,0,0,1,1,1,1,0,0,1,0.1277,0.072479,0.197194,Normal
2024-02-10 23:30:00,Dorm C,Room 108,20,Medium,1,0.5159939535441839,0.7230037914193277,0.5865227948768875,1,0,1,1,1,1,0,0,1,0.145,0.089262,0.261611,Normal
2024-02-11 00:00:00,Dorm A,Room 108,15,Small,1,0.518552404178571,0.5526695610162253,0.3769945000417877,1,0,0,0,1,1,0,0,1,0.052,0.014865,0.226534,Normal
2024-02-11 00:30:00,Dorm A,Room 106,32,Large,3,0.6372987945380277,0.0981724490617259,0.5280472139978262,0,0,0,1,0,1,0,0,1,0.0753,0.058451,0.379059,Normal
2024-02-11 01:00:00,Dorm B,Room 106,24,Medium,2,0.3833302236457593,0.5346795003864637,0.3467985972215494,0,1,0,1,0,1,0,0,1,0.7233,0.470551,0.207283,Normal
2024-02-11 01:30:00,Dorm C,Room 107,21,Medium,2,0.5194767753227117,0.2829841565461627,0.4399128467408746,1,0,0,1,0,1,0,0,0,0.0875,0.093769,0.253237,Normal
2024-02-11 02:00:00,Dorm A,Room 107,25,Medium,3,0.7829887420364391,0.3541203418535478,0.5014977944904714,0,0,1,1,0,1,0,0,1,0.1076,0.083056,0.312742,Normal
2024-02-11 02:30:00,Dorm C,Room 102,22,Medium,2,0.6826130070447014,0.3767232793873595,0.3430940891840606,1,0,1,1,1,1,0,0,0,0.1463,0.094649,0.236943,Normal
2024-02-11 03:00:00,Dorm A,Room 103,17,Medium,2,0.707456327629991,0.3985957720268013,0.3052806953025371,1,0,1,1,0,1,0,0,0,0.1173,0.10202,0.273226,Normal
2024-02-11 03:30:00,Dorm A,Room 104,32,Large,3,0.5296726423456991,0.2939867399533359,0.5216573169059191,1,0,0,1,1,1,0,0,0,0.1046,0.092111,0.29277,Normal
2024-02-11 04:00:00,Dorm B,Room 106,24,Medium,2,0.5694723467025533,0.5259852429054821,0.5973822655645485,1,0,1,1,0,1,0,0,0,0.1177,0.066048,0.206587,Normal
2024-02-11 04:30:00,Dorm C,Room 102,22,Medium,2,0.660895909330885,0.2887471268066049,0.4531616131515718,1,1,1,1,0,1,0,0,0,0.675,0.47359,0.236861,Normal
2024-02-11 05:00:00,Dorm A,Room 102,15,Small,3,0.7357832071724935,0.5484976741521477,0.4077834449261738,0,0,0,1,1,1,0,0,1,0.1009,0.075657,0.258688,Normal
2024-02-11 05:30:00,Dorm C,Room 101,21,Medium,1,0.264484885512514,0.8248304465381553,0.481323276574605,0,0,1,1,0,1,0,0,0,0.1068,0.042576,0.224498,Normal
2024-02-11 06:00:00,Dorm C,Room 108,20,Medium,1,0.3498590263128909,0.3007161694836619,0.4693028873017433,0,0,0,0,0,1,1,0,1,0.7277,0.429192,0.244118,Normal
2024-02-11 06:30:00,Dorm B,Room 102,14,Small,2,0.7021238193958167,0.4542690175833154,0.4917878649014885,1,0,1,1,0,1,0,0,1,0.1218,0.071768,0.238989,Normal
2024-02-11 07:00:00,Dorm A,Room 104,32,Large,3,0.4892347442188279,0.1252293398165979,0.1593349732114522,1,0,1,0,1,1,1,0,0,0.9042,0.635855,0.293222,Normal
2024-02-11 07:30:00,Dorm C,Room 106,15,Small,1,0.4362475879898891,0.4518551717772219,0.3343872057964641,1,0,1,1,0,0,0,0,1,0.1095,0.069605,0.188515,Normal
2024-02-11 08:00:00,Dorm A,Room 101,20,Medium,2,0.3580829659921051,0.5905360286965751,0.3612452552625207,0,0,0,1,0,0,1,1,0,0.9529,0.607471,0.150254,Normal
2024-02-11 08:30:00,Dorm C,Room 107,21,Medium,2,0.4519095064790204,0.6019875972279738,0.4807464926395949,1,0,1,1,0,1,1,0,0,0.8125,0.522694,0.246554,Normal
2024-02-11 09:00:00,Dorm C,Room 106,15,Small,1,0.3381931206272974,0.5074506751441461,0.4849466515838705,0,0,1,1,0,1,0,0,0,0.0944,0.086647,0.1814,Normal
2024-02-11 09:30:00,Dorm A,Room 106,32,Large,3,0.8070228123118799,0.6267689113095314,0.5389691803629472,0,1,0,1,0,1,0,0,0,0.6832,0.481115,0.375879,Normal
2024-02-11 10:00:00,Dorm A,Room 106,32,Large,3,0.5233828788839036,0.8702539063479902,0.4935489205886804,0,0,1,1,0,0,0,1,1,0.2852,0.18818,0.384055,Normal
2024-02-11 10:30:00,Dorm C,Room 104,13,Small,2,0.518616764388289,0.7477245323332116,0.3065986025417926,1,0,1,1,1,1,0,0,1,0.1526,0.117011,0.255764,Normal
2024-02-11 11:00:00,Dorm A,Room 108,15,Small,1,0.6053148896341237,0.4192905489802565,0.6362432563863732,1,0,1,0,1,0,0,0,0,0.0705,0.046622,0.217496,Normal
2024-02-11 11:30:00,Dorm B,Room 108,20,Medium,3,0.6555424588859478,0.2828243164454898,0.615238258104431,1,1,1,1,0,1,0,1,0,0.8971,0.644144,0.273382,Normal
2024-02-11 12:00:00,Dorm C,Room 103,22,Medium,2,0.6533338953581598,0.4363924214276619,0.3117018340973885,1,0,0,1,0,1,0,1,0,0.2981,0.191261,0.263181,Normal
2024-02-11 12:30:00,Dorm C,Room 107,21,Medium,2,0.6704760212683749,0.3569108757761893,0.5025614464656694,1,0,1,1,0,1,0,1,1,0.311,0.209193,0.255868,Normal
2024-02-11 13:00:00,Dorm B,Room 103,12,Small,1,0.441733125520215,0.5624120081410358,0.3912142950962974,1,0,0,1,0,0,0,0,0,0.0814,0.076774,0.166152,Normal
2024-02-11 13:30:00,Dorm B,Room 101,14,Small,4,0.486419529210263,0.3224908401333992,0.479306423355421,1,0,1,1,0,1,0,0,1,0.12,0.077586,0.29645,Normal
2024-02-11 14:00:00,Dorm C,Room 107,21,Medium,2,0.6295994044851101,0.4853790471184506,0.5890119868742236,1,0,1,1,0,1,0,0,0,0.1193,0.093352,0.259624,Normal
2024-02-11 14:30:00,Dorm B,Room 102,14,Small,2,0.4556171901832252,0.6192372118875846,0.7181943044549276,0,0,1,1,0,1,0,0,0,0.1054,0.04468,0.238671,Normal
2024-02-11 15:00:00,Dorm B,Room 107,14,Small,3,0.5257085211822135,0.4812827163200034,0.5527773231954143,0,0,1,1,1,1,0,0,0,0.1213,0.093747,0.277227,Normal
2024-02-11 15:30:00,Dorm B,Room 104,25,Medium,3,0.5799087240483538,0.3570091848208084,0.4980301355163047,1,1,1,0,1,1,0,1,0,0.9375,0.634527,0.246232,Normal
2024-02-11 16:00:00,Dorm A,Room 103,17,Medium,2,0.6317672261945637,0.6687339447695209,0.4218788570767601,0,1,1,1,0,0,0,0,1,0.7229,0.490898,0.273649,Normal
2024-02-11 16:30:00,Dorm A,Room 104,32,Large,3,0.2878255539137491,0.2199427507717323,0.484497604644701,1,0,1,1,0,1,0,0,0,0.1282,0.067627,0.304992,Normal
2024-02-11 17:00:00,Dorm C,Room 107,21,Medium,2,0.6223141155913688,0.4479078128168322,0.6257779996819602,1,0,1,1,0,0,0,0,0,0.1091,0.087229,0.2603,Normal
2024-02-11 17:30:00,Dorm B,Room 101,14,Small,4,0.495027612238955,0.4899587307010236,0.4572833130286995,0,0,0,1,0,1,0,0,1,0.0755,0.052491,0.296384,Normal
2024-02-11 18:00:00,Dorm A,Room 106,32,Large,3,0.621336059816354,0.4984191274904496,0.3563406011739107,0,1,1,1,1,0,0,1,1,0.9726,0.678294,0.386292,Normal
2024-02-11 18:30:00,Dorm C,Room 105,11,Small,1,0.6306596050025828,0.5226071868279336,0.2683337903790181,0,1,1,0,0,0,0,1,1,0.8672,0.547286,0.197725,Normal
2024-02-11 19:00:00,Dorm B,Room 101,14,Small,4,0.7421792102053472,0.5857924939389545,0.5241970349175666,1,1,1,1,0,1,1,0,0,1.5795,0.998212,0.293059,Abnormal
2024-02-11 19:30:00,Dorm A,Room 104,32,Large,3,0.7080299872012497,0.4908776217161599,0.492314000848074,0,0,1,1,0,0,0,0,1,0.1033,0.062114,0.302791,Normal
2024-02-11 20:00:00,Dorm C,Room 108,20,Medium,1,0.7071064112546348,0.441990656826867,0.3851577858500888,1,0,0,1,0,1,0,0,1,0.0895,0.042225,0.244668,Normal
2024-02-11 20:30:00,Dorm B,Room 103,12,Small,1,0.7201372422578345,0.4361811009356,0.5857372839413231,1,0,0,1,1,0,0,0,0,0.102,0.075175,0.163754,Normal
2024-02-11 21:00:00,Dorm B,Room 108,20,Medium,3,0.5654974750668316,0.406211702785235,0.4120466822230354,1,0,1,1,1,1,0,0,0,0.1484,0.08448,0.276998,Normal
2024-02-11 21:30:00,Dorm B,Room 104,25,Medium,3,0.5307131433487688,0.6118199427993569,0.4464938257545814,1,1,1,1,0,1,0,0,0,0.7518,0.510606,0.24657,Normal
2024-02-11 22:00:00,Dorm A,Room 104,32,Large,3,0.643527613354243,0.4010661768738713,0.4606478093940872,1,0,1,1,0,1,0,0,1,0.1227,0.069603,0.302525,Normal
2024-02-11 22:30:00,Dorm A,Room 104,32,Large,3,0.6246405472107417,0.6205241643285153,0.4205434089562816,1,1,1,1,1,1,0,0,1,0.7102,0.485698,0.29461,Normal
2024-02-11 23:00:00,Dorm A,Room 101,20,Medium,2,0.4849165434012761,0.49887330172714,0.4909435833242206,0,0,1,1,0,0,0,0,1,0.0991,0.035618,0.161776,Normal
2024-02-11 23:30:00,Dorm B,Room 102,14,Small,2,0.5807219402626768,0.4194766206229504,0.6007935647638968,0,0,1,1,1,1,0,0,0,0.1238,0.098617,0.229451,Normal
2024-02-12 00:00:00,Dorm A,Room 107,25,Medium,3,0.5216838262750083,0.5869633967440944,0.3255841390614065,1,0,0,1,0,1,0,1,1,0.2871,0.206219,0.305439,Normal
2024-02-12 00:30:00,Dorm C,Room 107,21,Medium,2,0.4117943626181469,0.3891732282086197,0.5212544582425732,1,1,0,1,0,1,0,0,1,0.6447,0.412122,0.260915,Normal
2024-02-12 01:00:00,Dorm C,Room 108,20,Medium,1,0.6995762150813012,0.5898698344359794,0.4833007658491109,0,0,0,0,0,1,0,0,0,0.0104,0.009043,0.235212,Normal
2024-02-12 01:30:00,Dorm A,Room 102,15,Small,3,0.5338016883559917,0.5273437750383159,0.4810939481104366,0,0,1,0,0,1,0,0,1,0.0493,0.051037,0.259292,Normal
2024-02-12 02:00:00,Dorm C,Room 107,21,Medium,2,0.8013345255899721,0.4084442160063787,0.5672416563938999,0,1,0,1,0,1,0,0,0,0.6348,0.420869,0.268597,Normal
2024-02-12 02:30:00,Dorm C,Room 104,13,Small,2,0.308249576228903,0.5737702836710179,0.4685611773229847,0,0,0,1,0,1,0,0,0,0.0749,0.066679,0.240012,Normal
2024-02-12 03:00:00,Dorm C,Room 108,20,Medium,1,0.4516730330392154,0.5764089695192027,0.520259806839316,0,0,0,0,0,1,0,0,0,0.0094,0.0,0.234517,Normal
2024-02-12 03:30:00,Dorm A,Room 101,20,Medium,2,0.530774037446269,0.666192321099293,0.5485288381262405,0,0,0,1,0,1,0,0,1,0.0725,0.046388,0.161279,Normal
2024-02-12 04:00:00,Dorm A,Room 103,17,Medium,2,0.6790326253092471,0.6380678613287654,0.4021386099448735,0,0,1,0,0,1,0,0,1,0.0496,0.011856,0.279299,Normal
2024-02-12 04:30:00,Dorm A,Room 103,17,Medium,2,0.5800034180558707,0.5682796742463154,0.4985398525466316,1,0,1,1,0,0,0,0,0,0.1106,0.092929,0.277711,Normal
2024-02-12 05:00:00,Dorm C,Room 106,15,Small,1,0.5680598965320914,0.3303683726955148,0.4325601590782053,0,0,1,1,0,1,1,0,0,0.8238,0.509368,0.182001,Normal
2024-02-12 05:30:00,Dorm A,Room 108,15,Small,1,0.3751128194854343,0.8559299006090142,0.44672924314051,0,0,0,1,1,1,0,0,0,0.0945,0.062207,0.217661,Normal
2024-02-12 06:00:00,Dorm C,Room 103,22,Medium,2,0.371130026470362,0.2898032051408545,0.4240094860671531,1,0,0,0,1,1,0,0,0,0.0456,0.017261,0.265549,Normal
2024-02-12 06:30:00,Dorm B,Room 102,14,Small,2,0.5696746020359149,0.6355865821772604,0.5191622239501283,0,0,1,1,0,1,0,1,1,0.3077,0.198246,0.230913,Normal
2024-02-12 07:00:00,Dorm C,Room 104,13,Small,2,0.3433281294745933,0.5594634062293427,0.4724418612240471,0,0,0,1,0,1,0,0,0,0.0698,0.028931,0.24001,Normal
2024-02-12 07:30:00,Dorm A,Room 102,15,Small,3,0.4550147993232999,0.3235270922824199,0.5099802023659307,1,1,1,1,0,0,0,0,1,0.6938,0.455666,0.256058,Normal
2024-02-12 08:00:00,Dorm A,Room 102,15,Small,3,0.5936179336778975,0.477813673449103,0.4605454479598329,0,1,1,0,1,0,0,1,0,0.8701,0.574424,0.252337,Normal
2024-02-12 08:30:00,Dorm A,Room 107,25,Medium,3,0.3945639886510047,0.4845074970064023,0.2702015761797147,1,0,1,1,0,0,0,1,0,0.2937,0.192436,0.29972,Normal
2024-02-12 09:00:00,Dorm C,Room 106,15,Small,1,0.741835774110448,0.6879519414645345,0.4664102450384715,1,0,1,0,0,1,0,0,0,0.0603,0.027483,0.18858,Normal
2024-02-12 09:30:00,Dorm C,Room 103,22,Medium,2,0.6906485099260649,0.3912517124623464,0.470269605011048,1,0,1,1,1,1,0,0,0,0.1435,0.128321,0.261476,Normal
2024-02-12 10:00:00,Dorm A,Room 108,15,Small,1,0.3155061816401298,0.4575852542614065,0.4917510818597331,1,0,1,1,0,0,0,1,0,0.3104,0.16952,0.208319,Normal
2024-02-12 10:30:00,Dorm A,Room 102,15,Small,3,0.4012677835676427,0.1527681809505375,0.3914176661931098,1,0,1,1,0,0,0,0,0,0.1083,0.061621,0.253956,Normal
2024-02-12 11:00:00,Dorm B,Room 104,25,Medium,3,0.219638031855634,0.7510250158489735,0.3192272228006002,0,1,1,1,0,0,0,0,0,0.6586,0.440981,0.256296,Normal
2024-02-12 11:30:00,Dorm A,Room 101,20,Medium,2,0.4213685386290136,0.3387632284054594,0.5375806733852206,1,1,1,1,0,0,0,1,0,0.9403,0.587871,0.160501,Normal
2024-02-12 12:00:00,Dorm B,Room 105,19,Medium,3,0.6292446846734642,0.5441245697967427,0.4298225836507436,1,0,1,1,0,1,0,1,0,0.3089,0.210907,0.298689,Normal
2024-02-12 12:30:00,Dorm B,Room 108,20,Medium,3,0.4708483245959566,0.4811780858555863,0.4831910392152477,1,0,1,1,1,1,0,1,0,0.3423,0.241661,0.268044,Normal
2024-02-12 13:00:00,Dorm B,Room 101,14,Small,4,0.5882337391675352,0.4816787645471146,0.4288804012457423,1,0,1,1,1,1,0,0,1,0.1496,0.116414,0.302145,Normal
2024-02-12 13:30:00,Dorm B,Room 108,20,Medium,3,0.3220935766070786,0.6150999332068021,0.4619197617588313,1,0,1,1,1,1,0,1,0,0.3397,0.224873,0.272046,Normal
2024-02-12 14:00:00,Dorm A,Room 106,32,Large,3,0.6334836925112329,0.7416928929776982,0.4087465062359425,1,0,0,1,0,0,0,0,1,0.0785,0.051914,0.396329,Normal
2024-02-12 14:30:00,Dorm A,Room 106,32,Large,3,0.4518970892559697,0.5330411235763297,0.3465065977795162,1,0,1,1,0,1,0,0,0,0.1164,0.092005,0.389176,Normal
2024-02-12 15:00:00,Dorm A,Room 104,32,Large,3,0.5280270365985803,0.5923526036001019,0.5194802935953878,1,0,1,0,0,0,0,0,0,0.0508,0.051845,0.303226,Normal
2024-02-12 15:30:00,Dorm C,Room 106,15,Small,1,0.5139299002024464,0.5444156529801478,0.3902910463049143,1,0,0,1,0,1,0,0,0,0.0843,0.052098,0.179026,Normal
2024-02-12 16:00:00,Dorm C,Room 108,20,Medium,1,0.3557495246881103,0.6456194066623142,0.4823161544269573,1,1,1,1,0,1,0,0,0,0.7131,0.438409,0.223289,Normal
2024-02-12 16:30:00,Dorm B,Room 101,14,Small,4,0.3716476522578563,0.4280501406055259,0.5118896576793587,1,1,0,1,1,1,0,0,1,0.7021,0.481079,0.293103,Normal
2024-02-12 17:00:00,Dorm A,Room 105,18,Medium,1,0.6562737656462616,0.6541224883146508,0.3922474318486274,1,0,1,1,1,0,0,0,0,0.1281,0.096899,0.162292,Normal
2024-02-12 17:30:00,Dorm A,Room 108,15,Small,1,0.5799393748492269,0.6592822157016287,0.3182175702881704,1,0,1,1,0,0,0,1,0,0.3063,0.201825,0.210573,Normal
2024-02-12 18:00:00,Dorm A,Room 105,18,Medium,1,0.6673124913316366,0.6551727440589474,0.7537030061266158,1,1,1,1,0,0,0,0,0,0.718,0.448051,0.162796,Normal
2024-02-12 18:30:00,Dorm C,Room 103,22,Medium,2,0.5699636160721913,0.3990646471921119,0.3993305253588438,0,1,1,1,1,1,0,1,1,0.8916,0.575119,0.26415,Normal
2024-02-12 19:00:00,Dorm B,Room 107,14,Small,3,0.5455834661570657,0.4713419616693,0.537437971440395,1,0,0,1,1,1,0,0,1,0.1111,0.101903,0.277456,Normal
2024-02-12 19:30:00,Dorm C,Room 106,15,Small,1,0.2947598158341369,0.5312736609292985,0.6953232539849374,1,1,0,1,1,0,0,0,1,0.7012,0.412145,0.178622,Normal
2024-02-12 20:00:00,Dorm A,Room 104,32,Large,3,0.4901100979078978,0.2946197554296335,0.5574117457295643,1,0,1,0,1,0,1,0,0,0.7912,0.532749,0.299498,Normal
2024-02-12 20:30:00,Dorm A,Room 101,20,Medium,2,0.5227188115129646,0.7304734985851546,0.4266030548371297,1,0,1,1,0,0,0,0,0,0.1167,0.05603,0.172145,Normal
2024-02-12 21:00:00,Dorm B,Room 107,14,Small,3,0.7885046750719792,0.4942769811063675,0.4545950832364784,1,0,1,1,0,1,0,0,0,0.1245,0.102242,0.277949,Normal
2024-02-12 21:30:00,Dorm A,Room 108,15,Small,1,0.6185847746569629,0.5378077144116966,0.3627596151579114,1,1,1,1,0,1,0,1,1,0.8792,0.543408,0.211334,Normal
2024-02-12 22:00:00,Dorm A,Room 107,25,Medium,3,0.7325362780297437,0.411283554525855,0.5684235776771576,1,0,1,1,1,1,0,0,0,0.1399,0.097366,0.298897,Normal
2024-02-12 22:30:00,Dorm C,Room 105,11,Small,1,0.6065845785967845,0.3010808551134256,0.5305821466364741,1,1,0,1,0,0,0,0,1,0.6664,0.415801,0.208553,Normal
2024-02-12 23:00:00,Dorm B,Room 102,14,Small,2,0.4309355468706161,0.4073118465179233,0.4009316437561159,0,0,1,1,1,1,0,1,0,0.3126,0.235279,0.226687,Normal
2024-02-12 23:30:00,Dorm B,Room 107,14,Small,3,0.5421121418137262,0.5282958033083822,0.3376179195691363,0,0,1,1,1,1,0,0,0,0.1179,0.106417,0.277818,Normal
2024-02-13 00:00:00,Dorm C,Room 101,21,Medium,1,0.5580955199720403,0.5950494693844213,0.3041393899358212,1,1,1,1,0,1,0,0,1,0.7529,0.472911,0.223841,Normal
2024-02-13 00:30:00,Dorm A,Room 104,32,Large,3,0.400357313573685,0.5198583376658561,0.5809984784174368,1,0,0,1,0,1,0,0,1,0.0874,0.04792,0.297766,Normal
2024-02-13 01:00:00,Dorm B,Room 104,25,Medium,3,0.4748082980431235,0.5470363461724892,0.4770880861339481,0,0,0,1,0,1,0,0,1,0.0715,0.049457,0.254323,Normal
2024-02-13 01:30:00,Dorm C,Room 107,21,Medium,2,0.4987795053291989,0.4465511616385413,0.4884385589502493,0,0,1,1,1,1,0,0,1,0.1258,0.079731,0.272617,Normal
2024-02-13 02:00:00,Dorm A,Room 103,17,Medium,2,0.7418711860115811,0.5690107423833133,0.3639183507721248,0,0,1,1,0,1,0,0,1,0.1085,0.095789,0.277553,Normal
2024-02-13 02:30:00,Dorm C,Room 105,11,Small,1,0.2471543635008102,0.7140009416927988,0.2870714209449418,1,0,0,1,0,0,0,0,0,0.0758,0.083007,0.207213,Normal
2024-02-13 03:00:00,Dorm A,Room 108,15,Small,1,0.688217048895437,0.5996582838039233,0.5781311585219446,1,0,0,1,0,1,0,0,1,0.099,0.066941,0.202541,Normal
2024-02-13 03:30:00,Dorm A,Room 104,32,Large,3,0.4006740751554406,0.615052891233373,0.4676903929169141,1,0,0,1,0,1,0,0,1,0.0905,0.071898,0.297882,Normal
2024-02-13 04:00:00,Dorm A,Room 101,20,Medium,2,0.3422581112055016,0.5392903401966271,0.5714873839201077,0,0,0,1,1,1,0,0,0,0.0874,0.084147,0.172417,Normal
2024-02-13 04:30:00,Dorm A,Room 101,20,Medium,2,0.6847443997078044,0.2751747958554765,0.4163468335856458,0,0,0,1,0,1,0,0,0,0.0734,0.056038,0.17297,Normal
2024-02-13 05:00:00,Dorm A,Room 101,20,Medium,2,0.6246160040593891,0.3425550943628332,0.4342361031625419,0,0,1,1,1,1,0,0,0,0.1285,0.072074,0.154284,Normal
2024-02-13 05:30:00,Dorm A,Room 108,15,Small,1,0.694752722638988,0.5629305265043414,0.5482209423316774,0,0,0,1,0,1,1,0,0,0.8421,0.532254,0.192476,Normal
2024-02-13 06:00:00,Dorm C,Room 106,15,Small,1,0.6338496200787966,0.4944735397940872,0.5505063475749578,1,0,0,1,0,1,0,0,0,0.0846,0.052589,0.186589,Normal
2024-02-13 06:30:00,Dorm C,Room 102,22,Medium,2,0.802829098580368,0.5607212624562032,0.5583304564207169,0,0,1,1,1,1,0,0,0,0.1161,0.067083,0.245466,Normal
2024-02-13 07:00:00,Dorm C,Room 107,21,Medium,2,0.6013756809167269,0.7424513565598874,0.4272318810793281,1,0,0,1,0,1,0,0,0,0.0811,0.053516,0.272551,Normal
2024-02-13 07:30:00,Dorm B,Room 103,12,Small,1,0.5053942691100825,0.6027807159196927,0.5363738524359325,0,0,0,1,0,1,0,0,0,0.0721,0.021243,0.162018,Normal
2024-02-13 08:00:00,Dorm C,Room 108,20,Medium,1,0.5724152366942175,0.6810893385416932,0.5957049814593004,0,0,0,1,0,0,0,0,0,0.0549,0.004066,0.220596,Normal
2024-02-13 08:30:00,Dorm B,Room 101,14,Small,4,0.6932698480347712,0.5099957094171284,0.4500775609830481,0,0,1,1,0,1,1,0,0,0.8661,0.630718,0.30154,Normal
2024-02-13 09:00:00,Dorm A,Room 106,32,Large,3,0.4218001371689581,0.3774512978794108,0.4010441095990202,1,0,1,1,0,1,0,1,1,0.3261,0.215471,0.38707,Normal
2024-02-13 09:30:00,Dorm A,Room 107,25,Medium,3,0.4389091092039052,0.4875770478948716,0.6237356059965716,0,1,1,1,0,1,0,0,1,0.7536,0.534276,0.299256,Normal
2024-02-13 10:00:00,Dorm A,Room 106,32,Large,3,0.4849307986217789,0.3778133917201011,0.3841335399513717,1,1,1,1,0,1,0,0,1,0.7641,0.510805,0.389463,Normal
2024-02-13 10:30:00,Dorm B,Room 104,25,Medium,3,0.2439546834424739,0.7250909859230761,0.5381649065847587,1,0,1,1,0,1,0,0,0,0.1244,0.085796,0.25362,Normal
2024-02-13 11:00:00,Dorm C,Room 102,22,Medium,2,0.5449242356977603,0.6122384535746155,0.4556381063513446,1,0,0,0,0,1,0,0,0,0.0288,0.012231,0.243703,Normal
2024-02-13 11:30:00,Dorm C,Room 102,22,Medium,2,0.2732716533414561,0.5725766131373282,0.2417154919119234,1,0,1,1,0,1,0,0,1,0.118,0.046372,0.234516,Normal
2024-02-13 12:00:00,Dorm C,Room 104,13,Small,2,0.5335145055881506,0.6777175935708035,0.5980437369669167,1,1,0,1,1,1,0,0,0,0.7285,0.473927,0.23992,Normal
2024-02-13 12:30:00,Dorm C,Room 107,21,Medium,2,0.6425174312355261,0.1992100465551421,0.1317889780539403,1,0,1,1,1,1,0,0,0,0.1388,0.095016,0.26914,Normal
2024-02-13 13:00:00,Dorm A,Room 105,18,Medium,1,0.4623960807513856,0.582514971325307,0.2246123617365272,1,1,1,1,0,1,0,0,0,0.7775,0.469571,0.17213,Normal
2024-02-13 13:30:00,Dorm B,Room 104,25,Medium,3,0.75146609511427,0.3034663059067792,0.5259104631854252,1,0,0,1,0,1,0,0,1,0.0889,0.059419,0.254405,Normal
2024-02-13 14:00:00,Dorm B,Room 104,25,Medium,3,0.3303917432361187,0.4950148520339107,0.5258794054134975,1,0,1,1,1,1,0,0,1,0.1407,0.107427,0.253576,Normal
2024-02-13 14:30:00,Dorm C,Room 102,22,Medium,2,0.6862633716302348,0.4502720553107619,0.3861569287653131,1,1,0,1,0,0,1,0,0,1.3838,0.917054,0.235158,Abnormal
2024-02-13 15:00:00,Dorm A,Room 104,32,Large,3,0.6169985643134648,0.5933311625926483,0.4803811212789649,1,0,0,0,1,1,0,0,1,0.0519,0.054892,0.28519,Normal
2024-02-13 15:30:00,Dorm C,Room 101,21,Medium,1,0.2960987985922709,0.5296159760008594,0.158952877247382,0,1,1,1,0,1,0,0,0,0.7467,0.451491,0.229275,Normal
2024-02-13 16:00:00,Dorm C,Room 103,22,Medium,2,0.8901877767091596,0.6937619963330155,0.5474624104128134,1,0,1,1,0,1,0,0,0,0.1203,0.098126,0.275334,Normal
2024-02-13 16:30:00,Dorm A,Room 103,17,Medium,2,0.5178390983620288,0.4076252755441055,0.4926064096111886,1,1,1,1,0,1,0,0,0,0.7515,0.512563,0.259291,Normal
2024-02-13 17:00:00,Dorm C,Room 105,11,Small,1,0.4086337567623144,0.6002938858053082,0.4571712500326265,1,0,1,1,1,0,0,0,0,0.1231,0.061549,0.207538,Normal
2024-02-13 17:30:00,Dorm A,Room 101,20,Medium,2,0.3375599676280351,0.519921777589035,0.4651473351940212,0,0,1,1,1,1,0,1,1,0.3264,0.223102,0.153742,Normal
2024-02-13 18:00:00,Dorm B,Room 102,14,Small,2,0.4968669884928836,0.2557559696593784,0.5218223978592719,0,0,0,1,0,1,0,0,1,0.0724,0.066777,0.222513,Normal
2024-02-13 18:30:00,Dorm C,Room 106,15,Small,1,0.5092955879826762,0.3610796391739985,0.4591796971583937,1,0,1,1,0,0,0,0,0,0.104,0.080445,0.185558,Normal
2024-02-13 19:00:00,Dorm B,Room 105,19,Medium,3,0.5401690734120768,0.474054817718665,0.237817700082475,1,1,1,1,1,1,0,0,0,0.6816,0.461924,0.302068,Normal
2024-02-13 19:30:00,Dorm A,Room 108,15,Small,1,0.4864290104094029,0.6595456570992155,0.7261396333913611,1,0,0,1,1,0,0,0,1,0.095,0.017296,0.202271,Normal
2024-02-13 20:00:00,Dorm A,Room 108,15,Small,1,0.6113739253910598,0.5642307352549925,0.6067063369417058,1,0,1,1,1,1,1,0,0,0.8445,0.566743,0.201422,Normal
2024-02-13 20:30:00,Dorm A,Room 106,32,Large,3,0.4743731540505456,0.3245031461839044,0.3084929682069912,0,1,0,1,1,0,0,0,1,0.7294,0.47049,0.379271,Normal
2024-02-13 21:00:00,Dorm B,Room 108,20,Medium,3,0.2667178446677024,0.4754600378112436,0.4212410923420022,1,1,1,1,0,1,0,0,1,0.7637,0.532178,0.266818,Normal
2024-02-13 21:30:00,Dorm B,Room 102,14,Small,2,0.5063492342885754,0.7926216194468172,0.4343301175205112,0,1,1,1,0,1,0,0,0,0.6671,0.415761,0.222336,Normal
2024-02-13 22:00:00,Dorm B,Room 107,14,Small,3,0.2086736760267515,0.5124267433955121,0.5920759195369835,1,1,1,1,1,1,0,0,1,0.756,0.474178,0.269438,Normal
2024-02-13 22:30:00,Dorm A,Room 105,18,Medium,1,0.5738705568875068,0.4479768085584926,0.2036008185965673,1,0,1,1,0,1,0,0,1,0.1175,0.07456,0.181038,Normal
2024-02-13 23:00:00,Dorm C,Room 105,11,Small,1,0.3949698210442626,0.5683481026015342,0.4027812782823818,0,0,1,1,0,1,0,0,1,0.1037,0.06215,0.207676,Normal
2024-02-13 23:30:00,Dorm A,Room 101,20,Medium,2,0.5483171227256141,0.6082707794907205,0.2514245154357913,1,0,1,1,0,1,0,0,1,0.1262,0.115203,0.157336,Normal
2024-02-14 00:00:00,Dorm C,Room 101,21,Medium,1,0.7027452926314481,0.429041843499436,0.4284442602141609,0,0,0,1,0,1,0,1,1,0.2959,0.178234,0.237673,Normal
2024-02-14 00:30:00,Dorm B,Room 106,24,Medium,2,0.3990698972325947,0.5699404532827599,0.4059613514492698,1,0,1,1,0,1,0,0,0,0.1093,0.083694,0.207052,Normal
2024-02-14 01:00:00,Dorm B,Room 104,25,Medium,3,0.6688165219267537,0.447746971833718,0.4722078439372067,0,0,1,1,0,1,0,1,1,0.3222,0.231851,0.243772,Normal
2024-02-14 01:30:00,Dorm A,Room 108,15,Small,1,0.4682321075937358,0.601794837798665,0.3900805827106552,0,1,1,1,1,0,0,0,0,0.7599,0.454243,0.211202,Normal
2024-02-14 02:00:00,Dorm C,Room 101,21,Medium,1,0.7616760376549712,0.5210195735348764,0.3725471772668404,1,1,0,1,0,1,0,1,1,0.8732,0.567737,0.240252,Normal
2024-02-14 02:30:00,Dorm C,Room 104,13,Small,2,0.4773896411849677,0.5669120193228332,0.5369868305282715,0,1,1,1,0,1,0,0,0,0.6929,0.447073,0.234469,Normal
2024-02-14 03:00:00,Dorm B,Room 101,14,Small,4,0.4135980267563879,0.3845101860979951,0.5171938066125709,1,0,1,1,1,1,0,1,0,0.3125,0.237186,0.303755,Normal
2024-02-14 03:30:00,Dorm A,Room 102,15,Small,3,0.6186225952275765,0.3753834415873638,0.5287979180480882,1,0,0,1,0,1,0,0,1,0.0882,0.057792,0.254434,Normal
2024-02-14 04:00:00,Dorm A,Room 104,32,Large,3,0.4679100009989811,0.6350331432191072,0.4414243993769302,0,0,0,1,0,1,0,0,0,0.0669,0.06764,0.284631,Normal
2024-02-14 04:30:00,Dorm C,Room 104,13,Small,2,0.4134696587308225,0.4844129278056623,0.3940558664325559,1,0,0,1,0,1,0,0,0,0.0819,0.058198,0.235424,Normal
2024-02-14 05:00:00,Dorm A,Room 104,32,Large,3,0.4622667919073714,0.5379703797346311,0.4483883355475879,0,1,1,1,0,1,0,0,0,0.645,0.418122,0.276145,Normal
2024-02-14 05:30:00,Dorm B,Room 104,25,Medium,3,0.5204075567628279,0.4510527406685181,0.5227711030625388,0,0,0,1,1,1,0,0,1,0.0945,0.037835,0.247418,Normal
2024-02-14 06:00:00,Dorm A,Room 107,25,Medium,3,0.7065170590936669,0.6281596620992758,0.201500062725405,0,1,1,1,1,1,0,0,0,0.721,0.531797,0.298292,Normal
2024-02-14 06:30:00,Dorm C,Room 102,22,Medium,2,0.2668354554872324,0.406756317038239,0.5099283631191975,1,0,1,1,1,1,0,0,0,0.1314,0.081748,0.252805,Normal
2024-02-14 07:00:00,Dorm A,Room 101,20,Medium,2,0.5294913111630005,0.4761529609309134,0.4997341150135226,1,0,1,1,0,1,0,0,0,0.1157,0.074538,0.1584,Normal
2024-02-14 07:30:00,Dorm B,Room 101,14,Small,4,0.6102571347816328,0.6115920768285272,0.4701032015802913,0,0,0,1,0,1,0,1,1,0.2621,0.193011,0.287863,Normal
2024-02-14 08:00:00,Dorm A,Room 103,17,Medium,2,0.5523550211364071,0.6684626006223646,0.4447339551792854,1,0,1,1,0,1,0,1,0,0.3102,0.202265,0.268362,Normal
2024-02-14 08:30:00,Dorm B,Room 103,12,Small,1,0.702180327555105,0.4191085571346055,0.1547912182746082,0,0,1,1,0,0,0,0,0,0.0894,0.058655,0.161287,Normal
2024-02-14 09:00:00,Dorm A,Room 102,15,Small,3,0.5164165515399932,0.7840798374116915,0.4098780676987001,1,0,1,1,0,1,0,1,0,0.2974,0.178239,0.253325,Normal
2024-02-14 09:30:00,Dorm A,Room 106,32,Large,3,0.501626674135933,0.5421157239621661,0.6773248656479673,1,0,0,1,1,0,0,0,0,0.0927,0.07717,0.377845,Normal
2024-02-14 10:00:00,Dorm A,Room 105,18,Medium,1,0.6058856334143448,0.3428105534685504,0.4641947558559527,1,0,1,1,1,0,0,0,0,0.1289,0.083522,0.180983,Normal
2024-02-14 10:30:00,Dorm A,Room 107,25,Medium,3,0.5397219508847391,0.5503177138770705,0.4257816208440507,1,0,1,1,0,1,0,1,1,0.3245,0.232414,0.298592,Normal
2024-02-14 11:00:00,Dorm C,Room 105,11,Small,1,0.4740002194420113,0.4397949105966611,0.4646752212679965,0,0,1,1,0,1,0,0,0,0.1019,0.054546,0.198774,Normal
2024-02-14 11:30:00,Dorm C,Room 102,22,Medium,2,0.5956613882251047,0.5598726463736448,0.505208879884466,0,0,1,1,0,0,1,1,0,1.0157,0.667833,0.252595,Abnormal
2024-02-14 12:00:00,Dorm B,Room 108,20,Medium,3,0.4388232587696532,0.4897829314341927,0.5416852580773694,1,1,0,1,1,0,0,0,0,0.69,0.443626,0.264229,Normal
2024-02-14 12:30:00,Dorm C,Room 105,11,Small,1,0.4443726633839308,0.5069965573064381,0.4351883817744745,1,0,1,1,0,1,0,1,1,0.3352,0.222342,0.198823,Normal
2024-02-14 13:00:00,Dorm C,Room 103,22,Medium,2,0.4555360033424891,0.3621117638993272,0.5136243407346083,1,0,1,1,0,1,0,0,0,0.1141,0.071886,0.27585,Normal
2024-02-14 13:30:00,Dorm B,Room 101,14,Small,4,0.7079783882273399,0.6415823377685164,0.663793769104349,1,0,1,1,0,0,0,0,0,0.1138,0.047284,0.282082,Normal
2024-02-14 14:00:00,Dorm C,Room 102,22,Medium,2,0.0941271005854639,0.3261746097961266,0.5833662897466693,1,1,1,1,0,1,0,0,0,0.7078,0.427974,0.255092,Normal
2024-02-14 14:30:00,Dorm B,Room 102,14,Small,2,0.5794839842525245,0.3331350836423757,0.7434113842706158,1,1,1,1,0,1,0,0,0,0.7384,0.490289,0.220526,Normal
2024-02-14 15:00:00,Dorm C,Room 101,21,Medium,1,0.5309931862451416,0.5500690986910166,0.3838546561324264,1,1,0,0,1,1,0,0,0,0.679,0.443653,0.243666,Normal
2024-02-14 15:30:00,Dorm C,Room 102,22,Medium,2,0.3008177141597773,0.7316380295908833,0.6637384277935426,0,0,0,1,0,0,1,0,1,0.8505,0.51469,0.262828,Normal
2024-02-14 16:00:00,Dorm C,Room 106,15,Small,1,0.5679597852114459,0.4442634481805128,0.3677903611428753,0,0,1,1,1,1,0,0,1,0.1219,0.095755,0.186171,Normal
2024-02-14 16:30:00,Dorm C,Room 106,15,Small,1,0.5902406958403099,0.5990973130373196,0.5050641101958933,0,0,1,1,1,1,0,0,0,0.1221,0.087173,0.178314,Normal
2024-02-14 17:00:00,Dorm C,Room 106,15,Small,1,0.6055245877531449,0.6538211611497975,0.5505217575936062,1,0,1,1,0,0,0,0,0,0.1033,0.058113,0.178608,Normal
2024-02-14 17:30:00,Dorm C,Room 103,22,Medium,2,0.1705132908520365,0.615808649469467,0.4013693672340042,0,1,1,1,1,1,0,1,1,0.9693,0.613553,0.276356,Normal
2024-02-14 18:00:00,Dorm C,Room 105,11,Small,1,0.7097659922460096,0.4503454338188478,0.4732000159958587,1,0,1,1,1,1,0,0,1,0.1457,0.097472,0.199724,Normal
2024-02-14 18:30:00,Dorm A,Room 104,32,Large,3,0.4273881220821188,0.3357389789099536,0.5718744582455425,1,0,1,1,1,1,0,0,0,0.1381,0.084676,0.284227,Normal
2024-02-14 19:00:00,Dorm C,Room 105,11,Small,1,0.6185325854774564,0.171656010503827,0.3774362289965249,1,0,0,0,1,1,1,0,1,0.742,0.482797,0.200523,Normal
2024-02-14 19:30:00,Dorm B,Room 104,25,Medium,3,0.6258474026127036,0.4574536509974511,0.6629219103731377,1,1,1,1,0,0,0,0,1,0.7346,0.52915,0.24407,Normal
2024-02-14 20:00:00,Dorm A,Room 104,32,Large,3,0.4087393651958293,0.66921499642503,0.2965377830353853,1,1,1,1,1,1,0,0,0,0.72,0.462154,0.282166,Normal
2024-02-14 20:30:00,Dorm A,Room 104,32,Large,3,0.6150288680339728,0.3308717119111128,0.6953505941880859,1,0,0,1,1,1,0,1,1,0.315,0.223075,0.287205,Normal
2024-02-14 21:00:00,Dorm A,Room 101,20,Medium,2,0.4746598888727994,0.5989852583157362,0.5827754807353963,1,0,1,0,0,1,0,0,1,0.0642,0.039189,0.158269,Normal
2024-02-14 21:30:00,Dorm B,Room 105,19,Medium,3,0.2484109429877621,0.3564450415063147,0.4518826726519208,1,1,1,1,0,1,0,0,1,0.7742,0.514912,0.307184,Normal
2024-02-14 22:00:00,Dorm A,Room 103,17,Medium,2,0.683107108226932,0.5116697786893669,0.4143391356824868,0,0,1,1,1,1,0,0,1,0.1257,0.078756,0.262768,Normal
2024-02-14 22:30:00,Dorm C,Room 108,20,Medium,1,0.4223812803133031,0.60009948834712,0.4018191239723517,1,0,1,1,0,1,0,0,1,0.1281,0.101056,0.218987,Normal
2024-02-14 23:00:00,Dorm B,Room 104,25,Medium,3,0.4117191351296955,0.399160529548981,0.4463556751917803,0,0,1,1,0,1,0,0,1,0.1113,0.046591,0.249875,Normal
2024-02-14 23:30:00,Dorm B,Room 106,24,Medium,2,0.4723016076929985,0.5211358971351312,0.4568289763778198,1,0,1,0,1,1,0,0,0,0.0786,0.053529,0.206608,Normal
2024-02-15 00:00:00,Dorm A,Room 107,25,Medium,3,0.562928546131434,0.4350785947182808,0.6132357222361866,0,0,0,1,1,1,0,0,0,0.0926,0.055577,0.301357,Normal
2024-02-15 00:30:00,Dorm C,Room 102,22,Medium,2,0.5187080393004407,0.5997110749053074,0.6988252265556599,1,0,1,1,0,1,0,0,0,0.1184,0.073518,0.272044,Normal
2024-02-15 01:00:00,Dorm A,Room 104,32,Large,3,0.59994550229937,0.5306637958912064,0.4865664827283591,1,0,1,1,1,1,0,0,0,0.1418,0.068761,0.279172,Normal
2024-02-15 01:30:00,Dorm A,Room 102,15,Small,3,0.3466317293539184,0.5043856317466677,0.3611974615507626,1,0,1,1,0,1,1,0,1,0.8145,0.560944,0.255594,Normal
2024-02-15 02:00:00,Dorm A,Room 107,25,Medium,3,0.4267641277787456,0.7250990693169732,0.3971765751755481,0,0,1,1,0,1,0,0,0,0.1038,0.048802,0.300918,Normal
2024-02-15 02:30:00,Dorm B,Room 108,20,Medium,3,0.5108268056302272,0.5934148617834267,0.440681705580526,1,0,1,1,1,1,0,0,0,0.1465,0.106554,0.262867,Normal
2024-02-15 03:00:00,Dorm C,Room 106,15,Small,1,0.7810940549502438,0.3946258133247425,0.3390638748503787,0,0,0,1,1,1,0,0,0,0.0919,0.050677,0.170975,Normal
2024-02-15 03:30:00,Dorm B,Room 101,14,Small,4,0.5111199743843858,0.4834624495459849,0.3212101146134599,1,0,0,0,0,1,0,0,1,0.0333,0.019536,0.281389,Normal
2024-02-15 04:00:00,Dorm C,Room 108,20,Medium,1,0.6720328070330795,0.4849269408356838,0.7142380674136007,0,0,1,0,0,0,0,0,1,0.0392,0.033602,0.219542,Normal
2024-02-15 04:30:00,Dorm A,Room 104,32,Large,3,0.5315680208689344,0.5078850710392608,0.4989513553677328,1,0,0,0,0,1,0,0,1,0.0315,0.040048,0.270242,Normal
2024-02-15 05:00:00,Dorm A,Room 103,17,Medium,2,0.4614858992641469,0.8670875763701518,0.3626965215832339,1,0,1,1,0,1,0,0,1,0.1215,0.058496,0.263523,Normal
2024-02-15 05:30:00,Dorm C,Room 107,21,Medium,2,0.4932829374745668,0.5505822221991639,0.5606144273869765,1,0,1,1,0,1,0,0,0,0.1211,0.072312,0.269442,Normal
2024-02-15 06:00:00,Dorm C,Room 103,22,Medium,2,0.5037915841040209,0.1968812670927779,0.321281529667999,0,0,0,0,0,1,0,1,0,0.2169,0.144991,0.287812,Normal
2024-02-15 06:30:00,Dorm C,Room 106,15,Small,1,0.6074042886676367,0.4163104514910433,0.3311590986422056,0,0,0,1,0,1,0,1,0,0.2847,0.177902,0.170915,Normal
2024-02-15 07:00:00,Dorm A,Room 102,15,Small,3,0.7108693814817386,0.2120962926166423,0.3663064884154575,1,0,0,1,0,1,0,0,1,0.0961,0.079997,0.262573,Normal
2024-02-15 07:30:00,Dorm B,Room 101,14,Small,4,0.5746637196250638,0.4476134187781083,0.6611379441095596,0,0,1,1,1,1,1,0,1,0.9371,0.695498,0.279748,Abnormal
2024-02-15 08:00:00,Dorm A,Room 105,18,Medium,1,0.6857020044014814,0.2040224846403992,0.4323091281005379,1,0,1,1,1,0,0,0,0,0.1309,0.072971,0.171934,Normal
2024-02-15 08:30:00,Dorm A,Room 104,32,Large,3,0.3969171577453098,0.3679906626849116,0.1697168978765422,1,1,1,1,1,1,1,1,0,1.7758,0.987442,0.257286,Abnormal
2024-02-15 09:00:00,Dorm B,Room 108,20,Medium,3,0.4707496101172648,0.2725931973633819,0.6078178669848814,1,1,1,1,0,1,0,0,0,0.6872,0.473507,0.263088,Normal
2024-02-15 09:30:00,Dorm A,Room 105,18,Medium,1,0.429191014226722,0.5525380316839994,0.4258906099769968,0,0,1,1,0,1,1,0,1,0.7841,0.461924,0.164578,Normal
2024-02-15 10:00:00,Dorm C,Room 105,11,Small,1,0.5685929248413278,0.4961604282016706,0.2407746452413437,1,0,0,1,1,1,0,0,0,0.1064,0.073506,0.209433,Normal
2024-02-15 10:30:00,Dorm C,Room 104,13,Small,2,0.4782209187882964,0.5406050469191974,0.4246546704703807,1,0,1,1,0,0,1,0,0,0.858,0.554243,0.233673,Normal
2024-02-15 11:00:00,Dorm C,Room 104,13,Small,2,0.6243308071314159,0.4807161028059333,0.5251515148857123,1,1,0,1,0,1,0,1,1,0.9228,0.606686,0.231698,Normal
2024-02-15 11:30:00,Dorm B,Room 104,25,Medium,3,0.4014515773996964,0.2911726628731826,0.5111205272784044,1,0,1,1,0,1,0,1,0,0.3356,0.235611,0.23932,Normal
2024-02-15 12:00:00,Dorm C,Room 103,22,Medium,2,0.5321686826555466,0.5715491845119751,0.6784017430535871,1,0,1,1,0,1,0,1,0,0.3243,0.204065,0.289654,Normal
2024-02-15 12:30:00,Dorm A,Room 106,32,Large,3,0.6185715260926755,0.7785747335745838,0.3603409551383953,1,0,1,1,1,1,0,0,1,0.1459,0.150081,0.369244,Normal
2024-02-15 13:00:00,Dorm C,Room 103,22,Medium,2,0.2492261400116348,0.556219777441886,0.4682519796204024,0,0,1,1,0,1,0,0,0,0.0991,0.057605,0.291885,Normal
2024-02-15 13:30:00,Dorm C,Room 107,21,Medium,2,0.8111209425156956,0.4334865190059501,0.3787200957864043,1,0,1,0,1,0,0,0,0,0.0732,0.038394,0.259134,Normal
2024-02-15 14:00:00,Dorm C,Room 107,21,Medium,2,0.4883943004743567,0.2862098474389012,0.2776310547449653,1,0,1,1,1,1,0,0,0,0.1334,0.120494,0.25882,Normal
2024-02-15 14:30:00,Dorm A,Room 102,15,Small,3,0.2546294953283272,0.3626300108281616,0.5688831738531479,1,0,1,1,1,0,0,0,0,0.1297,0.084754,0.259356,Normal
2024-02-15 15:00:00,Dorm C,Room 106,15,Small,1,0.5476103539095091,0.5626606834734003,0.5182251628469999,0,0,1,1,0,1,0,0,0,0.1022,0.047593,0.173973,Normal
2024-02-15 15:30:00,Dorm A,Room 107,25,Medium,3,0.5308820205495495,0.6537885135776884,0.4966797258234868,0,0,1,0,1,1,0,0,0,0.0607,0.038964,0.290648,Normal
2024-02-15 16:00:00,Dorm B,Room 107,14,Small,3,0.5154034541826278,0.5344185236990415,0.5138487543793447,1,1,1,1,0,1,0,0,0,0.6979,0.502811,0.266046,Normal
2024-02-15 16:30:00,Dorm C,Room 108,20,Medium,1,0.659413641354327,0.6136340341044111,0.3804112353995546,0,0,1,1,0,1,0,0,1,0.106,0.070765,0.21673,Normal
2024-02-15 17:00:00,Dorm B,Room 104,25,Medium,3,0.6267024289624906,0.6000828272696841,0.34199436929323,1,1,0,1,1,1,0,0,1,0.6678,0.448177,0.243201,Normal
2024-02-15 17:30:00,Dorm C,Room 107,21,Medium,2,0.5663694129400326,0.5705223657052836,0.4671635275670698,1,0,1,1,0,1,0,0,0,0.113,0.088308,0.251668,Normal
2024-02-15 18:00:00,Dorm C,Room 103,22,Medium,2,0.5868056141849507,0.399310701220997,0.6019568187375072,1,0,0,1,0,1,0,0,1,0.0881,0.067339,0.291065,Normal
2024-02-15 18:30:00,Dorm C,Room 105,11,Small,1,0.5123887317503563,0.5216412739512355,0.6555670280773566,1,0,1,0,0,1,0,1,0,0.2559,0.167483,0.209586,Normal
2024-02-15 19:00:00,Dorm C,Room 105,11,Small,1,0.7646682111110727,0.3714020379129236,0.5580745718041601,1,1,1,1,0,0,0,0,1,0.6956,0.421162,0.211801,Normal
2024-02-15 19:30:00,Dorm C,Room 108,20,Medium,1,0.3278828214433429,0.4986425527071396,0.466147033477011,0,1,1,1,0,1,0,0,1,0.7699,0.448521,0.20708,Normal
2024-02-15 20:00:00,Dorm B,Room 104,25,Medium,3,0.545135371067379,0.5447054608073496,0.4950128087009072,1,1,1,1,1,1,0,0,0,0.7565,0.494266,0.237386,Normal
2024-02-15 20:30:00,Dorm B,Room 102,14,Small,2,0.5351202748709182,0.7427982436431373,0.4640379035276144,1,0,1,1,1,0,0,1,0,0.3405,0.216887,0.211296,Normal
2024-02-15 21:00:00,Dorm C,Room 104,13,Small,2,0.6355376739927828,0.3036006010550399,0.3395651988094367,1,1,1,1,0,1,0,0,1,0.6918,0.479291,0.231912,Normal
2024-02-15 21:30:00,Dorm B,Room 103,12,Small,1,0.4131469884396943,0.5668443880837373,0.4656039262237205,1,1,1,1,1,1,0,0,0,0.6863,0.391033,0.161518,Normal
2024-02-15 22:00:00,Dorm B,Room 108,20,Medium,3,0.2923895428218498,0.7137663502889955,0.3025086364310015,1,0,1,1,0,1,0,0,1,0.1198,0.061153,0.271493,Normal
2024-02-15 22:30:00,Dorm B,Room 106,24,Medium,2,0.5474397989771251,0.6076027920258349,0.4477615261878931,0,1,1,1,1,1,0,0,1,0.6801,0.418443,0.206269,Normal
2024-02-15 23:00:00,Dorm A,Room 101,20,Medium,2,0.5641355273667932,0.6184923196141776,0.6589295271540874,1,0,1,1,1,1,0,0,1,0.1379,0.102004,0.148782,Normal
2024-02-15 23:30:00,Dorm C,Room 103,22,Medium,2,0.7263010166581831,0.5824498599793704,0.5613649141916213,1,0,1,1,0,1,1,0,0,0.8408,0.590829,0.28319,Normal
2024-02-16 00:00:00,Dorm B,Room 101,14,Small,4,0.3559087519124936,0.6868867291584797,0.3519009500026076,0,0,0,1,0,1,0,0,0,0.0648,0.048926,0.29012,Normal
2024-02-16 00:30:00,Dorm A,Room 104,32,Large,3,0.6813560196084004,0.3362634192872519,0.4539577240055911,0,0,1,1,0,1,0,0,0,0.1098,0.083609,0.264256,Normal
2024-02-16 01:00:00,Dorm B,Room 101,14,Small,4,0.8441055129399232,0.2924028924352952,0.3625473782681689,0,1,0,1,0,1,0,0,1,0.6706,0.498855,0.2895,Normal
2024-02-16 01:30:00,Dorm A,Room 105,18,Medium,1,0.4756970491232971,0.4951502858515126,0.4551472566725777,0,0,0,1,0,1,0,0,0,0.0641,0.036705,0.172889,Normal
2024-02-16 02:00:00,Dorm B,Room 104,25,Medium,3,0.3531468521284725,0.1784729012590645,0.5875480648193202,1,0,0,1,1,1,0,0,1,0.1126,0.085404,0.234361,Normal
2024-02-16 02:30:00,Dorm A,Room 105,18,Medium,1,0.4717770795161147,0.6769390784464548,0.5409879592273671,0,0,0,0,0,1,0,0,0,0.0103,0.0,0.173055,Normal
2024-02-16 03:00:00,Dorm A,Room 103,17,Medium,2,0.5282733354731362,0.675479658372625,0.760668244975561,0,0,1,1,1,1,0,1,0,0.3363,0.228629,0.255277,Normal
2024-02-16 03:30:00,Dorm C,Room 102,22,Medium,2,0.6020552848013313,0.4323951872195415,0.6057077816922046,0,0,0,1,0,1,0,0,1,0.0722,0.042749,0.263241,Normal
2024-02-16 04:00:00,Dorm B,Room 108,20,Medium,3,0.4470275034138716,0.4415920502178534,0.4871207965462345,0,0,1,1,1,1,0,0,1,0.1232,0.082465,0.271589,Normal
2024-02-16 04:30:00,Dorm B,Room 108,20,Medium,3,0.7351045484292641,0.4854488477161608,0.5438842645349405,1,0,0,1,1,1,0,0,0,0.1083,0.067569,0.260741,Normal
2024-02-16 05:00:00,Dorm C,Room 102,22,Medium,2,0.3768214088543149,0.5037262106485692,0.4383600112113437,1,1,1,1,0,1,0,0,0,0.707,0.419098,0.260017,Normal
2024-02-16 05:30:00,Dorm A,Room 104,32,Large,3,0.292989083443168,0.514770869897603,0.3273809987171578,0,0,1,1,1,1,0,0,0,0.1277,0.095382,0.265125,Normal
2024-02-16 06:00:00,Dorm A,Room 104,32,Large,3,0.6749165605227232,0.5781199547526856,0.6193002146815239,1,0,1,1,0,1,1,1,0,1.0852,0.753829,0.266551,Abnormal
2024-02-16 06:30:00,Dorm B,Room 104,25,Medium,3,0.221135217657763,0.4707116838619776,0.5836950871540038,1,0,1,1,0,1,0,1,0,0.3126,0.203142,0.22611,Normal
2024-02-16 07:00:00,Dorm C,Room 108,20,Medium,1,0.4989992241234421,0.634694543070613,0.4337278682516396,0,1,0,1,1,1,0,1,1,0.8757,0.569441,0.215415,Normal
2024-02-16 07:30:00,Dorm C,Room 108,20,Medium,1,0.944792790922572,0.5616184481425548,0.4955108985172421,0,0,0,1,0,1,0,0,0,0.0655,0.044998,0.217441,Normal
2024-02-16 08:00:00,Dorm B,Room 102,14,Small,2,0.5247775727266643,0.4068807252171767,0.6115217124551784,0,0,1,0,1,0,0,0,0,0.0537,0.023657,0.206228,Normal
2024-02-16 08:30:00,Dorm A,Room 102,15,Small,3,0.3759846145207683,0.6922917162050592,0.5641832595025725,0,0,1,1,0,0,0,1,0,0.2752,0.160513,0.252242,Normal
2024-02-16 09:00:00,Dorm A,Room 103,17,Medium,2,0.5186909885422731,0.2964692782427574,0.2871196308907567,0,0,1,1,0,1,0,0,1,0.1077,0.065101,0.259196,Normal
2024-02-16 09:30:00,Dorm C,Room 104,13,Small,2,0.5195762753457835,0.4825363095392578,0.4918739406327261,0,0,1,1,0,0,0,0,0,0.0933,0.066738,0.240777,Normal
2024-02-16 10:00:00,Dorm B,Room 107,14,Small,3,0.5479533797515329,0.6381810790297142,0.4425363434651028,1,0,1,0,0,1,0,1,0,0.2594,0.155633,0.274949,Normal
2024-02-16 10:30:00,Dorm A,Room 107,25,Medium,3,0.6152708381863523,0.3898170413500223,0.5961730100814051,1,0,1,1,0,1,0,0,0,0.1194,0.098535,0.281529,Normal
2024-02-16 11:00:00,Dorm C,Room 107,21,Medium,2,0.3869430753201259,0.5415740158907361,0.5863405635837878,1,0,1,1,0,1,0,0,1,0.1174,0.068799,0.251994,Normal
2024-02-16 11:30:00,Dorm B,Room 101,14,Small,4,0.7528661149003452,0.5759313247741789,0.6208395719019585,1,0,1,1,0,1,0,0,1,0.1265,0.090334,0.288739,Normal
2024-02-16 12:00:00,Dorm C,Room 105,11,Small,1,0.5592886611215704,0.369617030535142,0.3285338935604175,1,0,1,1,0,1,0,0,0,0.1243,0.076936,0.211958,Normal
2024-02-16 12:30:00,Dorm B,Room 101,14,Small,4,0.6239310341398571,0.4854297067590227,0.3685776129798215,1,0,1,1,0,1,0,0,0,0.1147,0.06129,0.277948,Normal
2024-02-16 13:00:00,Dorm B,Room 106,24,Medium,2,0.4420949543008092,0.4730810787466364,0.596302785408889,0,0,1,1,0,1,0,1,1,0.3145,0.194277,0.203606,Normal
2024-02-16 13:30:00,Dorm B,Room 102,14,Small,2,0.6990288583381652,0.4149967776272483,0.3916676078217908,1,1,1,1,0,1,0,0,0,0.7254,0.489623,0.202076,Normal
2024-02-16 14:00:00,Dorm A,Room 105,18,Medium,1,0.4918969015809202,0.8343394294303588,0.2801216088737459,0,0,0,1,1,1,0,0,1,0.0966,0.058111,0.172259,Normal
2024-02-16 14:30:00,Dorm A,Room 106,32,Large,3,0.5636419353759279,0.3839336833004088,0.5265422709559124,0,1,1,1,0,1,0,1,0,0.8549,0.578528,0.370831,Normal
2024-02-16 15:00:00,Dorm B,Room 102,14,Small,2,0.4011691673964639,0.6437675220032295,0.3969975329025448,0,0,1,0,1,1,0,0,1,0.0682,0.038339,0.211464,Normal
2024-02-16 15:30:00,Dorm B,Room 104,25,Medium,3,0.3926036529495352,0.4383544201256187,0.6773671019791062,1,0,0,1,1,0,0,0,1,0.1051,0.078354,0.226279,Normal
2024-02-16 16:00:00,Dorm A,Room 106,32,Large,3,0.618752349215302,0.3363871580655116,0.4981800755245661,0,0,1,1,0,1,0,0,0,0.1005,0.090233,0.381232,Normal
2024-02-16 16:30:00,Dorm A,Room 101,20,Medium,2,0.466860930700226,0.5111909281901001,0.4818732041351838,0,1,0,1,1,1,0,0,0,0.7083,0.454491,0.149717,Normal
2024-02-16 17:00:00,Dorm C,Room 101,21,Medium,1,0.4118091008067566,0.5914730911584618,0.4183490309137112,0,0,0,1,0,0,0,1,0,0.2749,0.154204,0.244096,Normal
2024-02-16 17:30:00,Dorm C,Room 106,15,Small,1,0.4400773696297233,0.6313609016341069,0.6534985396682239,1,1,0,1,1,0,0,0,0,0.6833,0.455296,0.174208,Normal
2024-02-16 18:00:00,Dorm A,Room 108,15,Small,1,0.6201947204879011,0.7256744468626517,0.5056625550808241,1,0,0,1,1,1,0,0,0,0.1141,0.086689,0.211715,Normal
2024-02-16 18:30:00,Dorm C,Room 106,15,Small,1,0.4419757210241402,0.9289198429190528,0.413639557349304,0,0,1,1,1,1,0,0,0,0.1233,0.073509,0.182281,Normal
2024-02-16 19:00:00,Dorm B,Room 102,14,Small,2,0.5106043176486295,0.5328971794677908,0.367381257523571,1,0,1,1,1,1,0,1,1,0.3427,0.213415,0.210704,Normal
2024-02-16 19:30:00,Dorm B,Room 104,25,Medium,3,0.5284105949554029,0.3986319466265396,0.4538324777714895,1,1,0,0,1,0,0,1,1,0.831,0.592658,0.226531,Normal
2024-02-16 20:00:00,Dorm A,Room 108,15,Small,1,0.2690818434024369,0.5626363863126407,0.3453593007518133,1,1,0,1,1,0,0,0,1,0.7337,0.425798,0.213471,Normal
2024-02-16 20:30:00,Dorm C,Room 105,11,Small,1,0.3289657794037178,0.4569580295543807,0.5860807942114016,1,0,1,1,0,0,1,0,1,0.9476,0.571589,0.212873,Normal
2024-02-16 21:00:00,Dorm C,Room 105,11,Small,1,0.5715229964965758,0.6321628067180745,0.245701302429076,1,0,1,1,0,0,0,0,0,0.116,0.082579,0.221041,Normal
2024-02-16 21:30:00,Dorm C,Room 103,22,Medium,2,0.4274830489776651,0.3054475695686225,0.4459095824430542,0,0,1,1,1,1,0,0,0,0.1221,0.081223,0.293449,Normal
2024-02-16 22:00:00,Dorm A,Room 101,20,Medium,2,0.6682084062010837,0.8441358571541022,0.5358443444321527,0,0,0,1,1,1,0,0,0,0.0959,0.04924,0.155361,Normal
2024-02-16 22:30:00,Dorm C,Room 103,22,Medium,2,0.6561412593512245,0.6218875268056965,0.5036908533861661,0,0,1,1,1,1,0,0,0,0.1183,0.072272,0.294346,Normal
2024-02-16 23:00:00,Dorm C,Room 104,13,Small,2,0.6229076931149261,0.2485969098702677,0.3765949946727017,1,0,1,1,1,1,0,0,0,0.145,0.095363,0.232671,Normal
2024-02-16 23:30:00,Dorm A,Room 102,15,Small,3,0.7706108002379789,0.3918810025679506,0.5418578294878877,1,0,1,1,1,1,0,1,0,0.3474,0.227378,0.254293,Normal
2024-02-17 00:00:00,Dorm C,Room 107,21,Medium,2,0.5152430897839619,0.6160138973141176,0.35634939048673,1,0,1,1,0,1,0,0,0,0.128,0.080428,0.252994,Normal
2024-02-17 00:30:00,Dorm B,Room 101,14,Small,4,0.6134750740749002,0.6689587961074768,0.4599615217162716,1,0,0,1,1,1,0,1,1,0.3107,0.24617,0.268848,Normal
2024-02-17 01:00:00,Dorm B,Room 102,14,Small,2,0.4479660788772952,0.3091108375988462,0.5408480309704645,1,0,0,1,1,1,0,0,0,0.1049,0.094528,0.213413,Normal
2024-02-17 01:30:00,Dorm A,Room 101,20,Medium,2,0.855506714964806,0.6008687211040797,0.5181823590098544,0,0,1,1,0,1,0,0,0,0.106,0.068709,0.15496,Normal
2024-02-17 02:00:00,Dorm C,Room 106,15,Small,1,0.7926013853606699,0.2098966000468866,0.3816629769704277,0,0,1,1,0,1,0,0,1,0.1089,0.06895,0.182649,Normal
2024-02-17 02:30:00,Dorm C,Room 102,22,Medium,2,0.5279882189786571,0.4829522033866821,0.6063096818044276,0,0,0,1,0,0,0,1,0,0.2646,0.169142,0.267469,Normal
2024-02-17 03:00:00,Dorm C,Room 102,22,Medium,2,0.5782744749249439,0.6595095621378375,0.473047690143095,1,0,0,1,0,1,0,1,0,0.2895,0.158164,0.261156,Normal
2024-02-17 03:30:00,Dorm C,Room 108,20,Medium,1,0.70881425703837,0.415029421035216,0.5517837014132313,1,0,0,1,1,1,0,0,1,0.1151,0.079818,0.208497,Normal
2024-02-17 04:00:00,Dorm C,Room 108,20,Medium,1,0.5066474298362329,0.2746211570417013,0.646092310094527,1,0,1,1,0,1,0,0,0,0.1233,0.079955,0.201466,Normal
2024-02-17 04:30:00,Dorm C,Room 103,22,Medium,2,0.4382735973489435,0.5175691513799225,0.5967152536844604,1,0,0,1,0,1,0,0,1,0.0914,0.074057,0.283331,Normal
2024-02-17 05:00:00,Dorm C,Room 102,22,Medium,2,0.643684987687099,0.4072105926100746,0.5970282367337231,0,0,0,1,0,1,0,0,1,0.0731,0.064051,0.262516,Normal
2024-02-17 05:30:00,Dorm A,Room 101,20,Medium,2,0.5369205426178525,0.5886021898076401,0.4857626889195093,1,1,0,1,0,1,0,0,0,0.6501,0.433009,0.152011,Normal
2024-02-17 06:00:00,Dorm B,Room 107,14,Small,3,0.5509520569193019,0.3659720011832953,0.5578949073378517,1,0,1,1,0,1,0,0,0,0.1264,0.095727,0.268701,Normal
2024-02-17 06:30:00,Dorm B,Room 102,14,Small,2,0.4144329834288797,0.382533058595482,0.4882720460237491,0,0,0,1,0,1,0,0,0,0.0741,0.031717,0.21433,Normal
2024-02-17 07:00:00,Dorm C,Room 106,15,Small,1,0.295878854976412,0.1990710344599438,0.3175650767630018,1,0,0,1,1,1,0,0,0,0.1113,0.069235,0.170958,Normal
2024-02-17 07:30:00,Dorm C,Room 106,15,Small,1,0.5580846178891125,0.5210565422269888,0.4989669833673091,1,0,0,1,0,1,0,0,1,0.0865,0.032537,0.163086,Normal
2024-02-17 08:00:00,Dorm B,Room 105,19,Medium,3,0.6478415300887923,0.4724342840066609,0.4934024660998527,1,0,0,1,1,1,0,1,1,0.3085,0.208044,0.316922,Normal
2024-02-17 08:30:00,Dorm C,Room 107,21,Medium,2,0.496090130674487,0.3214340185705259,0.532676650640124,1,0,0,1,0,1,0,0,1,0.0947,0.085612,0.252891,Normal
2024-02-17 09:00:00,Dorm B,Room 107,14,Small,3,0.7191655126854759,0.5245621692753546,0.4472912762787416,0,0,1,1,1,0,0,1,0,0.3028,0.219766,0.268757,Normal
2024-02-17 09:30:00,Dorm C,Room 106,15,Small,1,0.4319268836093538,0.6470212571029548,0.3712956367521429,0,0,0,1,0,1,0,0,0,0.073,0.048812,0.162084,Normal
2024-02-17 10:00:00,Dorm A,Room 102,15,Small,3,0.3848504255384239,0.4644009106706809,0.541407629532482,0,1,1,1,0,0,0,0,0,0.6846,0.457124,0.257664,Normal
2024-02-17 10:30:00,Dorm C,Room 102,22,Medium,2,0.5173714015851232,0.5354914587099795,0.3050945202840376,1,0,1,0,0,0,0,0,1,0.0527,0.033721,0.262608,Normal
2024-02-17 11:00:00,Dorm B,Room 106,24,Medium,2,0.5153097549336024,0.5362474742353294,0.6376606369348171,1,0,1,1,0,1,0,0,0,0.1193,0.079797,0.205707,Normal
2024-02-17 11:30:00,Dorm B,Room 103,12,Small,1,0.6297251619160703,0.3190906897644965,0.4348839116942573,1,0,1,1,0,0,0,0,0,0.1062,0.06785,0.169193,Normal
2024-02-17 12:00:00,Dorm B,Room 107,14,Small,3,0.4223923035225172,0.7983207055382835,0.4921028602919206,1,0,1,1,0,1,0,1,0,0.3358,0.235473,0.268591,Normal
2024-02-17 12:30:00,Dorm A,Room 108,15,Small,1,0.709994783114367,0.4268842264624004,0.5296568761456453,1,0,1,1,0,1,0,0,0,0.115,0.103428,0.213494,Normal
2024-02-17 13:00:00,Dorm A,Room 101,20,Medium,2,0.7903579726389285,0.592505177017669,0.5335114796324986,0,1,0,1,1,1,0,0,1,0.7297,0.514135,0.150945,Normal
2024-02-17 13:30:00,Dorm B,Room 102,14,Small,2,0.5211406357242789,0.6091264201056676,0.2936120085187501,1,0,1,1,0,0,0,1,1,0.3252,0.204897,0.213584,Normal
2024-02-17 14:00:00,Dorm A,Room 101,20,Medium,2,0.6941074416954044,0.4755660120982379,0.5615121595533308,1,0,0,1,0,0,1,1,0,1.0074,0.661991,0.150118,Abnormal
2024-02-17 14:30:00,Dorm C,Room 103,22,Medium,2,0.3846098529853207,0.5852568483614313,0.499016175120599,1,0,1,1,1,1,0,0,0,0.1464,0.085441,0.276982,Normal
2024-02-17 15:00:00,Dorm C,Room 106,15,Small,1,0.6706906903739475,0.5322071964962158,0.3864350745947783,1,0,1,1,0,1,0,0,0,0.1294,0.072241,0.161977,Normal
2024-02-17 15:30:00,Dorm A,Room 103,17,Medium,2,0.6669403985215016,0.2877422796306513,0.372709908599354,0,0,1,1,0,0,0,0,1,0.0952,0.036984,0.256045,Normal
2024-02-17 16:00:00,Dorm C,Room 102,22,Medium,2,0.6422688253141072,0.4472497700171224,0.4225708508649739,1,1,1,1,0,1,0,0,0,0.6763,0.449143,0.261398,Normal
2024-02-17 16:30:00,Dorm B,Room 104,25,Medium,3,0.5243052440736803,0.4060595825852093,0.306837747577246,1,0,1,1,1,1,0,0,0,0.1465,0.093708,0.238187,Normal
2024-02-17 17:00:00,Dorm A,Room 106,32,Large,3,0.1299278132007061,0.4282222825607366,0.6692663633610183,1,1,1,1,1,1,0,0,0,0.7099,0.457181,0.381068,Normal
2024-02-17 17:30:00,Dorm A,Room 103,17,Medium,2,0.4402727943204814,0.3044425152743459,0.6409396630069466,0,0,1,1,0,1,0,0,0,0.1064,0.060886,0.247084,Normal
2024-02-17 18:00:00,Dorm B,Room 103,12,Small,1,0.4423946785747135,0.6616238830545669,0.5168371928064552,1,0,1,1,1,1,0,0,1,0.1415,0.087569,0.169909,Normal
2024-02-17 18:30:00,Dorm B,Room 103,12,Small,1,0.3951101013197992,0.7315128780192963,0.4358460235953081,1,1,1,1,1,1,0,1,0,0.8905,0.532298,0.170379,Normal
2024-02-17 19:00:00,Dorm B,Room 105,19,Medium,3,0.5427990933011221,0.6398102350149744,0.4390000702500284,1,0,1,1,1,1,0,0,0,0.1389,0.08535,0.305968,Normal
2024-02-17 19:30:00,Dorm A,Room 105,18,Medium,1,0.4701681214748694,0.6828004174213858,0.5535916755374769,1,1,1,1,1,0,1,0,1,1.4684,0.933546,0.163668,Abnormal
2024-02-17 20:00:00,Dorm A,Room 103,17,Medium,2,0.4157292849879204,0.4454330083605687,0.6735324159010738,0,0,1,1,1,1,0,0,1,0.1266,0.062753,0.238512,Normal
2024-02-17 20:30:00,Dorm A,Room 104,32,Large,3,0.384300775431096,0.4025757161820667,0.3942168464739712,1,0,1,1,1,1,0,0,1,0.1435,0.142722,0.271136,Normal
2024-02-17 21:00:00,Dorm B,Room 104,25,Medium,3,0.4303705889815024,0.3816586128210792,0.3285708796550551,1,0,1,1,0,1,0,0,1,0.1309,0.067715,0.238925,Normal
2024-02-17 21:30:00,Dorm B,Room 107,14,Small,3,0.6769012449489138,0.5907340994424044,0.6483165146202036,1,1,1,1,1,1,0,1,1,0.8987,0.613482,0.271633,Normal
2024-02-17 22:00:00,Dorm A,Room 106,32,Large,3,0.4376829766489063,0.5294507562876263,0.2482450693606535,1,0,0,1,1,1,0,1,1,0.3183,0.195516,0.379989,Normal
2024-02-17 22:30:00,Dorm C,Room 108,20,Medium,1,0.4572880523802757,0.4847325211803131,0.3416541695829265,1,1,0,1,0,1,0,0,1,0.6346,0.383939,0.20131,Normal
2024-02-17 23:00:00,Dorm C,Room 102,22,Medium,2,0.4651041215878729,0.6864185168784156,0.4330316045530394,0,0,1,1,1,1,0,0,1,0.1275,0.031463,0.266946,Normal
2024-02-17 23:30:00,Dorm B,Room 101,14,Small,4,0.5718874386628101,0.555592070581272,0.2754427442574438,1,0,1,1,1,1,0,1,0,0.3488,0.26508,0.272395,Normal
2024-02-18 00:00:00,Dorm A,Room 107,25,Medium,3,0.5876234214753004,0.3728305310055893,0.5960708397902673,1,0,1,1,1,1,0,0,1,0.1422,0.08544,0.270325,Normal
2024-02-18 00:30:00,Dorm A,Room 108,15,Small,1,0.1177949354375704,0.3960135789877052,0.5654493977637508,1,0,0,0,0,1,0,0,0,0.0268,0.0204,0.213573,Normal
2024-02-18 01:00:00,Dorm A,Room 102,15,Small,3,0.6634992996729462,0.5963081216906734,0.3936894025368688,0,0,1,1,0,1,0,0,0,0.1016,0.096514,0.256661,Normal
2024-02-18 01:30:00,Dorm C,Room 108,20,Medium,1,0.7191572612350559,0.6491760920603722,0.6161615204250355,1,0,1,1,1,1,0,0,1,0.1438,0.083732,0.20801,Normal
2024-02-18 02:00:00,Dorm A,Room 102,15,Small,3,0.3854567389816326,0.5771570794999499,0.6365177236544027,1,0,0,0,0,1,1,0,0,0.8274,0.559266,0.248826,Normal
2024-02-18 02:30:00,Dorm C,Room 101,21,Medium,1,0.3959095012993409,0.7748513371160759,0.4490699816735146,0,0,1,1,0,1,0,0,1,0.1069,0.051331,0.245412,Normal
2024-02-18 03:00:00,Dorm A,Room 102,15,Small,3,0.4659689495798761,0.7363647498222667,0.4085806090086951,0,0,1,1,0,1,0,0,0,0.1008,0.080618,0.256279,Normal
2024-02-18 03:30:00,Dorm A,Room 102,15,Small,3,0.4249366124514375,0.5608965802907342,0.7337300718801689,0,1,0,1,0,1,0,0,0,0.6265,0.426588,0.253419,Normal
2024-02-18 04:00:00,Dorm C,Room 107,21,Medium,2,0.5564452689012287,0.3728418438363605,0.5491643390799671,1,0,1,1,0,1,0,0,1,0.1277,0.06465,0.253551,Normal
2024-02-18 04:30:00,Dorm A,Room 101,20,Medium,2,0.2651663129954347,0.3035630468254096,0.4933981075195894,1,1,1,0,0,1,0,0,0,0.66,0.43456,0.162199,Normal
2024-02-18 05:00:00,Dorm A,Room 108,15,Small,1,0.3763657538408229,0.4391508460447355,0.6262307705549944,0,0,1,1,0,1,0,0,1,0.0999,0.059022,0.212407,Normal
2024-02-18 05:30:00,Dorm C,Room 105,11,Small,1,0.732957137886046,0.6067747623319248,0.4988694293579362,0,0,0,1,0,1,0,1,0,0.2859,0.17986,0.221243,Normal
2024-02-18 06:00:00,Dorm C,Room 107,21,Medium,2,0.4018248929629612,0.7645284954461691,0.4019880021077778,1,0,0,1,1,1,0,0,0,0.1052,0.077633,0.253639,Normal
2024-02-18 06:30:00,Dorm B,Room 103,12,Small,1,0.6932643658516767,0.5574299278447394,0.4722637128548539,0,0,0,1,1,0,0,1,0,0.2859,0.196864,0.180173,Normal
2024-02-18 07:00:00,Dorm A,Room 103,17,Medium,2,0.574080927158327,0.6678387617753425,0.5872537164176274,1,1,0,1,0,1,0,0,0,0.6779,0.428888,0.237596,Normal
2024-02-18 07:30:00,Dorm B,Room 106,24,Medium,2,0.2835865495372435,0.460030334093682,0.2236457084267709,0,0,1,1,0,1,0,0,0,0.103,0.078739,0.206207,Normal
2024-02-18 08:00:00,Dorm B,Room 107,14,Small,3,0.6116562709164787,0.5876044307898218,0.4280921232284773,0,0,1,1,0,1,0,0,1,0.1063,0.073965,0.280514,Normal
2024-02-18 08:30:00,Dorm C,Room 101,21,Medium,1,0.5106026574909878,0.6170831597884932,0.6285715475396474,1,0,1,1,1,0,0,0,0,0.1251,0.073728,0.244315,Normal
2024-02-18 09:00:00,Dorm C,Room 108,20,Medium,1,0.4652692649995927,0.205156435069045,0.401238455533391,0,0,1,1,0,1,0,0,1,0.1064,0.055709,0.208152,Normal
2024-02-18 09:30:00,Dorm B,Room 101,14,Small,4,0.5592675657527666,0.4353214541318826,0.6481326959418084,0,0,1,0,0,1,0,0,0,0.0409,0.032662,0.257084,Normal
2024-02-18 10:00:00,Dorm C,Room 108,20,Medium,1,0.5900905900960205,0.6356508353428412,0.6323729481070766,1,0,1,1,1,1,0,0,1,0.1462,0.070271,0.207609,Normal
2024-02-18 10:30:00,Dorm A,Room 105,18,Medium,1,0.6213540577915594,0.5364175216779927,0.4547855072953891,1,0,0,1,0,1,0,0,0,0.085,0.040899,0.181755,Normal
2024-02-18 11:00:00,Dorm A,Room 103,17,Medium,2,0.6845176946695407,0.3202391637151483,0.3944396817825533,1,0,0,1,1,1,0,1,0,0.3136,0.183482,0.236019,Normal
2024-02-18 11:30:00,Dorm B,Room 106,24,Medium,2,0.5811664848214038,0.1389460169769733,0.4281727264973333,1,0,0,1,1,0,0,0,0,0.0945,0.074546,0.188125,Normal
2024-02-18 12:00:00,Dorm A,Room 108,15,Small,1,0.3417810364184671,0.4423253677284718,0.7823191701007154,1,0,1,1,0,1,0,1,0,0.3006,0.18415,0.205333,Normal
2024-02-18 12:30:00,Dorm A,Room 101,20,Medium,2,0.4628296877183752,0.4855608006037418,0.6875205525249175,1,1,1,1,0,0,0,1,0,0.9519,0.617988,0.169658,Normal
2024-02-18 13:00:00,Dorm B,Room 103,12,Small,1,0.9213567259330409,0.3661782594740294,0.4776900736791889,0,0,0,1,0,0,0,0,0,0.0543,0.028573,0.175998,Normal
2024-02-18 13:30:00,Dorm B,Room 103,12,Small,1,0.623621968878866,0.5171091816329487,0.3896871847726472,1,0,1,1,1,0,0,0,1,0.1284,0.077778,0.17503,Normal
2024-02-18 14:00:00,Dorm A,Room 105,18,Medium,1,0.8443568647462463,0.5705006676555877,0.476688336924896,0,0,1,1,0,1,0,0,0,0.1022,0.06331,0.181267,Normal
2024-02-18 14:30:00,Dorm B,Room 101,14,Small,4,0.7136638442269788,0.594646552751813,0.4918987629145629,1,1,1,1,0,1,0,0,1,0.6834,0.50522,0.256228,Normal
2024-02-18 15:00:00,Dorm B,Room 108,20,Medium,3,0.558844155636179,0.1498510892740812,0.3134820061772462,1,1,0,1,1,1,1,0,0,1.4205,0.950527,0.260427,Abnormal
2024-02-18 15:30:00,Dorm C,Room 104,13,Small,2,0.5668432638254185,0.3029314658630213,0.4722494975292138,0,0,0,1,0,1,0,0,0,0.0725,0.048894,0.223796,Normal
2024-02-18 16:00:00,Dorm B,Room 105,19,Medium,3,0.5214847278432511,0.4513132714124356,0.6212950352866857,1,0,1,1,0,1,0,0,0,0.1249,0.09197,0.306549,Normal
2024-02-18 16:30:00,Dorm B,Room 101,14,Small,4,0.2931770381773444,0.5801687526821957,0.2467792721224368,1,0,1,1,0,1,0,0,1,0.1327,0.098976,0.265085,Normal
2024-02-18 17:00:00,Dorm A,Room 103,17,Medium,2,0.5288158180968106,0.5679798711306216,0.5618117692591827,1,0,0,1,1,0,0,1,0,0.3242,0.24126,0.238311,Normal
2024-02-18 17:30:00,Dorm B,Room 107,14,Small,3,0.6888687513535386,0.5654280168770671,0.6275806689387387,1,0,1,1,0,1,0,1,0,0.3424,0.242873,0.269795,Normal
2024-02-18 18:00:00,Dorm B,Room 105,19,Medium,3,0.4459209726091926,0.4397333736539319,0.3953972726289572,1,1,1,1,1,1,0,0,0,0.7001,0.485378,0.296372,Normal
2024-02-18 18:30:00,Dorm C,Room 105,11,Small,1,0.5816787453206586,0.4479315645715589,0.665896227314474,1,0,1,0,0,1,0,1,1,0.2777,0.18785,0.224494,Normal
2024-02-18 19:00:00,Dorm B,Room 103,12,Small,1,0.6406790373333082,0.3890445861277458,0.3798276791225329,1,0,0,1,1,1,0,1,0,0.2972,0.176138,0.175207,Normal
2024-02-18 19:30:00,Dorm B,Room 103,12,Small,1,0.4043129341499271,0.60897635019793,0.5155634131170099,1,0,0,1,1,1,1,1,1,1.0568,0.656219,0.169991,Abnormal
2024-02-18 20:00:00,Dorm A,Room 103,17,Medium,2,0.4658281077572338,0.3608044783121835,0.4258436634952216,1,1,1,1,1,0,0,0,0,0.7469,0.453527,0.234112,Normal
2024-02-18 20:30:00,Dorm A,Room 106,32,Large,3,0.3897881138583806,0.6210040366457268,0.4258168296419926,1,1,1,1,1,1,0,0,1,0.755,0.493139,0.373826,Normal
2024-02-18 21:00:00,Dorm A,Room 104,32,Large,3,0.4160575971003097,0.5266276473996228,0.3885900025417733,1,0,1,1,1,1,0,0,1,0.147,0.109157,0.262801,Normal
2024-02-18 21:30:00,Dorm A,Room 103,17,Medium,2,0.3535946754922966,0.4894613451095064,0.5464546695045057,1,1,1,1,1,1,0,0,0,0.7557,0.463534,0.239385,Normal
2024-02-18 22:00:00,Dorm A,Room 102,15,Small,3,0.405551883776586,0.3995698235937379,0.5644776681673616,1,1,0,1,0,1,0,0,1,0.7328,0.507892,0.261175,Normal
2024-02-18 22:30:00,Dorm C,Room 104,13,Small,2,0.7168875900837035,0.2968682978793022,0.4549183033219434,1,1,1,1,0,1,0,0,0,0.7449,0.513653,0.220922,Normal
2024-02-18 23:00:00,Dorm B,Room 101,14,Small,4,0.4035350203819225,0.4009009511227532,0.2994924384827443,1,0,1,1,0,1,0,0,1,0.1314,0.098714,0.262646,Normal
2024-02-18 23:30:00,Dorm C,Room 108,20,Medium,1,0.5433649175951855,0.4475827608460695,0.5110150741968897,1,0,1,1,1,1,0,0,0,0.137,0.08967,0.198713,Normal
2024-02-19 00:00:00,Dorm B,Room 104,25,Medium,3,0.4589078638199092,0.1479250981327408,0.5132758005065604,1,0,0,1,1,1,0,0,1,0.1124,0.072591,0.231819,Normal
2024-02-19 00:30:00,Dorm A,Room 107,25,Medium,3,0.6845999724867994,0.4670774946928938,0.4366478276099884,0,0,0,1,0,1,0,1,1,0.2837,0.200736,0.258219,Normal
2024-02-19 01:00:00,Dorm A,Room 106,32,Large,3,0.7023544045767912,0.6319263801929487,0.6866575935382931,1,0,1,0,1,1,0,0,0,0.083,0.073515,0.36367,Normal
2024-02-19 01:30:00,Dorm A,Room 107,25,Medium,3,0.6423537351621539,0.57944052383466,0.2750233556128274,1,0,1,1,0,1,0,0,1,0.1297,0.107399,0.251315,Normal
2024-02-19 02:00:00,Dorm B,Room 108,20,Medium,3,0.5674777014007645,0.4231578564932978,0.1966408214452229,1,1,0,0,0,1,0,0,1,0.6833,0.470539,0.277687,Normal
2024-02-19 02:30:00,Dorm B,Room 106,24,Medium,2,0.4953851962079624,0.5029790051504974,0.3749691782973113,1,0,0,1,1,1,0,0,0,0.0998,0.044821,0.187611,Normal
2024-02-19 03:00:00,Dorm B,Room 107,14,Small,3,0.3664419078542247,0.4143462192659131,0.547876193190792,1,0,1,0,1,1,0,0,0,0.078,0.047873,0.261694,Normal
2024-02-19 03:30:00,Dorm B,Room 107,14,Small,3,0.7872192460402222,0.5179433068443235,0.3359779583643865,1,0,1,0,1,1,0,0,1,0.0837,0.063208,0.249935,Normal
2024-02-19 04:00:00,Dorm B,Room 101,14,Small,4,0.424444225651853,0.7224181722139154,0.3449605127378759,0,1,0,1,0,1,0,0,0,0.6833,0.492626,0.263389,Normal
2024-02-19 04:30:00,Dorm A,Room 101,20,Medium,2,0.6154564884776963,0.6384134846394571,0.5767404447380374,0,1,0,1,1,1,0,1,1,0.945,0.629646,0.178628,Abnormal
2024-02-19 05:00:00,Dorm B,Room 106,24,Medium,2,0.6685896285496787,0.5726180283031881,0.5181385873747274,0,0,1,1,0,1,0,0,0,0.099,0.085285,0.186428,Normal
2024-02-19 05:30:00,Dorm A,Room 105,18,Medium,1,0.4518741046218431,0.4236459112282827,0.5078827625643313,0,1,1,1,1,1,0,0,0,0.7259,0.435515,0.181016,Normal
2024-02-19 06:00:00,Dorm B,Room 102,14,Small,2,0.6656971674079154,0.6062934545962473,0.556394545981102,1,1,1,1,1,1,0,0,0,0.7755,0.504837,0.217082,Normal
2024-02-19 06:30:00,Dorm A,Room 107,25,Medium,3,0.6289527587200319,0.248174698395935,0.4116368561237833,0,1,1,1,0,1,0,0,0,0.7094,0.506006,0.245004,Normal
2024-02-19 07:00:00,Dorm C,Room 105,11,Small,1,0.7582899922186497,0.4589948419054544,0.4171805071690225,0,0,1,1,0,1,1,1,0,1.0966,0.688522,0.227051,Abnormal
2024-02-19 07:30:00,Dorm C,Room 105,11,Small,1,0.4634066208101132,0.5818644403092996,0.5597957205441716,0,0,1,1,1,1,1,0,0,0.8006,0.476823,0.229026,Normal
2024-02-19 08:00:00,Dorm B,Room 103,12,Small,1,0.3538283568700565,0.6048947929056485,0.3013017487848156,0,0,1,0,1,1,0,0,0,0.0626,0.038902,0.182482,Normal
2024-02-19 08:30:00,Dorm B,Room 106,24,Medium,2,0.4585561202182806,0.5945285893834709,0.2055862026970913,1,0,1,1,0,1,0,1,0,0.3254,0.221369,0.18705,Normal
2024-02-19 09:00:00,Dorm C,Room 104,13,Small,2,0.5544223981298354,0.5394100097021362,0.4106661573546206,1,0,1,1,0,1,0,0,0,0.1219,0.083148,0.220493,Normal
2024-02-19 09:30:00,Dorm A,Room 103,17,Medium,2,0.5342061039201134,0.4673170683202834,0.5743232958191988,1,0,1,1,0,1,0,0,0,0.1168,0.036924,0.23741,Normal
2024-02-19 10:00:00,Dorm A,Room 104,32,Large,3,0.4735937004714826,0.5751430764991348,0.4933063364570962,1,1,1,1,0,1,0,1,0,0.8573,0.578583,0.263214,Normal
2024-02-19 10:30:00,Dorm B,Room 103,12,Small,1,0.270175780969343,0.3560469939373814,0.5654957339752333,1,0,1,1,0,1,0,0,1,0.1256,0.064065,0.18223,Normal
2024-02-19 11:00:00,Dorm A,Room 108,15,Small,1,0.5895335862366325,0.3719458759989943,0.2207533971100647,1,0,0,0,0,1,0,1,0,0.2255,0.159075,0.200023,Normal
2024-02-19 11:30:00,Dorm C,Room 106,15,Small,1,0.791086356055865,0.5051538013457197,0.5004969548938512,1,0,0,0,1,1,0,0,1,0.0504,0.009382,0.15421,Normal
2024-02-19 12:00:00,Dorm C,Room 102,22,Medium,2,0.58869727203507,0.5215345989011726,0.5410907209676438,0,0,0,1,1,1,0,1,0,0.2843,0.19539,0.263359,Normal
2024-02-19 12:30:00,Dorm A,Room 102,15,Small,3,0.6081410279714651,0.2277854795430812,0.3005926526908847,1,1,1,1,0,1,0,1,0,0.9359,0.646076,0.268268,Normal
2024-02-19 13:00:00,Dorm B,Room 101,14,Small,4,0.6032171291173632,0.5629702914687176,0.5660675184554572,1,0,1,1,0,1,0,0,0,0.1126,0.085181,0.271612,Normal
2024-02-19 13:30:00,Dorm C,Room 104,13,Small,2,0.5796782865779256,0.6096427116878618,0.4492681413272643,1,1,1,1,1,0,0,0,1,0.7606,0.511017,0.220476,Normal
2024-02-19 14:00:00,Dorm C,Room 105,11,Small,1,0.6514252494831879,0.484723185304765,0.831113385427181,1,0,1,1,0,1,0,0,0,0.1221,0.073995,0.234889,Normal
2024-02-19 14:30:00,Dorm A,Room 102,15,Small,3,0.5794537681988805,0.8450369887985993,0.2014453125439072,0,0,1,1,0,1,0,1,1,0.3014,0.208634,0.268332,Normal
2024-02-19 15:00:00,Dorm B,Room 103,12,Small,1,0.484431949090207,0.3957157936569749,0.626898810629032,1,0,1,1,0,0,0,0,0,0.1118,0.095055,0.180429,Normal
2024-02-19 15:30:00,Dorm C,Room 102,22,Medium,2,0.4195705613653826,0.4430151449499968,0.4153600889519148,1,1,1,1,0,1,0,0,0,0.7388,0.489064,0.258639,Normal
2024-02-19 16:00:00,Dorm A,Room 107,25,Medium,3,0.4929810862208633,0.4380214209755675,0.2686382908150339,1,0,1,1,0,1,0,0,0,0.1225,0.097173,0.250906,Normal
2024-02-19 16:30:00,Dorm B,Room 106,24,Medium,2,0.5685506385488366,0.4848844944173247,0.3994285082441987,1,0,1,1,0,0,1,0,0,0.8997,0.602868,0.190515,Normal
2024-02-19 17:00:00,Dorm C,Room 108,20,Medium,1,0.4839748851652473,0.4477711740464814,0.4959360105787914,1,0,0,1,0,1,1,1,0,1.1135,0.715108,0.18742,Abnormal
2024-02-19 17:30:00,Dorm A,Room 107,25,Medium,3,0.5685787118135125,0.2893337601521661,0.5871112386402167,0,1,1,1,1,1,0,0,0,0.7489,0.522689,0.251719,Normal
2024-02-19 18:00:00,Dorm C,Room 103,22,Medium,2,0.5853286543700467,0.415759444030979,0.6692300002964588,1,0,1,1,0,1,0,0,1,0.1284,0.086211,0.266226,Normal
2024-02-19 18:30:00,Dorm B,Room 105,19,Medium,3,0.6382081623783048,0.4817346498570846,0.6332306415882442,1,0,1,1,0,1,0,0,1,0.1274,0.097837,0.296019,Normal
2024-02-19 19:00:00,Dorm A,Room 106,32,Large,3,0.6985474533045007,0.6766343205227066,0.3468307032980325,1,0,1,1,0,1,1,1,1,1.0526,0.727041,0.354989,Abnormal
2024-02-19 19:30:00,Dorm C,Room 106,15,Small,1,0.5368625905025461,0.8197267861842548,0.5982321638643676,1,0,0,1,0,0,0,1,1,0.2934,0.194987,0.152829,Normal
2024-02-19 20:00:00,Dorm C,Room 108,20,Medium,1,0.350887649776419,0.6923448032209782,0.5095892128632624,0,0,1,0,1,1,0,0,1,0.0662,0.055505,0.201354,Normal
2024-02-19 20:30:00,Dorm C,Room 101,21,Medium,1,0.4800801915804762,0.3821300687770688,0.3841146702806396,0,0,1,1,0,1,1,0,1,0.8776,0.535917,0.244084,Normal
2024-02-19 21:00:00,Dorm A,Room 108,15,Small,1,0.5323071246141325,0.3938237333983695,0.4372242106951299,1,0,1,1,1,0,0,0,0,0.126,0.076326,0.192972,Normal
2024-02-19 21:30:00,Dorm B,Room 108,20,Medium,3,0.2800300575465033,0.4726659488140112,0.3774876045521329,1,0,1,1,0,0,1,1,1,1.0958,0.727341,0.277514,Abnormal
2024-02-19 22:00:00,Dorm B,Room 108,20,Medium,3,0.7127553556569338,0.7583431394433793,0.4670969409286776,1,0,0,1,0,1,0,1,1,0.2977,0.19893,0.284569,Normal
2024-02-19 22:30:00,Dorm B,Room 103,12,Small,1,0.5455012376174535,0.4717701469169691,0.3751103843570632,1,1,0,1,1,1,0,1,1,0.9497,0.575151,0.174281,Abnormal
2024-02-19 23:00:00,Dorm B,Room 107,14,Small,3,0.5775721429620654,0.3009882792981245,0.3393191735605271,1,1,1,1,1,1,0,1,1,0.9108,0.622286,0.249148,Normal
2024-02-19 23:30:00,Dorm C,Room 104,13,Small,2,0.7096501827460783,0.4224272710240416,0.5201266247259316,0,0,1,1,0,1,0,0,1,0.111,0.075285,0.221143,Normal
2024-02-20 00:00:00,Dorm B,Room 102,14,Small,2,0.4418274320156701,0.6073394711699807,0.538075415555781,0,0,1,1,1,0,0,0,1,0.108,0.079546,0.225183,Normal
2024-02-20 00:30:00,Dorm C,Room 108,20,Medium,1,0.6034313993014848,0.5974760237868746,0.440141097658799,1,1,1,1,0,1,0,0,1,0.7195,0.459436,0.20055,Normal
2024-02-20 01:00:00,Dorm B,Room 103,12,Small,1,0.5116498594979781,0.4666569618778881,0.6267232877649728,0,0,1,1,1,1,0,0,1,0.1291,0.079294,0.184425,Normal
2024-02-20 01:30:00,Dorm A,Room 101,20,Medium,2,0.5016890210390067,0.5965170094095176,0.4314032967370681,0,0,0,1,0,1,0,0,1,0.0737,0.056514,0.18885,Normal
2024-02-20 02:00:00,Dorm C,Room 101,21,Medium,1,0.4227641015265735,0.1620116960961954,0.4263233178561589,1,0,0,1,1,1,0,0,1,0.1121,0.060723,0.24457,Normal
2024-02-20 02:30:00,Dorm B,Room 102,14,Small,2,0.7499210739309189,0.5113400932179786,0.5418854555158146,0,0,0,1,0,1,0,0,1,0.0766,0.028883,0.216589,Normal
2024-02-20 03:00:00,Dorm C,Room 106,15,Small,1,0.4760009961126321,0.6225690366441397,0.4467599786715376,0,0,1,1,0,1,0,0,1,0.1163,0.06865,0.147151,Normal
2024-02-20 03:30:00,Dorm B,Room 107,14,Small,3,0.620263321203889,0.373682080897682,0.472820127110592,0,0,1,0,0,1,0,1,0,0.2439,0.172345,0.244721,Normal
2024-02-20 04:00:00,Dorm A,Room 101,20,Medium,2,0.2747641559229787,0.3731713502540648,0.160271529812738,1,1,1,1,0,1,0,0,0,0.7005,0.431592,0.188805,Normal
2024-02-20 04:30:00,Dorm C,Room 104,13,Small,2,0.6847506266324237,0.2217845923744487,0.4646513700513691,1,0,0,1,0,1,0,0,0,0.0823,0.032858,0.210195,Normal
2024-02-20 05:00:00,Dorm C,Room 102,22,Medium,2,0.6676026513441707,0.7297350724008558,0.2434394135355516,1,0,0,1,1,0,0,1,0,0.3003,0.186465,0.25952,Normal
2024-02-20 05:30:00,Dorm B,Room 104,25,Medium,3,0.5394696908169728,0.390246041623597,0.3161703002532601,1,0,0,1,0,1,0,0,1,0.0946,0.046621,0.231475,Normal
2024-02-20 06:00:00,Dorm C,Room 102,22,Medium,2,0.495937715207314,0.5315053152016085,0.3024491650650573,1,0,0,1,0,1,0,1,1,0.2879,0.166257,0.250889,Normal
2024-02-20 06:30:00,Dorm B,Room 106,24,Medium,2,0.5800746300513945,0.5848338947301279,0.3375689304964343,0,1,0,1,0,1,0,1,0,0.8342,0.548227,0.201234,Normal
2024-02-20 07:00:00,Dorm C,Room 105,11,Small,1,0.8335540570816042,0.7182973819209197,0.3968013326390162,1,0,1,1,0,1,0,0,0,0.1216,0.096519,0.226206,Normal
2024-02-20 07:30:00,Dorm B,Room 102,14,Small,2,0.289764002527526,0.4734640694461784,0.4042827730426628,1,1,1,1,0,1,0,0,0,0.7127,0.449541,0.205389,Normal
2024-02-20 08:00:00,Dorm C,Room 103,22,Medium,2,0.6313434573400066,0.4168055919273439,0.5423396862483818,0,1,1,1,0,1,0,1,0,0.8628,0.587802,0.258261,Normal
2024-02-20 08:30:00,Dorm C,Room 104,13,Small,2,0.4040530033408074,0.5215154947293312,0.4893267256710708,0,0,1,1,0,0,0,0,0,0.0925,0.020154,0.200147,Normal
2024-02-20 09:00:00,Dorm C,Room 107,21,Medium,2,0.5237207532362886,0.6847919044005981,0.2345762560053264,1,1,1,1,1,1,0,0,0,0.6876,0.450642,0.251358,Normal
2024-02-20 09:30:00,Dorm B,Room 105,19,Medium,3,0.4931278409335414,0.4710723018891637,0.472639802142921,0,0,1,1,0,0,0,0,0,0.0939,0.072262,0.284155,Normal
2024-02-20 10:00:00,Dorm B,Room 104,25,Medium,3,0.4689126872375093,0.3557518886286433,0.5008278830488464,1,1,1,1,1,0,0,1,0,0.9837,0.654377,0.221546,Normal
2024-02-20 10:30:00,Dorm C,Room 104,13,Small,2,0.5249894003246528,0.2696486298905362,0.4232290708168619,1,1,1,0,0,1,0,0,1,0.6168,0.388377,0.199317,Normal
2024-02-20 11:00:00,Dorm A,Room 104,32,Large,3,0.3741858391417936,0.3165971070745237,0.4553425417981107,1,1,1,1,1,1,0,1,1,0.8813,0.583285,0.273502,Normal
2024-02-20 11:30:00,Dorm C,Room 102,22,Medium,2,0.6645118833704446,0.623113688229751,0.4854783849252789,1,0,0,1,0,1,0,0,0,0.0904,0.073443,0.253247,Normal
2024-02-20 12:00:00,Dorm C,Room 106,15,Small,1,0.2856162474282242,0.4489616140591236,0.5543755425095009,1,0,1,1,0,1,0,0,0,0.1202,0.054443,0.139897,Normal
2024-02-20 12:30:00,Dorm C,Room 108,20,Medium,1,0.5988313022687071,0.4067987993002259,0.2737096041085906,1,0,1,1,0,1,0,1,0,0.3187,0.187384,0.208329,Normal
2024-02-20 13:00:00,Dorm A,Room 104,32,Large,3,0.4825720865446418,0.3908613344812783,0.4333364292416768,0,1,1,1,0,1,0,1,0,0.9295,0.610695,0.273019,Normal
2024-02-20 13:30:00,Dorm A,Room 101,20,Medium,2,0.3692534136808068,0.5085796547432497,0.6436011566775423,1,0,1,1,0,0,0,1,0,0.2903,0.194018,0.196724,Normal
2024-02-20 14:00:00,Dorm B,Room 103,12,Small,1,0.553554088309232,0.4608904121869722,0.6326029880850381,0,0,1,1,1,0,0,0,0,0.1187,0.063403,0.181636,Normal
2024-02-20 14:30:00,Dorm A,Room 103,17,Medium,2,0.3174479380862232,0.4559411724876959,0.5647333793280728,1,1,1,1,0,0,0,0,1,0.6704,0.422467,0.236967,Normal
2024-02-20 15:00:00,Dorm C,Room 104,13,Small,2,0.5317235143755081,0.6943802284796907,0.5270495250911997,1,1,1,1,0,1,0,1,0,0.8931,0.589238,0.206686,Normal
2024-02-20 15:30:00,Dorm B,Room 108,20,Medium,3,0.3354409570325349,0.7221107954653192,0.6611525164958673,1,1,1,1,0,1,0,0,0,0.7579,0.495924,0.285495,Normal
2024-02-20 16:00:00,Dorm C,Room 106,15,Small,1,0.5882974637252056,0.259469488046351,0.6927300498843942,1,1,1,1,1,0,0,0,1,0.7337,0.437009,0.130584,Normal
2024-02-20 16:30:00,Dorm B,Room 106,24,Medium,2,0.4023432660176168,0.5442247781806262,0.4471613478899073,1,0,1,1,0,1,0,0,1,0.1207,0.084845,0.202071,Normal
2024-02-20 17:00:00,Dorm B,Room 106,24,Medium,2,0.4658695556752783,0.3819121143027846,0.3463447765719987,1,1,1,1,0,1,0,1,0,0.8675,0.568909,0.203762,Normal
2024-02-20 17:30:00,Dorm C,Room 106,15,Small,1,0.5658424282304374,0.4595977332880716,0.4302201908705687,1,0,1,1,0,0,0,1,0,0.3163,0.221333,0.135586,Normal
2024-02-20 18:00:00,Dorm A,Room 107,25,Medium,3,0.4227171678717043,0.5415332690224703,0.8341556666501728,1,0,1,1,0,0,0,1,1,0.2982,0.205183,0.247827,Normal
2024-02-20 18:30:00,Dorm A,Room 108,15,Small,1,0.5186149583108461,0.4648194617545362,0.2743722723975254,1,0,1,1,0,1,0,0,1,0.13,0.081662,0.185367,Normal
2024-02-20 19:00:00,Dorm A,Room 101,20,Medium,2,0.3232348056067404,0.5299499601506716,0.4061967018263661,1,0,1,1,1,0,0,0,1,0.1267,0.08436,0.199041,Normal
2024-02-20 19:30:00,Dorm B,Room 105,19,Medium,3,0.6110585901470779,0.5949820717175565,0.2931672996811387,1,1,1,1,1,1,1,0,1,1.4759,0.997284,0.273879,Abnormal
2024-02-20 20:00:00,Dorm A,Room 104,32,Large,3,0.763248751010211,0.5393726977676467,0.4776148398035621,1,0,1,0,1,1,0,1,0,0.278,0.195437,0.284671,Normal
2024-02-20 20:30:00,Dorm C,Room 103,22,Medium,2,0.9011137722457164,0.4010209384048323,0.3183608863784968,1,1,1,1,0,1,0,1,1,0.9274,0.626469,0.260318,Normal
2024-02-20 21:00:00,Dorm B,Room 102,14,Small,2,0.5386287861531792,0.4036128590764196,0.449600201442909,1,1,1,1,1,1,0,0,1,0.8012,0.526667,0.206027,Normal
2024-02-20 21:30:00,Dorm C,Room 102,22,Medium,2,0.6321723897913201,0.2844994883621675,0.2286952687929564,1,1,0,1,0,1,0,1,0,0.8913,0.593273,0.252899,Normal
2024-02-20 22:00:00,Dorm C,Room 104,13,Small,2,0.2874303679582911,0.370587503101033,0.536742569649925,1,0,0,1,1,1,0,0,1,0.1141,0.069378,0.209657,Normal
2024-02-20 22:30:00,Dorm B,Room 108,20,Medium,3,0.7280637483775274,0.7844302501671596,0.6092910099080925,1,0,1,1,1,1,0,0,1,0.1396,0.083796,0.284093,Normal
2024-02-20 23:00:00,Dorm C,Room 104,13,Small,2,0.6305652358371948,0.3796868958936929,0.4165855132208773,1,0,0,1,0,1,0,0,0,0.0883,0.036095,0.201912,Normal
2024-02-20 23:30:00,Dorm B,Room 104,25,Medium,3,0.4614490195544168,0.3207000705430708,0.4464355307984092,0,1,1,1,1,1,0,0,1,0.6685,0.443982,0.222937,Normal
2024-02-21 00:00:00,Dorm C,Room 101,21,Medium,1,0.6924259420209363,0.543098335232906,0.4430431295296712,0,0,0,1,1,0,0,0,1,0.0875,0.045961,0.242955,Normal
2024-02-21 00:30:00,Dorm A,Room 105,18,Medium,1,0.4922426504334428,0.4798617594115411,0.4843507386231742,0,1,1,1,0,1,0,0,1,0.6781,0.412661,0.181516,Normal
2024-02-21 01:00:00,Dorm A,Room 103,17,Medium,2,0.4649259593480066,0.4673364293955183,0.4580678132389384,1,0,1,1,0,0,0,0,0,0.1042,0.060376,0.237196,Normal
2024-02-21 01:30:00,Dorm A,Room 106,32,Large,3,0.5901847247072282,0.7031570864519345,0.554797517418172,1,0,0,1,1,1,0,0,0,0.1134,0.103791,0.368171,Normal
2024-02-21 02:00:00,Dorm A,Room 101,20,Medium,2,0.383689572476228,0.5767818042249622,0.6105739478049168,1,0,1,1,0,1,0,0,1,0.1226,0.072412,0.191413,Normal
2024-02-21 02:30:00,Dorm B,Room 105,19,Medium,3,0.6634978973391679,0.418192450113621,0.3649833674379354,1,0,0,1,1,1,0,1,0,0.3209,0.20311,0.281958,Normal
2024-02-21 03:00:00,Dorm C,Room 108,20,Medium,1,0.3846779281019952,0.4336994198722296,0.4255370447556003,0,0,0,1,0,1,0,0,1,0.0724,0.044287,0.20319,Normal
2024-02-21 03:30:00,Dorm C,Room 101,21,Medium,1,0.385474419760852,0.4222201464577599,0.5708137304665933,0,0,1,1,0,1,0,0,1,0.1005,0.055395,0.231611,Normal
2024-02-21 04:00:00,Dorm A,Room 101,20,Medium,2,0.4043116794828442,0.6246344671294302,0.2920902270278617,0,1,0,0,0,1,0,0,0,0.568,0.391517,0.192489,Normal
2024-02-21 04:30:00,Dorm B,Room 107,14,Small,3,0.6283202425812456,0.4507952338641525,0.2262207655423328,0,0,0,1,0,0,0,1,0,0.2502,0.177585,0.246567,Normal
2024-02-21 05:00:00,Dorm A,Room 101,20,Medium,2,0.4436213726399858,0.2325561057212097,0.4897979820818249,1,1,0,1,0,1,0,0,1,0.6409,0.426038,0.199286,Normal
2024-02-21 05:30:00,Dorm C,Room 104,13,Small,2,0.3454901513215553,0.4889800157986804,0.5221933713908071,1,0,0,1,0,1,0,0,0,0.0892,0.057081,0.200567,Normal
2024-02-21 06:00:00,Dorm C,Room 101,21,Medium,1,0.4451103920234417,0.2701970629720413,0.375993082457831,0,0,1,1,0,1,0,0,0,0.0981,0.063039,0.23111,Normal
2024-02-21 06:30:00,Dorm B,Room 104,25,Medium,3,0.5220936919890331,0.8170796116370622,0.3932265813968957,1,0,1,1,0,1,0,1,0,0.3272,0.215099,0.230636,Normal
2024-02-21 07:00:00,Dorm B,Room 101,14,Small,4,0.3679050073273192,0.3541648728592645,0.3714471862870891,1,0,1,1,1,0,0,0,0,0.1385,0.095862,0.271014,Normal
2024-02-21 07:30:00,Dorm C,Room 107,21,Medium,2,0.3718359675094055,0.4722932260962765,0.3586425032848203,0,0,0,0,0,1,0,0,0,0.0102,0.0,0.251242,Normal
2024-02-21 08:00:00,Dorm A,Room 106,32,Large,3,0.8097339687472872,0.5340270997736705,0.5458452657627558,0,0,1,1,0,1,1,0,0,0.8135,0.570308,0.357479,Normal
2024-02-21 08:30:00,Dorm A,Room 107,25,Medium,3,0.4109042686750297,0.4536594411716908,0.3210233120892241,0,0,1,1,1,1,0,0,0,0.1316,0.093074,0.249927,Normal
2024-02-21 09:00:00,Dorm B,Room 104,25,Medium,3,0.483040918947932,0.4534577742029644,0.4307923796197576,1,0,1,1,1,1,0,0,0,0.1435,0.103096,0.230768,Normal
2024-02-21 09:30:00,Dorm B,Room 105,19,Medium,3,0.4771099122624661,0.5580736575028933,0.3540343676684766,0,0,1,1,0,1,0,0,0,0.0968,0.068872,0.271953,Normal
2024-02-21 10:00:00,Dorm A,Room 106,32,Large,3,0.4698469275458794,0.7203765988103366,0.2880568647976883,1,0,1,1,1,1,0,0,0,0.141,0.086276,0.360013,Normal
2024-02-21 10:30:00,Dorm C,Room 107,21,Medium,2,0.609779797875579,0.6088756745659549,0.5670417399872191,1,0,1,1,1,1,0,0,0,0.1494,0.131674,0.241074,Normal
2024-02-21 11:00:00,Dorm A,Room 103,17,Medium,2,0.65363649314403,0.7133662154928777,0.4002838805632407,1,0,1,1,0,1,1,1,0,1.0742,0.710559,0.237186,Normal
2024-02-21 11:30:00,Dorm C,Room 102,22,Medium,2,0.4853341537905569,0.3422681400748117,0.4852540367704722,0,0,1,1,0,0,0,0,0,0.0871,0.060044,0.263466,Normal
2024-02-21 12:00:00,Dorm A,Room 108,15,Small,1,0.3604560192227878,0.5427213446357513,0.2817240521445308,0,1,1,1,1,1,0,0,0,0.7046,0.445883,0.18269,Normal
2024-02-21 12:30:00,Dorm A,Room 106,32,Large,3,0.6974262306040149,0.5188964009225883,0.373636971722272,1,1,1,1,0,1,0,0,0,0.6666,0.451646,0.352518,Normal
2024-02-21 13:00:00,Dorm C,Room 104,13,Small,2,0.5135988789913878,0.5476781688080599,0.5533543970215274,1,0,1,0,1,0,0,0,0,0.0689,0.042109,0.201196,Normal
2024-02-21 13:30:00,Dorm A,Room 101,20,Medium,2,0.7586064377096877,0.6983346827434016,0.7730403732435835,1,0,0,1,0,1,0,0,0,0.085,0.084679,0.206696,Normal
2024-02-21 14:00:00,Dorm C,Room 103,22,Medium,2,0.2250317897943062,0.4636335928119187,0.2255615598330579,1,1,0,1,0,1,0,0,0,0.7042,0.446262,0.271959,Normal
2024-02-21 14:30:00,Dorm B,Room 108,20,Medium,3,0.5526173385195648,0.4364876600215739,0.4385202158024703,0,0,1,1,0,1,0,1,0,0.2985,0.216323,0.274494,Normal
2024-02-21 15:00:00,Dorm B,Room 108,20,Medium,3,0.7838745911000724,0.5745559387921961,0.5121080471063474,1,0,0,1,0,1,0,0,1,0.0886,0.057022,0.276935,Normal
2024-02-21 15:30:00,Dorm B,Room 106,24,Medium,2,0.478985098321775,0.2347532984300107,0.3887338358250154,1,0,0,1,0,1,0,0,1,0.0962,0.056088,0.214294,Normal
2024-02-21 16:00:00,Dorm A,Room 107,25,Medium,3,0.4961321796062645,0.4612729602992877,0.5645636297458174,1,1,1,1,0,1,0,1,0,0.9506,0.629682,0.241557,Normal
2024-02-21 16:30:00,Dorm A,Room 108,15,Small,1,0.5660520924577721,0.476359229248221,0.3586656056323594,1,1,0,1,0,1,0,0,0,0.6287,0.422113,0.183054,Normal
2024-02-21 17:00:00,Dorm B,Room 108,20,Medium,3,0.4514023414866656,0.3608236085395366,0.4811040052249997,0,1,1,1,0,0,0,0,0,0.7248,0.48262,0.268853,Normal
2024-02-21 17:30:00,Dorm B,Room 108,20,Medium,3,0.4845131731685743,0.651428451848109,0.4000143474555354,1,0,1,1,0,1,0,0,1,0.1196,0.060882,0.27469,Normal
2024-02-21 18:00:00,Dorm B,Room 108,20,Medium,3,0.481058390093139,0.3399724191290611,0.608941398289784,0,0,1,1,1,0,0,0,1,0.1224,0.100632,0.274217,Normal
2024-02-21 18:30:00,Dorm C,Room 102,22,Medium,2,0.4421927426235358,0.4761130154714061,0.3815039585499827,1,1,0,0,0,1,0,1,1,0.8165,0.515536,0.256418,Normal
2024-02-21 19:00:00,Dorm B,Room 102,14,Small,2,0.6913088112595188,0.5391640744460824,0.420432910652072,1,1,0,1,1,1,0,0,1,0.6779,0.462189,0.206131,Normal
2024-02-21 19:30:00,Dorm C,Room 101,21,Medium,1,0.5882714215616337,0.6949868329307596,0.5761007321187569,1,1,0,1,1,1,0,0,0,0.7125,0.455838,0.230895,Normal
2024-02-21 20:00:00,Dorm B,Room 103,12,Small,1,0.5600286437700184,0.49452976988671,0.3393138246202564,1,0,0,0,1,1,0,0,1,0.053,0.048583,0.182266,Normal
2024-02-21 20:30:00,Dorm C,Room 104,13,Small,2,0.6349056633456133,0.6336599747508742,0.4708948976606691,1,0,1,1,1,0,0,0,0,0.1312,0.06581,0.200434,Normal
2024-02-21 21:00:00,Dorm A,Room 105,18,Medium,1,0.4909167676393022,0.5990419194001473,0.2439986620976458,1,1,1,1,0,1,0,0,1,0.7177,0.448594,0.186435,Normal
2024-02-21 21:30:00,Dorm B,Room 105,19,Medium,3,0.4224941635842566,0.5142247065179049,0.3321282820644495,1,1,1,1,0,1,0,0,0,0.7037,0.456887,0.263522,Normal
2024-02-21 22:00:00,Dorm B,Room 106,24,Medium,2,0.4455204723555563,0.3359643167406608,0.5084910513111698,1,1,1,1,0,1,0,0,1,0.7153,0.461491,0.213889,Normal
2024-02-21 22:30:00,Dorm A,Room 102,15,Small,3,0.526633128889803,0.2852525846311536,0.3437936195490247,1,1,1,1,0,1,0,0,0,0.7448,0.521042,0.263188,Normal
2024-02-21 23:00:00,Dorm B,Room 105,19,Medium,3,0.384245543251498,0.5117333874328847,0.3973149129362078,0,1,0,1,1,1,0,0,1,0.6665,0.420048,0.259407,Normal
2024-02-21 23:30:00,Dorm B,Room 108,20,Medium,3,0.4592578272741043,0.4163254559690689,0.5218022700974516,0,0,1,1,0,1,0,0,0,0.1086,0.066808,0.274846,Normal
2024-02-22 00:00:00,Dorm B,Room 105,19,Medium,3,0.457129971123832,0.6311774222753628,0.3931623873328105,1,0,1,1,1,1,0,1,1,0.3403,0.215748,0.263191,Normal
2024-02-22 00:30:00,Dorm C,Room 108,20,Medium,1,0.8115134728774056,0.6056935749433565,0.5613628567685327,0,1,0,1,0,1,0,0,1,0.6423,0.416596,0.203006,Normal
2024-02-22 01:00:00,Dorm C,Room 108,20,Medium,1,0.154142411648034,0.4689503994495519,0.4885199283272803,1,0,0,1,1,1,0,0,1,0.114,0.050288,0.199397,Normal
2024-02-22 01:30:00,Dorm A,Room 105,18,Medium,1,0.5022885207805998,0.3259415935247342,0.5149156324057119,1,0,1,0,0,1,0,0,0,0.0599,0.04727,0.185876,Normal
2024-02-22 02:00:00,Dorm C,Room 107,21,Medium,2,0.7579853480339637,0.5711397754570486,0.6115248810091701,1,1,0,1,0,1,0,0,0,0.6665,0.444317,0.229286,Normal
2024-02-22 02:30:00,Dorm B,Room 102,14,Small,2,0.5427456083923194,0.3464814850478515,0.501015972981446,0,0,0,1,1,0,0,0,0,0.0853,0.05487,0.2136,Normal
2024-02-22 03:00:00,Dorm A,Room 108,15,Small,1,0.6275039504964752,0.3846159432203143,0.6472615658148918,0,0,0,1,1,1,0,1,1,0.2885,0.184904,0.188653,Normal
2024-02-22 03:30:00,Dorm B,Room 108,20,Medium,3,0.5397907294143297,0.352144467917798,0.5719705753916059,1,0,1,1,0,1,0,0,1,0.1239,0.042798,0.274899,Normal
2024-02-22 04:00:00,Dorm C,Room 101,21,Medium,1,0.4368363867926738,0.475726803758395,0.3998487266732854,0,0,0,1,0,1,0,0,0,0.076,0.030529,0.232061,Normal
2024-02-22 04:30:00,Dorm B,Room 103,12,Small,1,0.2255243060666238,0.6680547279874205,0.6177851808498984,1,0,1,1,0,1,0,0,0,0.1227,0.094802,0.174303,Normal
2024-02-22 05:00:00,Dorm C,Room 106,15,Small,1,0.5539663992279084,0.4953403471671876,0.4943028408293094,0,0,0,1,1,0,0,1,0,0.2831,0.1578,0.139413,Normal
2024-02-22 05:30:00,Dorm C,Room 106,15,Small,1,0.4223059069059555,0.4309449480458634,0.4152975114624067,0,0,1,1,0,1,1,0,0,0.8827,0.523744,0.14221,Normal
2024-02-22 06:00:00,Dorm C,Room 103,22,Medium,2,0.4189872530181715,0.2718740544570848,0.496044757310113,0,0,1,1,1,1,0,0,1,0.1279,0.076649,0.272023,Normal
2024-02-22 06:30:00,Dorm A,Room 108,15,Small,1,0.4594287684570665,0.5772223823369618,0.5960921657389991,0,0,1,1,1,1,0,1,0,0.3171,0.206559,0.182187,Normal
2024-02-22 07:00:00,Dorm C,Room 102,22,Medium,2,0.7605576795690778,0.3813915010713981,0.517238477610739,0,0,0,1,1,1,0,0,1,0.097,0.044431,0.265496,Normal
2024-02-22 07:30:00,Dorm C,Room 108,20,Medium,1,0.8491277771851113,0.5133517627147299,0.6812783514943915,1,0,0,1,0,1,1,1,0,1.0124,0.652145,0.198958,Abnormal
2024-02-22 08:00:00,Dorm C,Room 108,20,Medium,1,0.5555435743969753,0.4440245590127721,0.5929974033875013,0,0,1,1,0,1,0,1,0,0.3103,0.211559,0.211273,Normal
2024-02-22 08:30:00,Dorm B,Room 101,14,Small,4,0.464021164177158,0.6192611909180838,0.5254101853017221,0,0,1,1,0,1,0,0,0,0.1003,0.075685,0.267446,Normal
2024-02-22 09:00:00,Dorm A,Room 104,32,Large,3,0.3684077367932264,0.4729734201469832,0.3395502334628318,0,0,0,1,0,1,0,0,0,0.0717,0.032985,0.287812,Normal
2024-02-22 09:30:00,Dorm C,Room 104,13,Small,2,0.5892728540080239,0.4874212396896376,0.4410845952555133,1,0,1,1,1,1,0,0,1,0.1409,0.108084,0.199972,Normal
2024-02-22 10:00:00,Dorm B,Room 104,25,Medium,3,0.7656632852795497,0.5674674350317033,0.4712444984186379,0,0,1,1,1,1,0,0,1,0.1248,0.082989,0.229103,Normal
2024-02-22 10:30:00,Dorm C,Room 107,21,Medium,2,0.4932002740384444,0.8057208728803011,0.5462214514526931,1,0,1,1,0,1,0,1,1,0.3045,0.204269,0.236581,Normal
2024-02-22 11:00:00,Dorm B,Room 102,14,Small,2,0.2071278857480674,0.6266489178271344,0.5391074513937234,1,0,1,1,1,1,0,0,0,0.1372,0.073657,0.213362,Normal
2024-02-22 11:30:00,Dorm B,Room 103,12,Small,1,0.6163158272786781,0.4830594500969682,0.4829866548678336,1,0,1,1,1,1,0,0,1,0.1526,0.110663,0.175276,Normal
2024-02-22 12:00:00,Dorm A,Room 104,32,Large,3,0.658636423866565,0.496551144941826,0.4770853012151124,1,0,1,0,0,1,0,0,0,0.0576,0.035078,0.284091,Normal
2024-02-22 12:30:00,Dorm B,Room 107,14,Small,3,0.3135702320574912,0.4189468742802032,0.5490797694169153,1,0,0,1,1,0,0,1,0,0.285,0.192047,0.248902,Normal
2024-02-22 13:00:00,Dorm C,Room 106,15,Small,1,0.5500783663986462,0.3564680890149301,0.3596429296721296,1,0,0,1,0,1,0,0,0,0.0912,0.029348,0.151703,Normal
2024-02-22 13:30:00,Dorm B,Room 104,25,Medium,3,0.5869492615835276,0.4148479148474042,0.6660569936220657,1,1,1,1,0,1,0,0,0,0.6857,0.494231,0.226126,Normal
2024-02-22 14:00:00,Dorm B,Room 104,25,Medium,3,0.5165826973030175,0.3826047650674445,0.2170496331552379,0,0,1,1,0,1,0,1,0,0.2982,0.222782,0.235164,Normal
2024-02-22 14:30:00,Dorm B,Room 108,20,Medium,3,0.4202708260272307,0.5921013527435905,0.6372515828626801,1,1,0,0,0,1,0,0,0,0.6013,0.386472,0.273909,Normal
2024-02-22 15:00:00,Dorm A,Room 107,25,Medium,3,0.6627346181539391,0.3386564437832529,0.4572261150228804,1,1,0,1,0,0,0,0,0,0.7167,0.521261,0.251873,Normal
2024-02-22 15:30:00,Dorm C,Room 103,22,Medium,2,0.4722594846561607,0.6920121792313896,0.5829258838967253,1,0,1,0,0,1,0,0,0,0.0596,0.018426,0.269014,Normal
2024-02-22 16:00:00,Dorm B,Room 105,19,Medium,3,0.3270789322714823,0.6066032486887754,0.5062967102047126,0,0,1,1,1,0,0,0,0,0.1171,0.058715,0.263179,Normal
2024-02-22 16:30:00,Dorm A,Room 105,18,Medium,1,0.2513503276284171,0.4990941334428082,0.5041605324438648,0,0,0,1,0,1,0,0,1,0.0737,0.040845,0.184915,Normal
2024-02-22 17:00:00,Dorm A,Room 102,15,Small,3,0.6956023308356398,0.4961279862144688,0.5291405666112269,1,1,0,1,1,1,0,0,0,0.7352,0.516184,0.273249,Normal
2024-02-22 17:30:00,Dorm A,Room 104,32,Large,3,0.6091513617886695,0.414182101123072,0.5597087447191837,1,1,1,1,1,1,0,0,0,0.7255,0.514015,0.263989,Normal
2024-02-22 18:00:00,Dorm B,Room 107,14,Small,3,0.5382000646016191,0.5357732522969574,0.4231973616673259,1,1,0,1,0,1,0,0,0,0.6753,0.460157,0.247881,Normal
2024-02-22 18:30:00,Dorm A,Room 105,18,Medium,1,0.4673081176134106,0.6559891836260665,0.5867912156093185,1,0,1,1,0,0,0,0,0,0.1149,0.054763,0.184651,Normal
2024-02-22 19:00:00,Dorm A,Room 103,17,Medium,2,0.4554012118986281,0.3927440268979437,0.3325437162725992,1,1,1,1,1,1,0,1,1,1.0058,0.664658,0.239036,Normal
2024-02-22 19:30:00,Dorm C,Room 101,21,Medium,1,0.3820278637386072,0.270731109231859,0.4620074896687838,1,0,1,1,1,1,0,0,1,0.1463,0.08632,0.231259,Normal
2024-02-22 20:00:00,Dorm C,Room 101,21,Medium,1,0.4684916437530876,0.5994273792571252,0.5629377970498098,1,1,1,0,1,1,1,1,0,1.6613,1.0,0.232257,Abnormal
2024-02-22 20:30:00,Dorm C,Room 104,13,Small,2,0.2418739602225106,0.5437505681958683,0.5820186472191451,1,0,0,1,0,1,0,0,1,0.0854,0.067744,0.191076,Normal
2024-02-22 21:00:00,Dorm A,Room 107,25,Medium,3,0.4276126488514165,0.3314547362915854,0.5179275522758934,1,1,1,1,1,1,0,0,1,0.7456,0.493369,0.258602,Normal
2024-02-22 21:30:00,Dorm C,Room 105,11,Small,1,0.4846654139906388,0.3883006504608288,0.415451944543435,0,0,1,1,1,1,0,0,1,0.1211,0.070954,0.216816,Normal
2024-02-22 22:00:00,Dorm B,Room 108,20,Medium,3,0.6082409451142274,0.3698256566069122,0.5702244803468196,1,0,1,1,1,0,0,0,0,0.1305,0.099845,0.279939,Normal
2024-02-22 22:30:00,Dorm B,Room 101,14,Small,4,0.5210356312172525,0.3896025999719677,0.382343536002127,1,1,1,1,0,1,0,0,1,0.7774,0.568592,0.248328,Normal
2024-02-22 23:00:00,Dorm A,Room 105,18,Medium,1,0.6330740892154401,0.4485121640747808,0.6727624732612901,1,0,1,1,1,0,0,0,1,0.1392,0.078515,0.177254,Normal
2024-02-22 23:30:00,Dorm A,Room 106,32,Large,3,0.7074504302887756,0.4569088923089762,0.4524890793868393,0,0,1,1,1,1,0,0,1,0.1226,0.08531,0.345566,Normal
2024-02-23 00:00:00,Dorm C,Room 104,13,Small,2,0.6684023525455901,0.4004393590144363,0.2779390401603514,0,1,0,1,0,0,1,0,1,1.3208,0.85641,0.190837,Abnormal
2024-02-23 00:30:00,Dorm A,Room 103,17,Medium,2,0.5895371897272081,0.3846600469591015,0.3193215485712897,1,0,1,1,0,1,0,0,0,0.1152,0.069656,0.252058,Normal
2024-02-23 01:00:00,Dorm C,Room 104,13,Small,2,0.527985836177451,0.4624586047344942,0.4678828957857608,1,0,1,1,0,1,0,1,1,0.3116,0.225268,0.196269,Normal
2024-02-23 01:30:00,Dorm B,Room 107,14,Small,3,0.3947701582880312,0.5207254114101905,0.4794217477854957,1,0,1,1,0,1,0,0,1,0.1219,0.054246,0.256082,Normal
2024-02-23 02:00:00,Dorm B,Room 101,14,Small,4,0.6256957907145733,0.449597655880077,0.6989455060143818,0,0,0,1,0,1,0,1,0,0.2459,0.205104,0.259332,Normal
2024-02-23 02:30:00,Dorm C,Room 102,22,Medium,2,0.7518192492136448,0.6663609476388976,0.3380588634005861,0,0,0,0,0,1,0,0,0,0.0097,0.034185,0.264336,Normal
2024-02-23 03:00:00,Dorm B,Room 107,14,Small,3,0.5723051457626378,0.570750644846139,0.4673812512710953,1,0,0,0,0,1,1,0,0,0.7776,0.516034,0.256457,Normal
2024-02-23 03:30:00,Dorm A,Room 103,17,Medium,2,0.7836937961585903,0.2622876003867351,0.3355488554920406,0,1,0,1,0,1,0,0,0,0.6196,0.402237,0.243371,Normal
2024-02-23 04:00:00,Dorm C,Room 104,13,Small,2,0.321659112520732,0.5730491348082969,0.4035434931495053,1,1,1,1,0,1,0,0,0,0.7714,0.488378,0.197119,Normal
2024-02-23 04:30:00,Dorm C,Room 106,15,Small,1,0.3715028412140857,0.5850729929142773,0.6646720922774719,1,0,1,1,0,1,0,0,0,0.1247,0.069625,0.150872,Normal
2024-02-23 05:00:00,Dorm C,Room 107,21,Medium,2,0.6411635684272039,0.4321917313947132,0.3263214319368925,1,0,0,1,0,1,0,0,1,0.0909,0.076081,0.227615,Normal
2024-02-23 05:30:00,Dorm B,Room 102,14,Small,2,0.5618621081396902,0.2763442417345556,0.5330741167323186,1,0,0,1,0,1,0,0,0,0.0823,0.065576,0.213096,Normal
2024-02-23 06:00:00,Dorm A,Room 105,18,Medium,1,0.7027059976299298,0.4972666679417372,0.5097838514285262,0,0,1,1,0,1,0,0,0,0.1001,0.062507,0.175158,Normal
2024-02-23 06:30:00,Dorm A,Room 101,20,Medium,2,0.5243175165947066,0.4949482852457075,0.4597471640261895,0,0,0,1,0,1,0,1,0,0.2699,0.156035,0.206845,Normal
2024-02-23 07:00:00,Dorm C,Room 102,22,Medium,2,0.4099098295651244,0.3312420186328421,0.5249634900506,0,1,0,1,0,1,0,0,0,0.7035,0.446802,0.253293,Normal
2024-02-23 07:30:00,Dorm C,Room 107,21,Medium,2,0.4977292073583206,0.2828073820682859,0.3234800578579673,0,0,1,1,0,1,0,1,1,0.3112,0.240146,0.227434,Normal
2024-02-23 08:00:00,Dorm B,Room 107,14,Small,3,0.3207046328327444,0.4832141361881255,0.6613549959614824,1,1,1,1,0,1,0,0,1,0.7692,0.513388,0.256303,Normal
2024-02-23 08:30:00,Dorm A,Room 106,32,Large,3,0.3749347495025006,0.461827720068993,0.693569534912121,1,0,1,1,0,1,0,1,0,0.3336,0.244596,0.333115,Normal
2024-02-23 09:00:00,Dorm A,Room 107,25,Medium,3,0.6568977415866036,0.4347590955740637,0.4682981171477502,0,0,1,1,0,1,0,1,0,0.3115,0.22224,0.26749,Normal
2024-02-23 09:30:00,Dorm B,Room 107,14,Small,3,0.6435236317550821,0.4838229712314122,0.7533455593402919,0,0,1,1,0,1,1,0,1,0.8092,0.587394,0.265589,Normal
2024-02-23 10:00:00,Dorm C,Room 104,13,Small,2,0.5751097314340156,0.3340151675216831,0.4147758578154126,1,1,0,0,1,0,0,0,0,0.5923,0.387633,0.205706,Normal
2024-02-23 10:30:00,Dorm C,Room 102,22,Medium,2,0.2954218472649838,0.432179144889739,0.5106865772793843,1,0,0,1,1,0,0,1,1,0.3158,0.217541,0.251417,Normal
2024-02-23 11:00:00,Dorm B,Room 104,25,Medium,3,0.4782953753385708,0.5744595661257701,0.6344298526184117,1,0,1,1,1,1,0,0,0,0.1409,0.110369,0.238648,Normal
2024-02-23 11:30:00,Dorm C,Room 106,15,Small,1,0.3619964428388146,0.444648931424036,0.4075805102649332,0,1,1,1,1,0,0,0,0,0.7302,0.444146,0.142423,Normal
2024-02-23 12:00:00,Dorm C,Room 101,21,Medium,1,0.6842869217991572,0.2503650874632183,0.2969033976507,0,0,1,1,0,1,0,0,0,0.1042,0.067704,0.244024,Normal
2024-02-23 12:30:00,Dorm A,Room 106,32,Large,3,0.4480571809497654,0.4266134570563902,0.2692902823181846,1,1,1,1,1,1,0,0,1,0.7358,0.474814,0.327027,Normal
2024-02-23 13:00:00,Dorm B,Room 103,12,Small,1,0.3806843594498627,0.3388087541586627,0.709883100765294,1,1,0,1,0,0,0,0,0,0.701,0.420605,0.176085,Normal
2024-02-23 13:30:00,Dorm C,Room 104,13,Small,2,0.5303925453213216,0.5353399920425093,0.3991802307432575,1,0,1,1,0,0,1,0,0,0.9199,0.637128,0.212593,Abnormal
2024-02-23 14:00:00,Dorm A,Room 107,25,Medium,3,0.4404838519897316,0.542938079500008,0.4403642691174571,1,1,1,1,0,1,0,0,1,0.7319,0.520673,0.267892,Normal
2024-02-23 14:30:00,Dorm A,Room 104,32,Large,3,0.7255151971237674,0.2523046667005547,0.3291493677702978,1,0,1,1,0,1,0,0,1,0.125,0.086714,0.270726,Normal
2024-02-23 15:00:00,Dorm A,Room 105,18,Medium,1,0.4277807711658485,0.6076270708114067,0.5764186800143123,0,0,1,1,0,1,0,0,1,0.111,0.055493,0.167093,Normal
2024-02-23 15:30:00,Dorm C,Room 107,21,Medium,2,0.3386146522629393,0.3326322676950148,0.3688837358524817,1,1,1,1,0,1,0,0,1,0.6957,0.460192,0.230808,Normal
2024-02-23 16:00:00,Dorm C,Room 101,21,Medium,1,0.2374686060061114,0.7252213900775255,0.4037104696117721,1,1,0,1,0,1,0,0,0,0.6936,0.41768,0.243898,Normal
2024-02-23 16:30:00,Dorm C,Room 102,22,Medium,2,0.5222622319846515,0.4889129151350632,0.4985802772645631,1,0,1,1,0,1,0,0,0,0.121,0.086325,0.242913,Normal
2024-02-23 17:00:00,Dorm C,Room 107,21,Medium,2,0.4509817129264403,0.3129089371323738,0.3349940546296546,1,0,1,1,1,0,0,0,0,0.1251,0.076511,0.240067,Normal
2024-02-23 17:30:00,Dorm C,Room 108,20,Medium,1,0.3346320279918443,0.3282528401021419,0.4412225893858692,1,0,0,1,1,1,0,0,0,0.1083,0.088233,0.21363,Normal
2024-02-23 18:00:00,Dorm A,Room 101,20,Medium,2,0.6859903752481658,0.5472378712875825,0.6308692241988932,1,1,1,1,1,1,0,1,1,0.886,0.594131,0.198486,Normal
2024-02-23 18:30:00,Dorm A,Room 104,32,Large,3,0.615939454580865,0.438575028440984,0.5140244140708253,0,0,1,1,1,0,0,0,1,0.1154,0.089533,0.271054,Normal
2024-02-23 19:00:00,Dorm A,Room 105,18,Medium,1,0.522606946315583,0.4818767304855911,0.4783080744711087,1,0,1,1,1,0,0,0,1,0.1372,0.069661,0.159771,Normal
2024-02-23 19:30:00,Dorm A,Room 105,18,Medium,1,0.7094891110782418,0.7330982398542545,0.4884241833939009,1,1,1,1,1,1,0,0,0,0.6931,0.429531,0.160613,Normal
2024-02-23 20:00:00,Dorm A,Room 107,25,Medium,3,0.6153074822005616,0.3933189999332879,0.4159626952630775,1,0,1,1,1,1,0,0,1,0.1498,0.08664,0.278215,Normal
2024-02-23 20:30:00,Dorm A,Room 106,32,Large,3,0.4159649581743094,0.5048934116803039,0.7021241711556003,1,0,1,1,1,1,0,0,1,0.1425,0.102788,0.333183,Normal
2024-02-23 21:00:00,Dorm A,Room 107,25,Medium,3,0.3869284478927842,0.7047440564717846,0.3652129998822757,1,0,1,0,1,1,0,0,1,0.0812,0.055885,0.278673,Normal
2024-02-23 21:30:00,Dorm B,Room 104,25,Medium,3,0.6361685760263028,0.5358363083298463,0.4879516782534213,0,1,1,1,1,1,0,0,1,0.7576,0.505052,0.23971,Normal
2024-02-23 22:00:00,Dorm C,Room 101,21,Medium,1,0.5795870676985274,0.2599719412445969,0.4764465423100882,1,0,1,1,1,1,0,0,0,0.133,0.088081,0.242951,Normal
2024-02-23 22:30:00,Dorm B,Room 108,20,Medium,3,0.5491743261413747,0.5703540386558232,0.5836676177869811,0,1,0,1,0,1,0,0,1,0.6306,0.43375,0.271731,Normal
2024-02-23 23:00:00,Dorm C,Room 107,21,Medium,2,0.4127921684363292,0.3251641753537764,0.5949940996385658,0,0,1,1,0,1,0,0,1,0.1075,0.041052,0.240511,Normal
2024-02-23 23:30:00,Dorm C,Room 108,20,Medium,1,0.6079816024662795,0.7028281216334269,0.4588057188601137,1,1,1,1,0,1,0,0,1,0.7443,0.456163,0.21475,Normal
2024-02-24 00:00:00,Dorm A,Room 104,32,Large,3,0.4250044027411035,0.3751510625224906,0.4975180771281636,1,1,0,1,0,1,0,1,0,0.8649,0.585576,0.262443,Normal
2024-02-24 00:30:00,Dorm A,Room 104,32,Large,3,0.5127070312911326,0.9324856089521658,0.5020611092712922,1,0,1,0,0,1,0,1,1,0.2832,0.177444,0.264671,Normal
2024-02-24 01:00:00,Dorm B,Room 101,14,Small,4,0.7205765963206023,0.7117293711538739,0.1900595472168754,0,0,1,1,0,1,0,1,1,0.2892,0.207988,0.262197,Normal
2024-02-24 01:30:00,Dorm A,Room 103,17,Medium,2,0.4377085849101253,0.3790095496387276,0.2720168822041566,1,0,1,1,0,1,0,0,1,0.1239,0.068524,0.242443,Normal
2024-02-24 02:00:00,Dorm B,Room 102,14,Small,2,0.3152955840263659,0.4990224272023252,0.3900578734993677,1,0,1,0,0,1,0,0,1,0.0621,0.015564,0.212596,Normal
2024-02-24 02:30:00,Dorm B,Room 101,14,Small,4,0.3851399344958907,0.6068380786486534,0.3952723447503594,0,0,0,1,0,1,0,0,0,0.0704,0.017459,0.252689,Normal
2024-02-24 03:00:00,Dorm A,Room 102,15,Small,3,0.6598307026635328,0.6112493121803306,0.3187698148722303,0,1,1,1,1,1,0,0,0,0.751,0.504187,0.271812,Normal
2024-02-24 03:30:00,Dorm B,Room 108,20,Medium,3,0.5605792617412848,0.5610876931009592,0.5525739590314283,0,0,0,1,0,1,0,0,1,0.0809,0.085253,0.280012,Normal
2024-02-24 04:00:00,Dorm A,Room 103,17,Medium,2,0.5090982431403437,0.6801007017454406,0.4629011409752135,0,0,1,1,0,1,0,0,0,0.1066,0.050649,0.242738,Normal
2024-02-24 04:30:00,Dorm A,Room 103,17,Medium,2,0.4580724496258076,0.478009425419743,0.4368902214432418,1,0,0,1,0,1,0,0,0,0.0819,0.050201,0.242508,Normal
2024-02-24 05:00:00,Dorm A,Room 103,17,Medium,2,0.5915300970586449,0.4421876758026834,0.3119468134533407,0,0,1,1,0,1,0,0,1,0.1095,0.070929,0.233576,Normal
2024-02-24 05:30:00,Dorm C,Room 104,13,Small,2,0.4124422974423212,0.4451054083413695,0.4573029751137013,1,1,1,1,0,1,0,0,0,0.6773,0.463175,0.224586,Normal
2024-02-24 06:00:00,Dorm C,Room 101,21,Medium,1,0.5674147627622681,0.6222292331408885,0.1475252277814646,1,0,1,1,0,1,0,1,0,0.3294,0.174365,0.224848,Normal
2024-02-24 06:30:00,Dorm B,Room 101,14,Small,4,0.4282580374865368,0.5497488235521102,0.443097226118003,0,1,0,1,0,1,0,0,1,0.7061,0.485923,0.251635,Normal
2024-02-24 07:00:00,Dorm C,Room 106,15,Small,1,0.4059261832843445,0.5388887327600993,0.4702271014939173,1,0,0,1,0,1,1,0,0,0.8134,0.50032,0.149752,Normal
2024-02-24 07:30:00,Dorm C,Room 101,21,Medium,1,0.4408417715977015,0.6129502149295358,0.4916693883639631,1,0,0,1,0,1,1,1,0,1.1012,0.672904,0.227037,Abnormal
2024-02-24 08:00:00,Dorm B,Room 104,25,Medium,3,0.476013422355044,0.1946548197487114,0.2750026610635989,0,0,0,1,0,1,0,0,0,0.0678,0.039373,0.237407,Normal
2024-02-24 08:30:00,Dorm C,Room 102,22,Medium,2,0.5198407810791823,0.5416494333194941,0.489618122028211,1,0,1,1,0,1,0,0,0,0.1224,0.087722,0.234453,Normal
2024-02-24 09:00:00,Dorm A,Room 107,25,Medium,3,0.5579924728345537,0.5282024386625006,0.3377071212774215,1,0,0,1,0,1,0,0,0,0.0914,0.030658,0.275942,Normal
2024-02-24 09:30:00,Dorm C,Room 105,11,Small,1,0.0314079527281419,0.7413321930347079,0.36517548524313,0,0,1,1,0,0,1,0,0,0.8447,0.483143,0.216306,Normal
2024-02-24 10:00:00,Dorm B,Room 108,20,Medium,3,0.4180055452644099,0.2714371293675153,0.5487767856127127,1,0,1,1,0,1,0,0,0,0.1207,0.072183,0.270035,Normal
2024-02-24 10:30:00,Dorm C,Room 106,15,Small,1,0.4738443788703209,0.7249281045808453,0.7042789897869979,0,0,1,1,0,0,0,0,1,0.0899,0.068235,0.151463,Normal
2024-02-24 11:00:00,Dorm B,Room 105,19,Medium,3,0.7283761319543652,0.507163423420564,0.4688084742555259,1,0,1,1,0,1,0,0,1,0.1303,0.059165,0.262779,Normal
2024-02-24 11:30:00,Dorm B,Room 101,14,Small,4,0.381455363510251,0.5679439414863505,0.3646205516724786,1,1,1,1,0,1,0,1,0,0.9778,0.679623,0.251505,Normal
2024-02-24 12:00:00,Dorm B,Room 104,25,Medium,3,0.5482414681343079,0.742377195194968,0.4852816737696109,0,0,1,1,0,1,0,0,0,0.1024,0.06695,0.227473,Normal
2024-02-24 12:30:00,Dorm A,Room 106,32,Large,3,0.7270298541762371,0.5784916448108757,0.5753017503788925,1,0,0,1,0,0,0,0,0,0.0797,0.048838,0.322877,Normal
2024-02-24 13:00:00,Dorm B,Room 102,14,Small,2,0.3501908778716572,0.554920004836996,0.5371476943770701,1,0,1,1,0,1,0,1,1,0.3368,0.204441,0.208485,Normal
2024-02-24 13:30:00,Dorm C,Room 101,21,Medium,1,0.5792660927396798,0.5316887099920433,0.7917365729093321,1,1,0,1,0,1,1,0,0,1.3781,0.858275,0.239998,Abnormal
2024-02-24 14:00:00,Dorm A,Room 104,32,Large,3,0.4187273805965997,0.4250283481151725,0.3768283835941245,1,1,1,1,0,1,0,0,0,0.7367,0.510802,0.258236,Normal
2024-02-24 14:30:00,Dorm A,Room 104,32,Large,3,0.4586709988701444,0.4918943496360817,0.492907052046266,1,0,1,1,0,0,0,0,0,0.1084,0.082222,0.267222,Normal
2024-02-24 15:00:00,Dorm B,Room 103,12,Small,1,0.4186147851411693,0.3909281223065768,0.6484697371042951,0,0,1,1,0,1,1,1,1,1.1344,0.681469,0.175717,Abnormal
2024-02-24 15:30:00,Dorm B,Room 107,14,Small,3,0.4281771486443706,0.4895315309807881,0.6409406121897854,0,0,1,1,0,1,0,0,1,0.1077,0.060773,0.276222,Normal
2024-02-24 16:00:00,Dorm B,Room 106,24,Medium,2,0.8916798139301688,0.1527885951145347,0.228697336284762,1,1,1,0,0,1,0,0,0,0.6734,0.44358,0.221976,Normal
2024-02-24 16:30:00,Dorm B,Room 107,14,Small,3,0.639721482949502,0.5591335873218459,0.4622441836707335,1,0,1,1,0,0,0,0,0,0.1083,0.089271,0.263697,Normal
2024-02-24 17:00:00,Dorm C,Room 107,21,Medium,2,0.6742492328386636,0.4781904372115301,0.6407440458032467,1,1,1,1,0,1,0,0,0,0.688,0.447353,0.228542,Normal
2024-02-24 17:30:00,Dorm B,Room 101,14,Small,4,0.5924203364672332,0.4466720579975056,0.8094356711431787,1,1,1,0,1,1,0,0,0,0.668,0.46141,0.260963,Normal
2024-02-24 18:00:00,Dorm A,Room 103,17,Medium,2,0.3108310157818675,0.5283772049036364,0.5470809580538687,0,1,1,1,1,1,0,1,1,0.9158,0.578803,0.225587,Normal
2024-02-24 18:30:00,Dorm B,Room 103,12,Small,1,0.5793979789821628,0.2854020356556901,0.4185146604037206,1,0,1,1,0,1,0,0,0,0.1243,0.080687,0.189144,Normal
2024-02-24 19:00:00,Dorm A,Room 107,25,Medium,3,0.6703831092989113,0.7796101435448506,0.3415735088613107,0,0,0,1,0,1,0,0,1,0.074,0.046071,0.266294,Normal
2024-02-24 19:30:00,Dorm C,Room 105,11,Small,1,0.4118659505683532,0.4809782719312481,0.7288282821446205,1,0,1,1,1,1,0,0,0,0.1366,0.08382,0.225132,Normal
2024-02-24 20:00:00,Dorm B,Room 108,20,Medium,3,0.6559425817772256,0.4746476028943393,0.5500736787880677,1,0,1,1,0,1,0,0,1,0.1241,0.082364,0.269708,Normal
2024-02-24 20:30:00,Dorm B,Room 101,14,Small,4,0.6209171482311239,0.3542048029247288,0.3609049235242109,1,0,1,1,1,0,0,0,1,0.1375,0.105677,0.259787,Normal
2024-02-24 21:00:00,Dorm C,Room 104,13,Small,2,0.7749412639660938,0.4996003658415814,0.4382744499842058,1,0,1,1,1,1,0,0,1,0.14,0.097087,0.233595,Normal
2024-02-24 21:30:00,Dorm B,Room 103,12,Small,1,0.4703265379100544,0.6999112770660822,0.4998598824632728,0,0,1,1,0,1,0,0,0,0.1036,0.052836,0.189225,Normal
2024-02-24 22:00:00,Dorm A,Room 104,32,Large,3,0.3790922850435949,0.6483212677336203,0.527887147763976,1,0,1,0,1,1,0,0,1,0.081,0.062535,0.268863,Normal
2024-02-24 22:30:00,Dorm C,Room 104,13,Small,2,0.477862636541973,0.6216508678151207,0.3547202938509511,1,0,0,0,1,1,0,0,1,0.0498,0.018081,0.235079,Normal
2024-02-24 23:00:00,Dorm A,Room 104,32,Large,3,0.7190502967518573,0.5763809330266523,0.3889629455814004,1,1,1,1,0,1,0,0,1,0.7659,0.519118,0.268056,Normal
2024-02-24 23:30:00,Dorm A,Room 102,15,Small,3,0.2810181699220273,0.4433891091974279,0.2643454443812716,0,0,1,1,1,1,0,0,1,0.134,0.089505,0.280414,Normal
2024-02-25 00:00:00,Dorm A,Room 107,25,Medium,3,0.2488137453572616,0.2829625809573574,0.5873866427757215,0,1,0,1,1,1,0,0,1,0.7051,0.466844,0.256432,Normal
2024-02-25 00:30:00,Dorm A,Room 101,20,Medium,2,0.5383908638104511,0.4665361437966003,0.4216632362768855,1,1,0,1,0,1,0,0,1,0.7215,0.482222,0.209965,Normal
2024-02-25 01:00:00,Dorm A,Room 104,32,Large,3,0.4669974862284091,0.4614170687702073,0.5185913190266781,1,0,1,1,0,1,0,0,1,0.1197,0.107458,0.276583,Normal
2024-02-25 01:30:00,Dorm A,Room 103,17,Medium,2,0.5274309397496533,0.6502138755613245,0.6332744807873267,1,0,1,1,0,0,0,0,0,0.1033,0.038492,0.235623,Normal
2024-02-25 02:00:00,Dorm B,Room 107,14,Small,3,0.6532565433128474,0.5415497371692488,0.4890246821260801,1,1,1,1,0,1,0,0,0,0.6833,0.464331,0.263173,Normal
2024-02-25 02:30:00,Dorm A,Room 102,15,Small,3,0.4522379463986078,0.733029358156648,0.4490939962271295,1,1,1,0,0,1,0,0,0,0.6984,0.47217,0.280926,Normal
2024-02-25 03:00:00,Dorm C,Room 104,13,Small,2,0.275032768754076,0.6720662274032061,0.4859116365597092,1,0,1,1,0,1,0,0,1,0.1251,0.1027,0.233889,Normal
2024-02-25 03:30:00,Dorm C,Room 103,22,Medium,2,0.8007672940560253,0.428993748485067,0.4702282933949008,1,1,0,1,0,1,0,0,1,0.696,0.463346,0.25961,Normal
2024-02-25 04:00:00,Dorm B,Room 101,14,Small,4,0.3925638404539671,0.2322657541609616,0.6121486497515346,1,1,1,1,0,1,0,0,0,0.708,0.469708,0.257111,Normal
2024-02-25 04:30:00,Dorm A,Room 106,32,Large,3,0.3842689730850696,0.6997077854866052,0.4999380881943196,1,0,0,1,0,0,0,0,0,0.0766,0.033531,0.311854,Normal
2024-02-25 05:00:00,Dorm B,Room 108,20,Medium,3,0.6745152415335506,0.6958588545109892,0.3973355371433343,0,0,0,1,0,1,0,0,0,0.0722,0.045964,0.270168,Normal
2024-02-25 05:30:00,Dorm A,Room 108,15,Small,1,0.4747946437376759,0.2953002552486977,0.5883568073127932,0,0,1,1,0,1,0,0,0,0.098,0.064919,0.177821,Normal
2024-02-25 06:00:00,Dorm C,Room 107,21,Medium,2,0.5178867982338266,0.7178817843538341,0.6102674527559045,1,0,0,1,0,1,1,0,0,0.7975,0.550503,0.227931,Normal
2024-02-25 06:30:00,Dorm B,Room 105,19,Medium,3,0.5911852270511888,0.5522377876537186,0.3020882865752761,1,0,1,1,1,1,0,0,1,0.1508,0.092688,0.263029,Normal
2024-02-25 07:00:00,Dorm B,Room 102,14,Small,2,0.6718128284577511,0.5196957916784815,0.6465341427324749,1,0,0,1,0,1,1,0,1,0.7843,0.527804,0.211613,Normal
2024-02-25 07:30:00,Dorm A,Room 106,32,Large,3,0.4816427592872068,0.7333926074959818,0.5064012442028062,0,0,0,1,0,1,1,1,1,1.0093,0.698604,0.303538,Normal
2024-02-25 08:00:00,Dorm C,Room 106,15,Small,1,0.7303743949014482,0.693698508781714,0.4966307183814471,0,0,1,1,1,0,1,0,0,0.9147,0.573478,0.143636,Abnormal
2024-02-25 08:30:00,Dorm B,Room 101,14,Small,4,0.2397652938360762,0.5918019281097118,0.5834111381632683,1,0,1,1,1,1,0,1,1,0.3429,0.25851,0.257667,Normal
2024-02-25 09:00:00,Dorm C,Room 107,21,Medium,2,0.6283587853114946,0.5656259917464277,0.3946271836076983,0,0,0,1,0,0,0,0,0,0.0617,0.030625,0.235549,Normal
2024-02-25 09:30:00,Dorm A,Room 102,15,Small,3,0.4137275890273982,0.5866675736422073,0.577117529886433,0,0,1,1,0,1,0,0,1,0.1061,0.054293,0.288758,Normal
2024-02-25 10:00:00,Dorm B,Room 106,24,Medium,2,0.7105553554518362,0.4372880040604597,0.4174454720817629,0,1,0,1,1,1,0,0,0,0.7218,0.503798,0.230043,Normal
2024-02-25 10:30:00,Dorm C,Room 101,21,Medium,1,0.5454564901607126,0.4879833545619996,0.2856980621882113,1,0,1,1,0,1,0,0,0,0.1263,0.076418,0.257275,Normal
2024-02-25 11:00:00,Dorm C,Room 105,11,Small,1,0.4360886200190019,0.3634750141306658,0.3429467832705053,1,1,1,1,1,1,0,0,0,0.7444,0.437635,0.223166,Normal
2024-02-25 11:30:00,Dorm A,Room 102,15,Small,3,0.6153484218029667,0.4471370393736235,0.5306722586257778,1,0,1,1,0,1,0,1,0,0.319,0.212292,0.289297,Normal
2024-02-25 12:00:00,Dorm A,Room 102,15,Small,3,0.6462614771202101,0.4421999897178033,0.3492197354225456,1,0,1,1,0,1,0,0,0,0.1246,0.074188,0.292038,Normal
2024-02-25 12:30:00,Dorm A,Room 105,18,Medium,1,0.6125372971396117,0.4027155452395499,0.655806845416383,1,0,1,1,0,1,0,0,0,0.1157,0.062792,0.166608,Normal
2024-02-25 13:00:00,Dorm A,Room 101,20,Medium,2,0.3882065773046058,0.5161776739413428,0.6053246055712994,0,0,1,1,0,1,0,0,0,0.098,0.063766,0.210626,Normal
2024-02-25 13:30:00,Dorm A,Room 105,18,Medium,1,0.4614377897119337,0.4484683552547417,0.6226188784551367,1,0,0,1,0,1,0,1,1,0.2725,0.160789,0.16672,Normal
2024-02-25 14:00:00,Dorm C,Room 102,22,Medium,2,0.5258472584952426,0.5698904783337859,0.477616605369082,1,0,1,1,0,1,0,0,0,0.1189,0.106816,0.234554,Normal
2024-02-25 14:30:00,Dorm B,Room 106,24,Medium,2,0.5208567145898128,0.2576620136952699,0.4935824961920202,1,1,1,1,1,1,0,0,0,0.6795,0.435278,0.239841,Normal
2024-02-25 15:00:00,Dorm C,Room 104,13,Small,2,0.627011161133013,0.4794223385290365,0.3194381124827236,1,1,1,1,1,0,0,0,0,0.7807,0.511741,0.232003,Normal
2024-02-25 15:30:00,Dorm A,Room 103,17,Medium,2,0.2559901263154285,0.5154142276297164,0.5821105354388918,1,0,1,0,0,0,0,0,1,0.0538,0.054397,0.234176,Normal
2024-02-25 16:00:00,Dorm A,Room 101,20,Medium,2,0.5712611906373071,0.4504305319485674,0.5082153831453546,1,1,1,1,1,0,0,0,0,0.6765,0.460468,0.21081,Normal
2024-02-25 16:30:00,Dorm A,Room 106,32,Large,3,0.4874777722051483,0.4707460219554616,0.5307063050255354,1,1,1,1,0,0,0,0,0,0.7661,0.52961,0.308059,Normal
2024-02-25 17:00:00,Dorm B,Room 107,14,Small,3,0.4138654066178121,0.2631105638235211,0.6651927332021569,1,1,0,0,1,0,0,0,0,0.6642,0.438543,0.263274,Normal
2024-02-25 17:30:00,Dorm C,Room 104,13,Small,2,0.426750652916058,0.5484696775510558,0.3899499858397996,1,0,0,1,1,1,0,1,1,0.3153,0.222599,0.241019,Normal
2024-02-25 18:00:00,Dorm A,Room 105,18,Medium,1,0.4976024640233266,0.5912544999175848,0.4475138705242311,0,1,1,1,0,1,0,0,1,0.6485,0.393281,0.16824,Normal
2024-02-25 18:30:00,Dorm B,Room 107,14,Small,3,0.0431211257694649,0.5686122889783214,0.5018375064388589,1,0,1,1,1,1,0,0,1,0.1387,0.070781,0.271165,Normal
2024-02-25 19:00:00,Dorm B,Room 103,12,Small,1,0.432279399254845,0.6487343552955678,0.3504233804572721,0,0,0,1,1,1,1,0,0,0.7901,0.473159,0.189823,Normal
2024-02-25 19:30:00,Dorm A,Room 101,20,Medium,2,0.408857766356542,0.5256983150400851,0.4401408791723183,1,0,1,1,1,1,1,0,1,0.9256,0.60341,0.219262,Normal
2024-02-25 20:00:00,Dorm C,Room 105,11,Small,1,0.597894397584422,0.566429007869264,0.5217858832888236,1,1,1,0,0,1,0,0,1,0.6944,0.429508,0.228678,Normal
2024-02-25 20:30:00,Dorm C,Room 104,13,Small,2,0.4182905735053458,0.5190205375516281,0.4236064039260732,1,0,1,1,0,1,1,0,0,0.866,0.556995,0.236304,Normal
2024-02-25 21:00:00,Dorm A,Room 104,32,Large,3,0.4975251454837167,0.5971248501571502,0.6196856561092764,0,0,1,1,0,1,0,0,1,0.1064,0.056054,0.276526,Normal
2024-02-25 21:30:00,Dorm B,Room 106,24,Medium,2,0.7333704031214788,0.2642886646208879,0.2813822975011841,1,0,1,1,0,1,0,0,0,0.1243,0.094102,0.23791,Normal
2024-02-25 22:00:00,Dorm B,Room 102,14,Small,2,0.6598377741850939,0.3647588997941165,0.5973451759350783,1,0,0,1,1,0,0,0,0,0.1011,0.054453,0.220885,Normal
2024-02-25 22:30:00,Dorm C,Room 106,15,Small,1,0.6474804406918678,0.7292947840084381,0.5419690132925156,0,0,1,1,1,1,0,0,0,0.1241,0.063487,0.144321,Normal
2024-02-25 23:00:00,Dorm B,Room 106,24,Medium,2,0.4593099763044508,0.1344910984969701,0.3944049767174271,0,0,1,1,0,1,0,0,0,0.101,0.060458,0.235273,Normal
2024-02-25 23:30:00,Dorm B,Room 101,14,Small,4,0.599269842965619,0.4754803623661168,0.3517462633916233,1,0,1,1,1,1,0,0,0,0.1404,0.080077,0.25296,Normal
2024-02-26 00:00:00,Dorm B,Room 102,14,Small,2,0.4950042956394951,0.6683607943739698,0.2130767589831431,0,0,0,1,0,0,0,0,1,0.0676,0.028466,0.220165,Normal
2024-02-26 00:30:00,Dorm B,Room 101,14,Small,4,0.5000777460660834,0.4823754077246974,0.3672503342315942,0,1,1,0,1,1,0,0,1,0.7246,0.500368,0.243387,Normal
2024-02-26 01:00:00,Dorm B,Room 105,19,Medium,3,0.5813744215098586,0.4365600085934593,0.5882761396687025,0,1,0,1,0,1,0,0,0,0.617,0.426116,0.263399,Normal
2024-02-26 01:30:00,Dorm B,Room 108,20,Medium,3,0.446276125561776,0.5151012043914969,0.4559184249371031,1,1,0,1,0,1,0,0,0,0.7376,0.485435,0.260816,Normal
2024-02-26 02:00:00,Dorm B,Room 101,14,Small,4,0.7267577992321825,0.4441859871260159,0.6021691019311557,1,1,0,1,0,1,1,0,0,1.498,1.0,0.249668,Abnormal
2024-02-26 02:30:00,Dorm A,Room 108,15,Small,1,0.504904061055483,0.500614859320976,0.3882814411671137,0,0,0,1,0,1,0,0,0,0.0683,0.038303,0.178291,Normal
2024-02-26 03:00:00,Dorm C,Room 102,22,Medium,2,0.6093790474807322,0.3956502589537735,0.5474780898885165,1,0,0,1,0,1,0,1,0,0.2853,0.179346,0.236297,Normal
2024-02-26 03:30:00,Dorm B,Room 107,14,Small,3,0.7217382932455806,0.6590139449267698,0.3765691257848885,1,0,0,0,0,1,0,0,0,0.0279,0.036556,0.271446,Normal
2024-02-26 04:00:00,Dorm C,Room 108,20,Medium,1,0.664843810262767,0.7052467295456875,0.3468075509447056,1,0,1,1,0,1,0,0,1,0.1201,0.04971,0.223058,Normal
2024-02-26 04:30:00,Dorm A,Room 105,18,Medium,1,0.3373141219779526,0.4764778813770183,0.4497950084175341,0,0,0,1,0,1,0,0,0,0.0653,0.047146,0.174739,Normal
2024-02-26 05:00:00,Dorm C,Room 101,21,Medium,1,0.5860997468574618,0.292320188991557,0.382871368661669,0,0,0,1,0,1,0,1,0,0.2669,0.148371,0.254495,Normal
2024-02-26 05:30:00,Dorm A,Room 101,20,Medium,2,0.6405620599938255,0.4190962300840974,0.2775555634245492,0,1,0,1,0,0,0,0,0,0.614,0.392467,0.22998,Normal
2024-02-26 06:00:00,Dorm C,Room 102,22,Medium,2,0.6460836158879557,0.4690418588201534,0.4407748118917999,0,0,1,1,0,1,1,1,0,1.0126,0.662429,0.235897,Abnormal
2024-02-26 06:30:00,Dorm A,Room 102,15,Small,3,0.3769874812281658,0.5703760631103172,0.4754159872664462,0,0,0,1,1,1,0,0,1,0.0931,0.057232,0.291448,Normal
2024-02-26 07:00:00,Dorm A,Room 102,15,Small,3,0.4382184180325033,0.3479417302066253,0.6148112040359636,0,0,0,1,1,1,0,0,0,0.0897,0.058104,0.279657,Normal
2024-02-26 07:30:00,Dorm A,Room 102,15,Small,3,0.6598655158696394,0.3830436877868452,0.5750350007960202,1,0,0,1,0,1,1,1,0,1.0506,0.730118,0.279602,Abnormal
2024-02-26 08:00:00,Dorm A,Room 105,18,Medium,1,0.4241640987763551,0.5711310441998716,0.6090028365671971,0,0,0,1,0,1,0,1,1,0.2597,0.149558,0.174255,Normal
2024-02-26 08:30:00,Dorm C,Room 108,20,Medium,1,0.4861740400273266,0.6340648894589782,0.5490678448575548,1,0,1,1,0,0,0,0,0,0.1073,0.028874,0.223484,Normal
2024-02-26 09:00:00,Dorm B,Room 103,12,Small,1,0.7378794795180122,0.4047305860877183,0.5025503450472872,0,0,1,0,1,0,0,0,1,0.057,0.023809,0.197717,Normal
2024-02-26 09:30:00,Dorm A,Room 103,17,Medium,2,0.5199790876901959,0.3001491916122723,0.3152112247042707,1,1,1,1,1,1,0,1,0,1.015,0.671267,0.222726,Normal
2024-02-26 10:00:00,Dorm C,Room 106,15,Small,1,0.4288593201507999,0.9787210671635808,0.4806270714407152,1,1,1,1,0,0,0,0,0,0.7049,0.438009,0.1433,Normal
2024-02-26 10:30:00,Dorm C,Room 102,22,Medium,2,0.4086158629819165,0.611196958931215,0.5342439806335325,0,1,1,0,1,0,0,0,0,0.6035,0.393783,0.248105,Normal
2024-02-26 11:00:00,Dorm A,Room 103,17,Medium,2,0.5710454307791912,0.4568418104976162,0.6374949368348126,1,1,1,0,0,1,0,1,1,0.9189,0.596713,0.234336,Normal
2024-02-26 11:30:00,Dorm A,Room 103,17,Medium,2,0.3474827520974886,0.6237955583495978,0.5449806129138776,0,0,1,1,0,1,0,1,1,0.3232,0.21074,0.244995,Normal
2024-02-26 12:00:00,Dorm A,Room 107,25,Medium,3,0.4932008676310351,0.4777907928444472,0.6114550391333258,1,0,1,1,0,1,0,0,0,0.1185,0.071684,0.256433,Normal
2024-02-26 12:30:00,Dorm B,Room 101,14,Small,4,0.5711140355516422,0.6235200951559057,0.3388388379402479,1,1,1,1,0,1,0,0,0,0.7381,0.522411,0.268784,Normal
2024-02-26 13:00:00,Dorm B,Room 108,20,Medium,3,0.7007423066243867,0.5195058728999189,0.4234868718516064,1,0,1,1,0,0,0,1,0,0.3181,0.211719,0.255696,Normal
2024-02-26 13:30:00,Dorm C,Room 106,15,Small,1,0.6159801087783202,0.5094946444564166,0.5141559384497574,1,0,0,1,0,1,0,0,0,0.0922,0.070529,0.151081,Normal
2024-02-26 14:00:00,Dorm B,Room 104,25,Medium,3,0.4305648956528454,0.4793889673083329,0.6019257812564227,1,1,1,1,0,1,0,0,1,0.7359,0.454819,0.228248,Normal
2024-02-26 14:30:00,Dorm C,Room 107,21,Medium,2,0.6845400352736115,0.2833714042117174,0.4452240032676267,0,0,0,1,0,1,0,0,0,0.0735,0.048854,0.23473,Normal
2024-02-26 15:00:00,Dorm A,Room 108,15,Small,1,0.4861983331494306,0.7809070670937011,0.4527560038832136,1,0,1,1,0,0,0,0,0,0.1165,0.07178,0.178549,Normal
2024-02-26 15:30:00,Dorm C,Room 105,11,Small,1,0.3605600612517936,0.3577116478674676,0.545082798553789,1,0,1,1,0,1,0,0,0,0.1175,0.072355,0.233002,Normal
2024-02-26 16:00:00,Dorm A,Room 103,17,Medium,2,0.5033055519098882,0.2962096569783248,0.3275769591109002,0,0,1,1,1,1,0,0,1,0.1215,0.075722,0.237746,Normal
2024-02-26 16:30:00,Dorm C,Room 105,11,Small,1,0.7193989813817638,0.4647988921256404,0.6554863383896866,0,0,1,1,0,1,0,0,0,0.1056,0.083867,0.223234,Normal
2024-02-26 17:00:00,Dorm C,Room 106,15,Small,1,0.548569381517801,0.3547815392952271,0.3571775746092426,1,1,0,1,0,0,0,0,0,0.6533,0.405145,0.150743,Normal
2024-02-26 17:30:00,Dorm A,Room 105,18,Medium,1,0.5280743001231032,0.4884813579953377,0.2324749927729087,0,0,1,1,0,1,1,0,0,0.8281,0.508634,0.175587,Normal
2024-02-26 18:00:00,Dorm C,Room 108,20,Medium,1,0.746110869439276,0.5971561719729639,0.4638547281684051,1,1,1,1,1,1,0,1,1,0.8996,0.58286,0.223387,Normal
2024-02-26 18:30:00,Dorm A,Room 101,20,Medium,2,0.334303200883812,0.6423526629711098,0.6664100495150697,1,0,1,1,0,0,0,0,1,0.115,0.047125,0.237918,Normal
2024-02-26 19:00:00,Dorm A,Room 104,32,Large,3,0.3538639074049963,0.6158154514973164,0.5330034195225789,1,1,1,1,0,1,0,1,0,0.9636,0.628828,0.276767,Normal
2024-02-26 19:30:00,Dorm B,Room 104,25,Medium,3,0.3095440614890941,0.4511649272318258,0.5527548694677974,1,1,1,0,0,1,0,0,1,0.6184,0.423109,0.236395,Normal
2024-02-26 20:00:00,Dorm C,Room 107,21,Medium,2,0.5764039620380474,0.5033692664942535,0.4676120199509336,1,0,1,1,1,1,0,0,1,0.1421,0.09544,0.231074,Normal
2024-02-26 20:30:00,Dorm C,Room 103,22,Medium,2,0.5487375469266162,0.5560237998165649,0.4443663599231394,1,0,1,1,1,1,0,0,1,0.1395,0.068235,0.267289,Normal
2024-02-26 21:00:00,Dorm C,Room 108,20,Medium,1,0.7334321010840078,0.2377535680886232,0.2773051608479661,0,1,0,1,1,1,0,0,1,0.7175,0.495265,0.233491,Normal
2024-02-26 21:30:00,Dorm A,Room 105,18,Medium,1,0.5590686762811288,0.5799353140238874,0.1915898044922653,1,1,1,1,0,1,0,0,1,0.7831,0.483559,0.182104,Normal
2024-02-26 22:00:00,Dorm B,Room 108,20,Medium,3,0.4721551542314585,0.2819138438750041,0.486193667986326,1,1,1,1,1,1,0,0,1,0.685,0.450462,0.249836,Normal
2024-02-26 22:30:00,Dorm B,Room 104,25,Medium,3,0.5266347167371161,0.7959341603588821,0.6201127212970846,1,0,1,1,0,1,0,0,1,0.1289,0.064585,0.235584,Normal
2024-02-26 23:00:00,Dorm C,Room 101,21,Medium,1,0.5421904087128396,0.4366328997050265,0.5039325058948265,0,0,1,1,1,1,0,0,0,0.1173,0.091343,0.248639,Normal
2024-02-26 23:30:00,Dorm C,Room 107,21,Medium,2,0.3020401848548373,0.4689115746773913,0.5374598500721727,1,0,1,1,0,1,1,1,1,1.0797,0.665307,0.231077,Abnormal
2024-02-27 00:00:00,Dorm A,Room 108,15,Small,1,0.8901256875361901,0.382963625852817,0.6526446229502684,1,0,0,1,0,1,0,0,0,0.0895,0.05063,0.167284,Normal
2024-02-27 00:30:00,Dorm B,Room 103,12,Small,1,0.5961615560843837,0.4034996360526331,0.5020889538700062,0,0,0,1,0,1,0,0,0,0.072,0.048161,0.18856,Normal
2024-02-27 01:00:00,Dorm A,Room 104,32,Large,3,0.5545773699333552,0.8302860345958722,0.4479321377518657,1,1,1,0,0,1,0,0,1,0.6479,0.411798,0.280329,Normal
2024-02-27 01:30:00,Dorm C,Room 105,11,Small,1,0.6089500598813067,0.6342795795642322,0.3644490737838188,1,0,0,1,0,0,0,0,1,0.0767,0.058558,0.215628,Normal
2024-02-27 02:00:00,Dorm B,Room 105,19,Medium,3,0.6215981924611995,0.2684075909065765,0.7052506026338187,1,1,1,0,0,1,0,1,0,0.8267,0.556169,0.267271,Normal
2024-02-27 02:30:00,Dorm A,Room 104,32,Large,3,0.5075312866029308,0.7171429899028312,0.5258166110925132,1,0,0,1,1,1,0,1,1,0.2897,0.211455,0.280241,Normal
2024-02-27 03:00:00,Dorm B,Room 106,24,Medium,2,0.4416800371735058,0.6714421886934763,0.34944367317395,0,0,0,1,1,1,0,1,1,0.2913,0.189894,0.235041,Normal
2024-02-27 03:30:00,Dorm C,Room 103,22,Medium,2,0.6068413043388341,0.4547536743695505,0.3221427247750574,1,1,1,1,1,1,0,0,1,0.7231,0.491499,0.258599,Normal
2024-02-27 04:00:00,Dorm C,Room 107,21,Medium,2,0.5781569959463895,0.5411538955122026,0.6129762860665495,1,0,1,1,0,1,0,0,1,0.1274,0.084814,0.240906,Normal
2024-02-27 04:30:00,Dorm B,Room 103,12,Small,1,0.4177049944041223,0.4938849537708492,0.3381857479707428,0,0,1,1,0,1,0,0,1,0.1093,0.080349,0.186172,Normal
2024-02-27 05:00:00,Dorm C,Room 101,21,Medium,1,0.7168312159385445,0.7859750453244778,0.6850503480649537,1,0,1,1,0,0,1,0,1,0.8038,0.516788,0.232576,Normal
2024-02-27 05:30:00,Dorm B,Room 102,14,Small,2,0.565762262466171,0.3790569272755341,0.131955835375155,1,0,0,0,0,1,0,0,0,0.0272,0.01513,0.208238,Normal
2024-02-27 06:00:00,Dorm C,Room 104,13,Small,2,0.624337037489205,0.5175391437504764,0.6333148731868589,0,1,1,1,0,1,0,0,1,0.7412,0.492608,0.246308,Normal
2024-02-27 06:30:00,Dorm A,Room 103,17,Medium,2,0.7131923666011731,0.4331601562935495,0.5210594687166337,0,1,0,1,0,1,0,1,0,0.872,0.536312,0.229718,Normal
2024-02-27 07:00:00,Dorm A,Room 106,32,Large,3,0.5293313641841436,0.2854789728515769,0.4768746958725524,1,0,0,1,0,1,1,0,1,0.9019,0.605657,0.317519,Normal
2024-02-27 07:30:00,Dorm A,Room 102,15,Small,3,0.5689294250230341,0.8181682536600925,0.4415973539015365,1,1,1,1,0,1,0,0,0,0.7496,0.530409,0.292228,Normal
2024-02-27 08:00:00,Dorm A,Room 108,15,Small,1,0.6351010924973923,0.3224360175535968,0.6894767016134917,1,0,1,1,1,1,1,1,0,1.0494,0.639776,0.167213,Abnormal
2024-02-27 08:30:00,Dorm A,Room 103,17,Medium,2,0.4291160557710292,0.5284317429469927,0.5474724151317856,1,0,1,1,0,0,0,1,0,0.2906,0.176177,0.237266,Normal
2024-02-27 09:00:00,Dorm B,Room 106,24,Medium,2,0.5336476809015482,0.2402646774621337,0.3542902094248747,0,1,0,1,0,1,0,0,0,0.7133,0.440473,0.237589,Normal
2024-02-27 09:30:00,Dorm B,Room 106,24,Medium,2,0.5432427089317944,0.4374330398677885,0.2564304166589713,0,0,1,1,0,1,0,0,0,0.1017,0.038034,0.235628,Normal
2024-02-27 10:00:00,Dorm A,Room 108,15,Small,1,0.3980889001005511,0.5580944577805564,0.4839172337824488,0,0,1,1,1,1,0,0,0,0.121,0.06608,0.179006,Normal
2024-02-27 10:30:00,Dorm A,Room 102,15,Small,3,0.8374252642610609,0.3748767767758612,0.4625184920613566,0,0,0,1,0,1,0,1,1,0.2573,0.187465,0.301435,Normal
2024-02-27 11:00:00,Dorm A,Room 101,20,Medium,2,0.3375322886450406,0.5823186155822859,0.2803093541952519,1,1,1,1,0,1,0,0,0,0.7412,0.463918,0.235437,Normal
2024-02-27 11:30:00,Dorm B,Room 108,20,Medium,3,0.3521857400004621,0.4565424008067584,0.4560014678442965,0,0,1,1,0,1,0,0,0,0.1035,0.048038,0.257789,Normal
2024-02-27 12:00:00,Dorm A,Room 104,32,Large,3,0.7027656368689212,0.6665689704510493,0.3937924075521111,1,0,0,1,1,0,0,0,0,0.099,0.049447,0.272027,Normal
2024-02-27 12:30:00,Dorm A,Room 104,32,Large,3,0.6221155773186143,0.6962079901929799,0.4637615191247519,1,0,0,1,0,1,0,1,0,0.2995,0.190481,0.262276,Normal
2024-02-27 13:00:00,Dorm C,Room 107,21,Medium,2,0.3887073415086911,0.4098520994709403,0.5497356080686046,0,0,1,1,0,1,0,0,0,0.1043,0.060042,0.230776,Normal
2024-02-27 13:30:00,Dorm A,Room 103,17,Medium,2,0.607893223503346,0.5073579612257999,0.6417144999860595,1,0,1,0,0,1,0,0,1,0.0649,0.026321,0.23859,Normal
2024-02-27 14:00:00,Dorm C,Room 103,22,Medium,2,0.7233822627814631,0.5230419248579008,0.5716858584368079,1,1,1,1,0,1,0,0,0,0.6998,0.482552,0.258917,Normal
2024-02-27 14:30:00,Dorm B,Room 103,12,Small,1,0.5223324793102514,0.5871018464661106,0.3760961887251112,0,1,1,1,0,1,0,1,1,0.9082,0.550109,0.183505,Normal
2024-02-27 15:00:00,Dorm A,Room 108,15,Small,1,0.87516099437385,0.4981947664802925,0.5069055182119634,1,0,1,1,0,1,0,0,0,0.1199,0.068493,0.179426,Normal
2024-02-27 15:30:00,Dorm B,Room 102,14,Small,2,0.2950213496800594,0.5240349064464493,0.470217918159154,0,1,1,1,0,0,0,0,0,0.7106,0.453673,0.206345,Normal
2024-02-27 16:00:00,Dorm A,Room 104,32,Large,3,0.61950631566549,0.4603097101395764,0.3028322974039346,1,0,1,1,0,1,0,0,0,0.1166,0.047907,0.256605,Normal
2024-02-27 16:30:00,Dorm A,Room 101,20,Medium,2,0.6829442421510787,0.5130170201657251,0.5104227394978161,0,0,1,0,0,0,1,0,0,0.7579,0.524894,0.244041,Normal
2024-02-27 17:00:00,Dorm C,Room 106,15,Small,1,0.6460139488866915,0.6868287826753887,0.6853908428376968,1,1,0,1,1,0,0,0,0,0.7239,0.466725,0.157672,Normal
2024-02-27 17:30:00,Dorm C,Room 104,13,Small,2,0.4989689001451568,0.5910307151152541,0.4665371952176556,1,0,0,1,1,1,0,0,1,0.1064,0.078882,0.255133,Normal
2024-02-27 18:00:00,Dorm B,Room 102,14,Small,2,0.4874160221781549,0.5991389497737931,0.2713938718952926,1,0,1,1,1,0,1,0,1,0.8328,0.526171,0.21176,Normal
2024-02-27 18:30:00,Dorm B,Room 103,12,Small,1,0.5859989982280492,0.602344874985604,0.4662783093028951,0,1,1,1,1,0,1,0,0,1.5157,0.932786,0.193157,Abnormal
2024-02-27 19:00:00,Dorm C,Room 107,21,Medium,2,0.6358697004817913,0.473477148473426,0.3170386833287124,1,0,1,1,0,1,0,1,1,0.3148,0.196827,0.221947,Normal
2024-02-27 19:30:00,Dorm A,Room 101,20,Medium,2,0.6072469633386535,0.5429365570050764,0.5662532210342817,0,0,1,1,0,1,1,1,1,1.0969,0.714401,0.250378,Abnormal
2024-02-27 20:00:00,Dorm C,Room 104,13,Small,2,0.6659716592161425,0.3366020912405474,0.5256147281114554,1,0,1,1,0,1,0,0,1,0.1233,0.098717,0.244467,Normal
2024-02-27 20:30:00,Dorm B,Room 103,12,Small,1,0.3896594857537911,0.6825474127234721,0.4421430204629565,1,0,0,1,0,1,0,0,0,0.0841,0.019785,0.204526,Normal
2024-02-27 21:00:00,Dorm A,Room 108,15,Small,1,0.4958265271323839,0.08709230296042,0.4229174203820121,1,0,1,1,1,1,0,0,1,0.135,0.100812,0.171973,Normal
2024-02-27 21:30:00,Dorm A,Room 101,20,Medium,2,0.4002418512509088,0.4832736783644135,0.4371853756273153,1,0,1,1,1,1,0,0,1,0.1423,0.08573,0.263879,Normal
2024-02-27 22:00:00,Dorm C,Room 103,22,Medium,2,0.4745767460319358,0.6637492827980844,0.463639681335894,0,1,1,1,1,1,0,0,0,0.7041,0.469287,0.265981,Normal
2024-02-27 22:30:00,Dorm A,Room 103,17,Medium,2,0.6626384850219494,0.2956446833275352,0.3700024309638009,1,1,0,1,0,1,1,0,1,1.506,1.0,0.227653,Abnormal
2024-02-27 23:00:00,Dorm B,Room 104,25,Medium,3,0.5408854961605091,0.5548335366546366,0.2961591049020811,0,0,1,1,1,0,0,0,1,0.1177,0.087972,0.236462,Normal
2024-02-27 23:30:00,Dorm A,Room 103,17,Medium,2,0.8762394767107266,0.3960345037837583,0.5992560131610201,0,0,1,1,1,1,0,0,1,0.1259,0.098203,0.248056,Normal
2024-02-28 00:00:00,Dorm B,Room 107,14,Small,3,0.5523493567662148,0.4418811727815719,0.4164106752986889,1,0,0,1,0,1,0,1,0,0.2928,0.196608,0.271695,Normal
2024-02-28 00:30:00,Dorm B,Room 106,24,Medium,2,0.5344046092331695,0.6350983436981359,0.4826870545848385,0,0,0,1,0,1,0,0,0,0.0753,0.032774,0.234451,Normal
2024-02-28 01:00:00,Dorm B,Room 104,25,Medium,3,0.5406437982399203,0.52518796377017,0.4968720969163103,0,0,1,1,1,0,0,0,0,0.1074,0.057768,0.236731,Normal
2024-02-28 01:30:00,Dorm A,Room 101,20,Medium,2,0.4407986581365065,0.1971085732268589,0.5012795957631281,0,0,0,1,0,1,0,0,0,0.0706,0.057807,0.263701,Normal
2024-02-28 02:00:00,Dorm A,Room 108,15,Small,1,0.5186320539362241,0.3525839128532628,0.3218247663863608,0,0,0,1,1,1,0,0,1,0.1001,0.083097,0.172905,Normal
2024-02-28 02:30:00,Dorm B,Room 101,14,Small,4,0.6777452163465878,0.63941825247477,0.2615974732636243,0,0,0,1,1,1,0,0,0,0.0927,0.054531,0.274447,Normal
2024-02-28 03:00:00,Dorm C,Room 104,13,Small,2,0.54168892945638,0.5620585900566957,0.3920219122991882,0,0,1,1,0,1,0,0,0,0.1006,0.080332,0.244737,Normal
2024-02-28 03:30:00,Dorm B,Room 108,20,Medium,3,0.4199099823209158,0.7529903035089884,0.5101202664006773,1,0,0,1,0,1,0,0,0,0.0893,0.072498,0.256982,Normal
2024-02-28 04:00:00,Dorm C,Room 101,21,Medium,1,0.4022456626897576,0.7433660726598543,0.3753152938528576,0,1,1,1,0,0,0,0,0,0.7432,0.428353,0.242727,Normal
2024-02-28 04:30:00,Dorm C,Room 105,11,Small,1,0.465975860459616,0.4457842039695714,0.4200672970487221,1,0,1,1,0,1,0,0,1,0.1248,0.088687,0.216044,Normal
2024-02-28 05:00:00,Dorm A,Room 107,25,Medium,3,0.5363064596765892,0.8639614827383533,0.7178575680645267,0,1,1,1,0,1,0,0,1,0.7157,0.478031,0.24865,Normal
2024-02-28 05:30:00,Dorm C,Room 107,21,Medium,2,0.6865755057983058,0.4996787387153323,0.2412526178156817,0,0,0,1,0,0,0,0,0,0.061,0.061377,0.216215,Normal
2024-02-28 06:00:00,Dorm B,Room 101,14,Small,4,0.346497624702024,0.354605667044301,0.3720660274896321,0,0,1,1,0,1,0,1,1,0.3031,0.212599,0.271693,Normal
2024-02-28 06:30:00,Dorm A,Room 101,20,Medium,2,0.4834725246805968,0.4029603106539062,0.6901814282003504,0,0,0,1,0,1,0,0,1,0.0756,0.08467,0.263396,Normal
2024-02-28 07:00:00,Dorm B,Room 107,14,Small,3,0.545760530173167,0.1644287910257164,0.4572965198307123,0,0,0,1,0,1,0,0,0,0.0673,0.043955,0.2658,Normal
2024-02-28 07:30:00,Dorm A,Room 106,32,Large,3,0.2803069146738782,0.7322515599701045,0.3779503857471789,0,0,1,0,1,1,0,1,0,0.2609,0.161069,0.319599,Normal
2024-02-28 08:00:00,Dorm B,Room 105,19,Medium,3,0.4145233094205,0.7304502464307743,0.6028634891528252,1,0,1,1,1,1,1,0,0,0.863,0.586164,0.266045,Normal
2024-02-28 08:30:00,Dorm B,Room 103,12,Small,1,0.4351514597844982,0.3468403668263847,0.46927295706432,0,0,0,1,1,1,0,0,1,0.0952,0.068477,0.204082,Normal
2024-02-28 09:00:00,Dorm B,Room 104,25,Medium,3,0.4195730489543384,0.4625908785115547,0.4208606496637217,1,0,1,1,0,1,0,0,0,0.1222,0.089349,0.237099,Normal
2024-02-28 09:30:00,Dorm C,Room 103,22,Medium,2,0.552145796242979,0.5101318187654058,0.4857253781019154,1,0,1,1,0,0,0,0,1,0.1198,0.071312,0.273979,Normal
2024-02-28 10:00:00,Dorm A,Room 107,25,Medium,3,0.5048464253482893,0.3549459544736968,0.3836940829788814,0,1,0,1,1,1,0,0,1,0.6675,0.464428,0.257633,Normal
2024-02-28 10:30:00,Dorm A,Room 102,15,Small,3,0.4518733523264355,0.2381482182148457,0.3405792133013743,0,1,1,1,1,1,0,0,1,0.7397,0.480544,0.292099,Normal
2024-02-28 11:00:00,Dorm A,Room 105,18,Medium,1,0.5838272688703837,0.4651666315351441,0.4490188412006253,1,0,1,1,0,1,0,1,0,0.3037,0.154554,0.19018,Normal
2024-02-28 11:30:00,Dorm B,Room 108,20,Medium,3,0.7576338629865264,0.448894753327366,0.3413583068533898,1,0,0,1,0,0,0,0,0,0.0792,0.059959,0.253937,Normal
2024-02-28 12:00:00,Dorm B,Room 102,14,Small,2,0.7463852952954846,0.4389995494688158,0.4639298653900386,1,0,1,1,1,1,0,1,1,0.3649,0.27716,0.221368,Normal
2024-02-28 12:30:00,Dorm C,Room 102,22,Medium,2,0.2683540814106631,0.528811914756129,0.5051649349585573,1,0,1,1,0,1,0,0,0,0.1227,0.08507,0.255004,Normal
2024-02-28 13:00:00,Dorm B,Room 106,24,Medium,2,0.603838065217404,0.7061659369878421,0.5649881377196626,0,0,1,1,0,0,0,1,1,0.3043,0.187505,0.233783,Normal
2024-02-28 13:30:00,Dorm C,Room 107,21,Medium,2,0.502502765011787,0.4515381124744184,0.5979634676122026,0,0,1,1,0,1,0,0,0,0.0968,0.056796,0.21617,Normal
2024-02-28 14:00:00,Dorm B,Room 101,14,Small,4,0.5472159939438069,0.5211297714772001,0.4139710347558403,1,1,1,1,0,0,0,0,1,0.6821,0.486782,0.274758,Normal
2024-02-28 14:30:00,Dorm B,Room 101,14,Small,4,0.4729434735047458,0.6029033591401745,0.5225614610970832,1,1,1,1,0,1,0,0,1,0.6964,0.478258,0.282495,Normal
2024-02-28 15:00:00,Dorm C,Room 104,13,Small,2,0.5421744670522171,0.5775190014675686,0.5217347326286221,1,0,1,1,0,0,0,0,0,0.1142,0.058508,0.244918,Normal
2024-02-28 15:30:00,Dorm B,Room 105,19,Medium,3,0.546713012100337,0.4057843786816301,0.5019752066175669,1,0,0,1,0,1,0,0,1,0.0955,0.069804,0.276521,Normal
2024-02-28 16:00:00,Dorm B,Room 103,12,Small,1,0.4486973748357262,0.5102449174765751,0.4051265423066488,1,1,1,1,0,0,0,1,1,0.9637,0.596566,0.204003,Abnormal
2024-02-28 16:30:00,Dorm C,Room 105,11,Small,1,0.4060995504151575,0.5765485971091193,0.3393103271080956,1,0,1,1,0,1,0,0,0,0.1224,0.059487,0.209505,Normal
2024-02-28 17:00:00,Dorm B,Room 105,19,Medium,3,0.4661779966810095,0.3302566249599533,0.5228718556353299,1,1,1,1,0,1,0,1,0,0.908,0.59248,0.273838,Normal
2024-02-28 17:30:00,Dorm A,Room 106,32,Large,3,0.5578318960634632,0.6817731231224797,0.2578757351467908,1,1,1,1,0,0,0,0,0,0.68,0.461422,0.321414,Normal
2024-02-28 18:00:00,Dorm C,Room 104,13,Small,2,0.6067803303933885,0.706470037194675,0.4305144619941419,1,0,1,1,1,1,1,0,0,0.938,0.609898,0.244373,Normal
2024-02-28 18:30:00,Dorm C,Room 108,20,Medium,1,0.6409149551967775,0.3898600790333469,0.1562894404378325,0,1,1,1,1,1,0,0,1,0.7159,0.45922,0.233191,Normal
2024-02-28 19:00:00,Dorm C,Room 103,22,Medium,2,0.4600725665648789,0.524543255965628,0.3023196119681512,1,1,1,1,0,1,1,0,0,1.4791,0.941629,0.273859,Abnormal
2024-02-28 19:30:00,Dorm C,Room 104,13,Small,2,0.564486341393055,0.5904715277585679,0.3574177718822281,0,0,0,1,1,1,1,1,0,1.0657,0.701036,0.246799,Abnormal
2024-02-28 20:00:00,Dorm C,Room 108,20,Medium,1,0.6555635853206442,0.4158967269082601,0.5942203293260536,1,0,1,0,0,1,0,0,1,0.0616,0.04346,0.230886,Normal
2024-02-28 20:30:00,Dorm C,Room 108,20,Medium,1,0.6828189725195963,0.5668599975861943,0.5451988951399426,1,1,1,1,1,1,0,1,0,0.9491,0.611735,0.222233,Abnormal
2024-02-28 21:00:00,Dorm C,Room 103,22,Medium,2,0.518498356330158,0.5200735023262797,0.3961917892585866,1,1,0,1,1,1,0,0,1,0.7529,0.486954,0.283987,Normal
2024-02-28 21:30:00,Dorm C,Room 102,22,Medium,2,0.4967443685178471,0.2803532727354713,0.5501490445981879,1,1,1,1,1,1,0,0,0,0.6867,0.433458,0.247092,Normal
2024-02-28 22:00:00,Dorm C,Room 105,11,Small,1,0.5520430899741834,0.5635603335259367,0.5691345806357329,1,0,1,1,0,1,0,1,0,0.3181,0.191876,0.206944,Normal
2024-02-28 22:30:00,Dorm A,Room 104,32,Large,3,0.3721008333672295,0.3344022586501238,0.4433721314677386,1,1,1,1,1,1,0,0,0,0.7504,0.496497,0.252883,Normal
2024-02-28 23:00:00,Dorm A,Room 105,18,Medium,1,0.5004110634510827,0.6341080991103578,0.296563994009304,1,0,1,1,1,1,0,0,0,0.139,0.114055,0.192295,Normal
2024-02-28 23:30:00,Dorm B,Room 108,20,Medium,3,0.6263188028404189,0.3974387783197603,0.4377038823164563,0,0,1,1,1,1,0,0,0,0.126,0.077554,0.250536,Normal
2024-02-29 00:00:00,Dorm B,Room 106,24,Medium,2,0.612544410727755,0.4723783657220969,0.4509029031784185,1,1,0,1,1,1,0,0,1,0.6925,0.4831,0.237085,Normal
2024-02-29 00:30:00,Dorm C,Room 102,22,Medium,2,0.4901233963028342,0.6977537343646032,0.3147901940070982,1,0,0,1,0,1,0,0,1,0.0851,0.054197,0.254403,Normal
2024-02-29 01:00:00,Dorm C,Room 108,20,Medium,1,0.5556120527718285,0.569030300100595,0.5066813750940903,0,1,0,1,0,1,0,0,0,0.6638,0.405731,0.233142,Normal
2024-02-29 01:30:00,Dorm A,Room 105,18,Medium,1,0.4157241409558614,0.3374397380170922,0.4962158527329555,1,0,0,1,0,1,0,0,1,0.0869,0.04134,0.193244,Normal
2024-02-29 02:00:00,Dorm A,Room 104,32,Large,3,0.6208038734976248,0.3469272018501506,0.5160384964637229,1,1,0,1,0,1,0,0,1,0.7018,0.467214,0.261935,Normal
2024-02-29 02:30:00,Dorm A,Room 106,32,Large,3,0.5159500512158193,0.4080065491545766,0.4961092290817515,0,0,0,1,0,1,0,1,0,0.2544,0.168835,0.329784,Normal
2024-02-29 03:00:00,Dorm B,Room 106,24,Medium,2,0.489360612793138,0.5540787652348007,0.5502058189104709,1,0,0,1,0,1,0,0,0,0.0837,0.051473,0.23429,Normal
2024-02-29 03:30:00,Dorm C,Room 107,21,Medium,2,0.4778497898274455,0.5487375463224502,0.4411331212105845,1,0,0,1,0,1,0,0,0,0.0823,0.051662,0.204643,Normal
2024-02-29 04:00:00,Dorm C,Room 101,21,Medium,1,0.5179533604160741,0.3721773347457943,0.4868550315112768,1,0,0,0,0,1,0,0,0,0.0274,0.04835,0.25037,Normal
2024-02-29 04:30:00,Dorm B,Room 108,20,Medium,3,0.4662877789502859,0.3245459617783746,0.4149303360768677,1,0,1,0,1,1,0,0,0,0.0798,0.072951,0.238702,Normal
2024-02-29 05:00:00,Dorm B,Room 104,25,Medium,3,0.6147179332953979,0.5374631650532253,0.3925249810297918,0,0,0,1,1,1,1,0,1,0.7816,0.539371,0.238017,Normal
2024-02-29 05:30:00,Dorm C,Room 105,11,Small,1,0.47334601037165,0.4693546808604172,0.6231959869736039,0,0,1,1,1,0,0,0,0,0.1177,0.064569,0.210033,Normal
2024-02-29 06:00:00,Dorm A,Room 102,15,Small,3,0.7401727612352378,0.8131094807408712,0.2174573111727787,0,0,0,1,1,1,0,0,1,0.0921,0.041727,0.290381,Normal
2024-02-29 06:30:00,Dorm B,Room 107,14,Small,3,0.7230279774290949,0.5014605015605624,0.5678313562458205,1,0,1,1,1,1,0,0,0,0.141,0.100968,0.256802,Normal
2024-02-29 07:00:00,Dorm A,Room 107,25,Medium,3,0.4067469484986655,0.7627070139861347,0.3882010850914038,0,0,1,1,0,1,0,1,0,0.2787,0.200036,0.2652,Normal
2024-02-29 07:30:00,Dorm B,Room 101,14,Small,4,0.5357482915421163,0.3240794885104668,0.3726653727589925,0,0,1,1,1,1,0,0,0,0.1231,0.105726,0.290348,Normal
2024-02-29 08:00:00,Dorm C,Room 106,15,Small,1,0.4390744408233774,0.264878965557389,0.4940282864612508,1,0,1,1,1,1,0,0,0,0.1394,0.075216,0.166438,Normal
2024-02-29 08:30:00,Dorm A,Room 103,17,Medium,2,0.4825570947547891,0.3314714412794231,0.283939438983395,0,0,1,1,0,1,0,0,0,0.103,0.04452,0.248181,Normal
2024-02-29 09:00:00,Dorm B,Room 102,14,Small,2,0.7951235523872534,0.6708378092406588,0.3647492052498491,0,1,1,1,0,1,0,0,0,0.6399,0.430617,0.218784,Normal
2024-02-29 09:30:00,Dorm A,Room 104,32,Large,3,0.4851171511395441,0.7541610036882918,0.3607762300050059,0,0,1,1,1,1,0,1,1,0.3455,0.239769,0.26975,Normal
2024-02-29 10:00:00,Dorm A,Room 107,25,Medium,3,0.5747368851154243,0.381130666220582,0.436085981349015,1,0,1,1,1,1,1,0,0,0.9245,0.628219,0.26406,Normal
2024-02-29 10:30:00,Dorm B,Room 105,19,Medium,3,0.5990402253700584,0.4283955522193969,0.3661750874907818,1,0,0,1,0,1,0,1,0,0.3073,0.217043,0.282007,Normal
2024-02-29 11:00:00,Dorm C,Room 102,22,Medium,2,0.3921074081405458,0.3242856300403674,0.6547322270988057,1,0,0,1,0,0,0,1,1,0.2982,0.187041,0.244214,Normal
2024-02-29 11:30:00,Dorm C,Room 104,13,Small,2,0.411638343977408,0.2298393193330725,0.6782339703407092,0,0,1,1,0,1,0,0,0,0.1055,0.068128,0.259923,Normal
2024-02-29 12:00:00,Dorm A,Room 104,32,Large,3,0.3645432630414994,0.6016602348953488,0.2200696660847964,1,0,1,1,0,0,0,0,0,0.1055,0.072085,0.261498,Normal
2024-02-29 12:30:00,Dorm C,Room 107,21,Medium,2,0.4074948233269063,0.5288566264656118,0.5279490580728977,1,0,1,1,0,1,0,0,0,0.1272,0.078561,0.194247,Normal
2024-02-29 13:00:00,Dorm B,Room 102,14,Small,2,0.1439141857658213,0.4976224952576465,0.5656603241746516,0,1,1,1,0,1,0,1,0,0.9444,0.561292,0.216857,Normal
2024-02-29 13:30:00,Dorm B,Room 104,25,Medium,3,0.5994778723253362,0.2903263412067605,0.5277885987290846,1,1,1,1,1,0,0,1,1,0.9421,0.665643,0.237296,Abnormal
2024-02-29 14:00:00,Dorm A,Room 102,15,Small,3,0.802070701710461,0.7370921395905028,0.383693521077179,1,0,1,1,0,1,0,0,0,0.1219,0.075635,0.286887,Normal
2024-02-29 14:30:00,Dorm C,Room 106,15,Small,1,0.5462316756601256,0.4221069529353159,0.4333629996399823,1,0,1,1,0,1,0,0,0,0.119,0.03715,0.167354,Normal
2024-02-29 15:00:00,Dorm B,Room 102,14,Small,2,0.3363277701558067,0.574503859558608,0.3728769415211517,1,1,1,1,0,1,0,0,0,0.748,0.470563,0.227531,Normal
2024-02-29 15:30:00,Dorm B,Room 107,14,Small,3,0.440131984346325,0.2823162079770646,0.4122281759024461,1,0,1,1,1,1,1,0,0,0.874,0.592614,0.250159,Normal
2024-02-29 16:00:00,Dorm C,Room 102,22,Medium,2,0.464811664628352,0.4680812387116256,0.3174882290640124,1,1,1,1,0,0,0,0,0,0.6997,0.463834,0.246285,Normal
2024-02-29 16:30:00,Dorm C,Room 101,21,Medium,1,0.3898319594220359,0.5389020755020177,0.448875850404698,0,0,0,1,0,0,0,0,1,0.0618,0.038503,0.249501,Normal
2024-02-29 17:00:00,Dorm C,Room 104,13,Small,2,0.6418320459733082,0.544148723528223,0.2823567909209776,1,0,0,1,1,0,0,0,1,0.1016,0.066201,0.260203,Normal
2024-02-29 17:30:00,Dorm A,Room 106,32,Large,3,0.6351323355036905,0.5188085899538464,0.4386369749387744,1,1,1,1,1,1,0,1,0,0.9579,0.663503,0.324896,Normal
2024-02-29 18:00:00,Dorm A,Room 104,32,Large,3,0.3713299341828845,0.568757075421696,0.3128554118737028,0,0,1,1,1,0,0,0,1,0.1249,0.070594,0.261591,Normal
2024-02-29 18:30:00,Dorm A,Room 101,20,Medium,2,0.6237011459028172,0.3299378474091524,0.4874586280343002,1,0,0,1,0,1,0,0,1,0.0978,0.057209,0.263653,Normal
2024-02-29 19:00:00,Dorm B,Room 107,14,Small,3,0.7312951086759525,0.5250873948093939,0.3811374451168761,1,0,1,1,1,1,0,1,0,0.3454,0.25333,0.252303,Normal
2024-02-29 19:30:00,Dorm A,Room 103,17,Medium,2,0.7817209006193848,0.5127991958197973,0.4975077423364604,1,1,1,1,0,0,0,0,0,0.704,0.464959,0.247888,Normal
2024-02-29 20:00:00,Dorm A,Room 101,20,Medium,2,0.9109109394933472,0.5301281959394832,0.5924035753584195,1,0,1,1,1,1,0,0,1,0.1416,0.097094,0.264076,Normal
2024-02-29 20:30:00,Dorm B,Room 104,25,Medium,3,0.4053446506960459,0.5067131454724123,0.6533319744286118,1,1,1,1,0,1,0,0,1,0.6717,0.442024,0.249474,Normal
2024-02-29 21:00:00,Dorm C,Room 102,22,Medium,2,0.905409786460186,0.3089675282925082,0.1593638272045534,0,0,1,1,0,1,0,1,0,0.3056,0.197889,0.252511,Normal
2024-02-29 21:30:00,Dorm C,Room 106,15,Small,1,0.4788586461033701,0.3024149459594387,0.3625692388361677,0,1,1,1,0,1,0,0,0,0.7169,0.4368,0.16745,Normal
2024-02-29 22:00:00,Dorm C,Room 107,21,Medium,2,0.4468838099366437,0.1706683360962209,0.4262859435538214,1,0,1,1,0,1,0,1,1,0.3068,0.192921,0.194324,Normal
2024-02-29 22:30:00,Dorm A,Room 106,32,Large,3,0.5702875983324395,0.6162275012464415,0.517872242802495,1,0,1,1,1,1,1,0,0,0.8707,0.593462,0.336801,Normal
2024-02-29 23:00:00,Dorm C,Room 108,20,Medium,1,0.4482800635105138,0.617715195477373,0.2646549723915253,0,0,0,0,1,0,0,0,0,0.0192,0.013826,0.232774,Normal
2024-02-29 23:30:00,Dorm A,Room 102,15,Small,3,0.5799463510896747,0.6200508271664673,0.3448259684738985,1,0,1,1,1,1,0,0,1,0.1505,0.072733,0.286725,Normal
2024-03-01 00:00:00,Dorm A,Room 104,32,Large,3,0.3492368819915178,0.5411675659617705,0.4782858693641837,0,0,0,1,0,1,0,0,1,0.0754,0.041788,0.261767,Normal
2024-03-01 00:30:00,Dorm A,Room 101,20,Medium,2,0.4943527716990434,0.1825941340909143,0.4728309858400541,1,0,0,1,0,1,0,0,0,0.0883,0.063449,0.264861,Normal
2024-03-01 01:00:00,Dorm B,Room 106,24,Medium,2,0.6989215098288194,0.3451939460562125,0.5079496451142764,0,0,1,1,0,1,0,0,1,0.1047,0.088624,0.222808,Normal
2024-03-01 01:30:00,Dorm C,Room 102,22,Medium,2,0.5187361035346905,0.5211257181050943,0.5158745015462373,0,0,0,1,1,1,0,0,1,0.0949,0.041617,0.244704,Normal
2024-03-01 02:00:00,Dorm A,Room 102,15,Small,3,0.5453962747981805,0.5159971313976957,0.5032679628472762,1,0,0,1,0,1,0,0,0,0.0864,0.040542,0.278221,Normal
2024-03-01 02:30:00,Dorm C,Room 106,15,Small,1,0.5901744823175631,0.46334568534473,0.4858797054766204,1,0,0,1,1,1,0,0,0,0.1085,0.069012,0.175372,Normal
2024-03-01 03:00:00,Dorm C,Room 102,22,Medium,2,0.6834989382276223,0.5502978967136856,0.4693340618948758,0,0,0,1,0,1,0,0,0,0.0751,0.063056,0.241017,Normal
2024-03-01 03:30:00,Dorm C,Room 103,22,Medium,2,0.3042594239382202,0.4977935183737816,0.542398217570205,1,0,0,1,0,1,0,0,0,0.0837,0.039241,0.290477,Normal
2024-03-01 04:00:00,Dorm C,Room 104,13,Small,2,0.6048381205841857,0.5138298068583631,0.1939968213036071,1,0,0,1,0,1,0,0,0,0.0819,0.024553,0.260929,Normal
2024-03-01 04:30:00,Dorm A,Room 104,32,Large,3,0.4904090405154979,0.402162974298387,0.6479197414618446,1,0,1,1,0,1,0,0,0,0.113,0.078086,0.261188,Normal
2024-03-01 05:00:00,Dorm C,Room 104,13,Small,2,0.548756975103822,0.6403992593756007,0.1981766287093539,1,0,1,1,0,1,0,0,0,0.1209,0.0639,0.259002,Normal
2024-03-01 05:30:00,Dorm C,Room 101,21,Medium,1,0.6686412422434219,0.4327741938113672,0.3331806105701685,0,1,0,1,0,1,0,0,0,0.6315,0.420941,0.249548,Normal
2024-03-01 06:00:00,Dorm C,Room 104,13,Small,2,0.3661316399824696,0.3005265852287754,0.4354426408812927,1,0,0,1,0,1,0,1,0,0.2864,0.178375,0.258944,Normal
2024-03-01 06:30:00,Dorm B,Room 103,12,Small,1,0.3904949622153297,0.3827737639144558,0.5433399534504993,1,0,0,1,1,1,1,0,0,0.8065,0.471018,0.212633,Normal
2024-03-01 07:00:00,Dorm B,Room 104,25,Medium,3,0.2666553276900278,0.4448699456488398,0.1033066539581809,0,0,1,1,0,1,1,0,0,0.8364,0.534441,0.246778,Normal
2024-03-01 07:30:00,Dorm B,Room 105,19,Medium,3,0.452695629381873,0.6421615961547915,0.4592729373149252,1,0,0,1,1,1,0,0,0,0.1137,0.076694,0.267239,Normal
2024-03-01 08:00:00,Dorm A,Room 101,20,Medium,2,0.704940482952011,0.4898693815960728,0.5577101447005977,1,0,1,1,0,1,0,1,0,0.3148,0.202802,0.264601,Normal
2024-03-01 08:30:00,Dorm B,Room 104,25,Medium,3,0.5102108029996812,0.4687244861740686,0.5819587268773088,0,0,1,1,0,0,0,0,0,0.0899,0.060413,0.247916,Normal
2024-03-01 09:00:00,Dorm C,Room 105,11,Small,1,0.3465464400931406,0.3125753447008795,0.378988781641023,0,0,1,1,0,1,0,0,0,0.101,0.102614,0.209892,Normal
2024-03-01 09:30:00,Dorm B,Room 107,14,Small,3,0.4612147969064982,0.6115170935593646,0.4265559694756446,0,0,1,1,0,1,0,0,1,0.1155,0.060083,0.247118,Normal
2024-03-01 10:00:00,Dorm A,Room 102,15,Small,3,0.3267198694263072,0.4002691039289353,0.3887280802151559,0,0,1,1,0,1,0,1,1,0.3102,0.214765,0.277861,Normal
2024-03-01 10:30:00,Dorm A,Room 108,15,Small,1,0.3753916496871233,0.4813808888380396,0.4155380567035072,1,0,1,1,0,1,0,0,1,0.13,0.096503,0.173462,Normal
2024-03-01 11:00:00,Dorm A,Room 104,32,Large,3,0.5785741050276456,0.7136115238718741,0.3388593935719025,1,0,1,0,0,1,0,1,1,0.2592,0.193718,0.252696,Normal
2024-03-01 11:30:00,Dorm A,Room 105,18,Medium,1,0.3688577282308115,0.5708499346783529,0.3559639559400114,0,0,0,1,0,0,0,0,0,0.0603,0.019173,0.185583,Normal
2024-03-01 12:00:00,Dorm C,Room 105,11,Small,1,0.6757115570122453,0.2567900255243379,0.5147589296008387,0,0,1,1,0,0,0,1,0,0.2815,0.177497,0.211382,Normal
2024-03-01 12:30:00,Dorm C,Room 105,11,Small,1,0.5168493581177829,0.236030762538596,0.4784368113252737,1,0,1,0,0,0,0,1,0,0.2327,0.120222,0.213821,Normal
2024-03-01 13:00:00,Dorm B,Room 104,25,Medium,3,0.5378808191596974,0.4866299833383228,0.5216223286745437,1,0,1,1,0,1,0,1,0,0.3076,0.219705,0.24738,Normal
2024-03-01 13:30:00,Dorm B,Room 103,12,Small,1,0.4890356405871685,0.3178546253104031,0.4883221710507492,1,1,1,1,0,1,0,0,0,0.6965,0.420509,0.218085,Normal
2024-03-01 14:00:00,Dorm C,Room 103,22,Medium,2,0.6301115437755602,0.5913927564400052,0.5471460675288234,1,0,0,1,1,0,0,0,0,0.0955,0.065742,0.278867,Normal
2024-03-01 14:30:00,Dorm C,Room 107,21,Medium,2,0.6314954410983643,0.5022922183758904,0.5680057928184808,0,1,1,1,0,1,0,0,0,0.6535,0.450071,0.188996,Normal
2024-03-01 15:00:00,Dorm B,Room 101,14,Small,4,0.5713587953756838,0.5203864049631686,0.2536943151138069,1,1,1,1,0,1,0,0,0,0.7411,0.533218,0.288144,Normal
2024-03-01 15:30:00,Dorm C,Room 102,22,Medium,2,0.6021896519607278,0.392216916180038,0.360155987791414,1,1,0,1,0,0,0,0,0,0.6286,0.414734,0.240356,Normal
2024-03-01 16:00:00,Dorm A,Room 108,15,Small,1,0.4979309897210935,0.7519980296345121,0.4348889628512509,1,0,1,1,0,1,0,0,1,0.1255,0.071947,0.174567,Normal
2024-03-01 16:30:00,Dorm B,Room 104,25,Medium,3,0.5991585529783982,0.913833838194506,0.4599263864021703,1,0,1,1,1,1,0,0,0,0.1499,0.11991,0.250627,Normal
2024-03-01 17:00:00,Dorm A,Room 108,15,Small,1,0.4810499781415523,0.4551398515399877,0.382256638010204,1,0,1,1,1,0,0,0,0,0.1298,0.069508,0.174496,Normal
2024-03-01 17:30:00,Dorm C,Room 101,21,Medium,1,0.5266933293515051,0.547964444026191,0.5720619186394678,0,0,0,1,1,1,0,0,1,0.0992,0.06576,0.239975,Normal
2024-03-01 18:00:00,Dorm C,Room 105,11,Small,1,0.489536109022098,0.5103977900672851,0.7001801929851958,1,0,0,1,0,1,0,0,1,0.0997,0.068027,0.215363,Normal
2024-03-01 18:30:00,Dorm B,Room 103,12,Small,1,0.4650342125210871,0.4579171150067773,0.4849807315235226,1,0,1,1,1,1,0,1,1,0.3522,0.225825,0.217612,Normal
2024-03-01 19:00:00,Dorm A,Room 106,32,Large,3,0.4339136803921534,0.3737985932991822,0.4727653374707967,1,0,1,1,1,1,0,0,1,0.1407,0.097416,0.338037,Normal
2024-03-01 19:30:00,Dorm C,Room 102,22,Medium,2,0.5891587745917111,0.336632319937778,0.564555743931105,0,1,1,1,0,1,0,0,0,0.7189,0.455295,0.244407,Normal
2024-03-01 20:00:00,Dorm C,Room 101,21,Medium,1,0.7022797367760247,0.3291917503750943,0.2388033383005804,1,0,1,1,1,1,0,0,0,0.1391,0.086382,0.240178,Normal
2024-03-01 20:30:00,Dorm B,Room 101,14,Small,4,0.6835580330387626,0.555635963915279,0.4660623967124881,1,1,1,1,0,1,1,0,1,1.4424,0.973105,0.298188,Abnormal
2024-03-01 21:00:00,Dorm A,Room 102,15,Small,3,0.3577602976262465,0.4197088685578374,0.5801013259251628,1,0,1,1,0,1,0,0,1,0.1252,0.077756,0.280357,Normal
2024-03-01 21:30:00,Dorm B,Room 105,19,Medium,3,0.6994074306096311,0.1171706181449747,0.3854882026717006,1,0,1,1,1,1,0,0,0,0.1378,0.104043,0.256796,Normal
2024-03-01 22:00:00,Dorm C,Room 104,13,Small,2,0.4836963435418163,0.5614583249599909,0.3154972709080784,1,1,1,1,1,1,0,0,0,0.7206,0.479551,0.262058,Normal
2024-03-01 22:30:00,Dorm C,Room 107,21,Medium,2,0.607013395393307,0.4904582157657189,0.4403560096231104,1,0,1,1,0,1,0,0,1,0.1243,0.070469,0.189573,Normal
2024-03-01 23:00:00,Dorm A,Room 102,15,Small,3,0.4047779583715095,0.6939906435770857,0.4553666009040125,1,0,1,1,0,1,0,0,1,0.1185,0.108412,0.280251,Normal
2024-03-01 23:30:00,Dorm C,Room 106,15,Small,1,0.5454478254163461,0.550915899597582,0.3536365354471488,1,0,1,1,1,1,1,1,0,1.0488,0.627317,0.175553,Abnormal
2024-03-02 00:00:00,Dorm A,Room 104,32,Large,3,0.5684961104694467,0.2787726371054342,0.7141221846224032,0,1,0,1,0,1,0,0,1,0.6122,0.425343,0.255652,Normal
2024-03-02 00:30:00,Dorm B,Room 101,14,Small,4,0.3271569533755504,0.1684038819195509,0.4052180825432927,1,1,1,1,0,1,0,0,1,0.7385,0.518863,0.317022,Normal
2024-03-02 01:00:00,Dorm B,Room 106,24,Medium,2,0.608024493327138,0.3903462097075947,0.324243186807903,0,0,0,1,0,1,0,0,1,0.0785,0.058664,0.223273,Normal
2024-03-02 01:30:00,Dorm C,Room 107,21,Medium,2,0.7070209709299659,0.4042142541156286,0.4514153027720338,0,0,1,1,0,1,0,0,0,0.1005,0.071396,0.189562,Normal
2024-03-02 02:00:00,Dorm A,Room 107,25,Medium,3,0.5029557428776222,0.6346895313092993,0.5715624820764652,0,0,1,1,1,1,0,0,0,0.1264,0.085563,0.264562,Normal
2024-03-02 02:30:00,Dorm A,Room 104,32,Large,3,0.7089310840757604,0.4947774743723901,0.4647361721253819,0,0,0,1,0,1,0,0,1,0.0781,0.078417,0.253414,Normal
2024-03-02 03:00:00,Dorm A,Room 102,15,Small,3,0.500936600725654,0.6626900587418274,0.5209034016029449,0,0,1,1,1,1,0,1,0,0.333,0.209221,0.271372,Normal
2024-03-02 03:30:00,Dorm A,Room 107,25,Medium,3,0.6404097590878762,0.3013813190410863,0.3580924010445577,0,0,0,1,0,1,0,0,0,0.0719,0.043376,0.261554,Normal
2024-03-02 04:00:00,Dorm B,Room 101,14,Small,4,0.2286573810408137,0.6379381487296489,0.6411240705066612,1,0,1,1,0,1,0,0,0,0.1297,0.088891,0.316785,Normal
2024-03-02 04:30:00,Dorm A,Room 106,32,Large,3,0.8509985844620599,0.602039022403901,0.530035124592118,1,1,1,1,0,1,0,0,0,0.7139,0.505394,0.338118,Normal
2024-03-02 05:00:00,Dorm A,Room 105,18,Medium,1,0.7270872839643654,0.1994778554879194,0.5883391132659659,1,0,0,1,1,1,0,0,0,0.1109,0.055203,0.184755,Normal
2024-03-02 05:30:00,Dorm A,Room 104,32,Large,3,0.4881965378512251,0.6904554540725723,0.5064550935751607,1,0,1,1,0,0,0,1,1,0.3132,0.220169,0.254049,Normal
2024-03-02 06:00:00,Dorm A,Room 108,15,Small,1,0.2617356086862459,0.5098159901758355,0.5616078300051927,1,0,1,0,1,1,0,0,0,0.0817,0.051084,0.172123,Normal
2024-03-02 06:30:00,Dorm B,Room 105,19,Medium,3,0.5650478157301018,0.5536967263679189,0.357907412403053,1,1,0,1,0,1,0,1,1,0.8797,0.627163,0.257835,Normal
2024-03-02 07:00:00,Dorm B,Room 105,19,Medium,3,0.3326161881757686,0.3689744776445915,0.4036927874399829,1,1,1,1,0,1,1,1,1,1.6134,1.0,0.260319,Abnormal
2024-03-02 07:30:00,Dorm A,Room 104,32,Large,3,0.586094062403902,0.6834937521264537,0.6241834507978471,1,0,0,1,0,1,0,0,1,0.0999,0.083571,0.257138,Normal
2024-03-02 08:00:00,Dorm A,Room 107,25,Medium,3,0.5816267715954329,0.3218061760221767,0.6497682850441574,1,0,1,0,0,0,0,0,1,0.0513,0.049539,0.261536,Normal
2024-03-02 08:30:00,Dorm A,Room 107,25,Medium,3,0.4000556813288589,0.6183668988252575,0.3250342351771017,0,0,0,1,0,1,1,0,0,0.8446,0.549542,0.257607,Normal
2024-03-02 09:00:00,Dorm A,Room 107,25,Medium,3,0.6768298242392427,0.6166791098539741,0.4926076789845343,0,1,1,1,1,1,0,0,0,0.6719,0.461704,0.267435,Normal
2024-03-02 09:30:00,Dorm A,Room 103,17,Medium,2,0.6345035534345501,0.3529157689805195,0.410946930492573,0,0,1,1,0,1,0,0,1,0.1027,0.062023,0.256705,Normal
2024-03-02 10:00:00,Dorm C,Room 108,20,Medium,1,0.657351255587745,0.7875613061088642,0.3790245552093218,1,0,1,1,0,0,0,0,1,0.1093,0.084668,0.231569,Normal
2024-03-02 10:30:00,Dorm C,Room 106,15,Small,1,0.527582562543674,0.53010700346415,0.4968190397563798,0,0,1,1,0,1,0,0,0,0.104,0.066045,0.185242,Normal
2024-03-02 11:00:00,Dorm C,Room 106,15,Small,1,0.3364277227668072,0.5921783940071734,0.5995276221405801,0,1,1,1,0,1,0,0,0,0.7305,0.44063,0.185612,Normal
2024-03-02 11:30:00,Dorm B,Room 106,24,Medium,2,0.657626226690947,0.2716527497915094,0.516832666638296,1,0,1,1,0,1,0,1,0,0.3185,0.209696,0.223218,Normal
2024-03-02 12:00:00,Dorm C,Room 108,20,Medium,1,0.4901094668399595,0.8073065643008552,0.4243152816306433,0,0,0,1,0,1,0,0,0,0.0731,0.060676,0.228922,Normal
2024-03-02 12:30:00,Dorm C,Room 105,11,Small,1,0.3398826080480966,0.3161180769309089,0.5244145769147952,1,0,1,1,0,1,0,0,1,0.1262,0.060865,0.215042,Normal
2024-03-02 13:00:00,Dorm C,Room 106,15,Small,1,0.7078401878179723,0.6467003119603227,0.4194608733916949,1,0,0,1,0,1,0,0,0,0.0915,0.058312,0.192949,Normal
2024-03-02 13:30:00,Dorm C,Room 103,22,Medium,2,0.8081384665404903,0.3498877255802434,0.5120880965071877,0,1,0,1,0,0,0,0,0,0.6552,0.465356,0.268934,Normal
2024-03-02 14:00:00,Dorm A,Room 101,20,Medium,2,0.5208582610891446,0.4051134571749713,0.6301801333344693,1,0,0,0,1,1,0,0,1,0.0536,0.042155,0.267837,Normal
2024-03-02 14:30:00,Dorm C,Room 102,22,Medium,2,0.8161521538782331,0.6119978723184885,0.2134514183419404,1,0,1,1,0,1,0,0,0,0.1196,0.075075,0.253142,Normal
2024-03-02 15:00:00,Dorm B,Room 101,14,Small,4,0.5386484577389663,0.6470921533877494,0.5582928671141042,1,0,1,1,0,0,1,0,0,0.9342,0.671238,0.317905,Normal
2024-03-02 15:30:00,Dorm C,Room 103,22,Medium,2,0.4753359093881359,0.3092509477580149,0.278007515405177,1,0,0,1,1,1,0,1,0,0.3221,0.186168,0.27766,Normal
2024-03-02 16:00:00,Dorm B,Room 101,14,Small,4,0.4417850746472732,0.6563389094682566,0.6100087212734802,1,1,1,1,0,1,0,0,1,0.7442,0.514192,0.330272,Normal
2024-03-02 16:30:00,Dorm C,Room 101,21,Medium,1,0.7460935256181707,0.6496533714273667,0.3862234215602619,1,0,1,1,0,0,0,0,0,0.1125,0.066868,0.2404,Normal
2024-03-02 17:00:00,Dorm A,Room 105,18,Medium,1,0.4216969954224998,0.3582378462518886,0.316563703083759,1,0,1,0,1,0,0,0,0,0.0653,0.023061,0.18458,Normal
2024-03-02 17:30:00,Dorm A,Room 106,32,Large,3,0.6250684312084365,0.731021281848288,0.5460580202566226,1,1,1,1,1,1,0,1,1,0.9334,0.655419,0.33716,Normal
2024-03-02 18:00:00,Dorm A,Room 105,18,Medium,1,0.4513529529910549,0.2819787509236106,0.5063362555767013,1,1,0,1,0,0,1,1,1,1.5701,0.945719,0.175169,Abnormal
2024-03-02 18:30:00,Dorm C,Room 104,13,Small,2,0.4646197668761563,0.4042634624966821,0.342775152199543,1,1,1,1,1,1,0,0,0,0.7846,0.524057,0.262175,Normal
2024-03-02 19:00:00,Dorm A,Room 106,32,Large,3,0.6646553798793249,0.5664762477742353,0.3123253789431744,1,0,1,1,1,1,0,0,1,0.1473,0.11014,0.349152,Normal
2024-03-02 19:30:00,Dorm B,Room 102,14,Small,2,0.4753921477808119,0.3706395294601073,0.4401549556349811,1,0,1,0,0,0,0,0,1,0.0564,0.026342,0.225006,Normal
2024-03-02 20:00:00,Dorm B,Room 105,19,Medium,3,0.4720695038580249,0.5348524887927395,0.3181934185546909,1,1,1,1,0,1,0,1,1,0.9157,0.612039,0.279472,Normal
2024-03-02 20:30:00,Dorm B,Room 108,20,Medium,3,0.6784184633523711,0.5315101356867908,0.3353027303897813,1,0,1,1,1,1,0,0,1,0.1476,0.102361,0.238156,Normal
2024-03-02 21:00:00,Dorm C,Room 108,20,Medium,1,0.7407677050325161,0.4685883920634919,0.4765179509796277,0,0,1,1,1,1,0,0,1,0.1277,0.094692,0.217656,Normal
2024-03-02 21:30:00,Dorm C,Room 104,13,Small,2,0.6129124829604773,0.6184122395099727,0.3467719646591023,1,0,1,1,1,1,0,0,0,0.1323,0.085847,0.263779,Normal
2024-03-02 22:00:00,Dorm C,Room 103,22,Medium,2,0.4385224474146639,0.4625208505880406,0.513818653671677,1,0,1,0,0,1,0,0,0,0.0625,0.05485,0.263138,Normal
2024-03-02 22:30:00,Dorm A,Room 103,17,Medium,2,0.4578691747087969,0.5301088535068521,0.6414186132917735,0,0,1,1,1,1,1,0,1,0.8178,0.527011,0.257312,Normal
2024-03-02 23:00:00,Dorm A,Room 101,20,Medium,2,0.5371186270952293,0.6645687271184202,0.4448248928131127,0,0,1,1,0,1,0,0,1,0.1141,0.083716,0.256059,Normal
2024-03-02 23:30:00,Dorm A,Room 104,32,Large,3,0.5694632878333276,0.6122818269220178,0.4782611387935966,1,0,1,1,0,1,0,0,1,0.1281,0.109281,0.257736,Normal
2024-03-03 00:00:00,Dorm B,Room 106,24,Medium,2,0.3938202899322482,0.6115956741756605,0.7047568290035867,1,0,0,1,1,1,0,0,1,0.1099,0.073145,0.226168,Normal
2024-03-03 00:30:00,Dorm A,Room 106,32,Large,3,0.6234269572044726,0.3271956657995813,0.3201712138562096,1,0,0,1,0,1,0,0,0,0.0925,0.04785,0.341371,Normal
2024-03-03 01:00:00,Dorm C,Room 107,21,Medium,2,0.5378698985676613,0.573205621209699,0.6055587548371323,0,0,0,0,0,1,0,0,0,0.011,0.003982,0.190924,Normal
2024-03-03 01:30:00,Dorm A,Room 103,17,Medium,2,0.2961424047944702,0.3669754035943217,0.5911171279407287,0,1,1,1,0,1,0,0,1,0.7452,0.498496,0.26469,Normal
2024-03-03 02:00:00,Dorm B,Room 101,14,Small,4,0.4017300772429347,0.307762117398659,0.5651389252209478,0,1,1,1,0,1,0,0,0,0.6687,0.460748,0.339891,Normal
2024-03-03 02:30:00,Dorm A,Room 105,18,Medium,1,0.4587387800763385,0.4855430691648582,0.6176171967963311,1,0,0,1,1,0,0,0,0,0.101,0.034266,0.190631,Normal
2024-03-03 03:00:00,Dorm C,Room 108,20,Medium,1,0.5166161958819087,0.3631843189897124,0.4963074027727482,0,1,0,1,0,1,0,0,0,0.7237,0.433702,0.219247,Normal
2024-03-03 03:30:00,Dorm B,Room 101,14,Small,4,0.7799387776725409,0.6122717613344264,0.3927132993831551,0,0,1,1,0,1,0,0,0,0.1075,0.075495,0.328694,Normal
2024-03-03 04:00:00,Dorm B,Room 108,20,Medium,3,0.5583568997643897,0.6157867554541947,0.5939622851968721,1,0,0,1,0,1,0,1,0,0.2712,0.192764,0.229835,Normal
2024-03-03 04:30:00,Dorm C,Room 103,22,Medium,2,0.4135605972375228,0.2164677962720712,0.5985533842387206,0,1,1,0,1,1,0,0,0,0.6301,0.420712,0.249533,Normal
2024-03-03 05:00:00,Dorm B,Room 103,12,Small,1,0.5560029298620514,0.3743523347830381,0.5952508296579536,1,0,1,1,0,1,0,0,0,0.1252,0.065449,0.221061,Normal
2024-03-03 05:30:00,Dorm B,Room 101,14,Small,4,0.4791429719068588,0.2815482934093026,0.4679858829613788,1,0,0,0,0,1,0,0,0,0.0273,0.038921,0.327841,Normal
2024-03-03 06:00:00,Dorm B,Room 107,14,Small,3,0.569977036810172,0.4280923337619908,0.3767255764830819,0,0,0,1,1,1,0,1,0,0.2733,0.198008,0.236613,Normal
2024-03-03 06:30:00,Dorm B,Room 106,24,Medium,2,0.6043071686333746,0.5629745958208616,0.4856046081652123,1,0,0,1,1,1,0,0,0,0.1131,0.08999,0.216001,Normal
2024-03-03 07:00:00,Dorm A,Room 105,18,Medium,1,0.6886749764152004,0.4604740687742515,0.5756857556083423,0,0,1,1,0,1,1,0,0,0.8606,0.560239,0.190961,Normal
2024-03-03 07:30:00,Dorm B,Room 102,14,Small,2,0.5231345456952328,0.4094090860894829,0.5855378545239855,0,0,0,1,0,1,1,0,0,0.7919,0.50943,0.22366,Normal
2024-03-03 08:00:00,Dorm C,Room 103,22,Medium,2,0.7463455729695128,0.6871574382273316,0.4110990124981811,1,1,0,1,1,0,1,0,0,1.3602,0.939582,0.256495,Abnormal
2024-03-03 08:30:00,Dorm A,Room 108,15,Small,1,0.648252271462336,0.1573552160347026,0.5004820892232893,1,1,1,1,0,1,0,0,0,0.6828,0.450018,0.171495,Normal
2024-03-03 09:00:00,Dorm C,Room 105,11,Small,1,0.4314540606252541,0.6778540757094638,0.3056336606545256,0,0,1,1,1,0,0,0,0,0.1129,0.070203,0.215241,Normal
2024-03-03 09:30:00,Dorm B,Room 106,24,Medium,2,0.8229608252256249,0.4160915781396467,0.580810858192866,1,0,1,1,1,0,0,0,0,0.1263,0.106467,0.208641,Normal
2024-03-03 10:00:00,Dorm B,Room 106,24,Medium,2,0.5702771491512851,0.4846021221982633,0.3686739216864315,1,0,1,1,1,0,0,0,1,0.1387,0.130083,0.209121,Normal
2024-03-03 10:30:00,Dorm B,Room 105,19,Medium,3,0.4143184875547202,0.4185788999645836,0.5568536016659352,1,1,1,1,0,0,0,1,1,0.9611,0.660221,0.290938,Normal
2024-03-03 11:00:00,Dorm B,Room 105,19,Medium,3,0.7482180291285082,0.7228267674161184,0.3247656263920042,1,0,0,1,0,0,0,1,1,0.3018,0.183344,0.299813,Normal
2024-03-03 11:30:00,Dorm A,Room 108,15,Small,1,0.8052356866096987,0.315174353451523,0.5863853322792333,1,0,1,1,0,1,0,0,1,0.1178,0.051579,0.17977,Normal
2024-03-03 12:00:00,Dorm C,Room 104,13,Small,2,0.5219617858067986,0.4978059604586313,0.5012573666789775,1,0,1,1,0,1,0,0,0,0.1155,0.079542,0.264355,Normal
2024-03-03 12:30:00,Dorm C,Room 101,21,Medium,1,0.4588029840805054,0.5735944933401167,0.3689079892971409,1,0,1,1,0,0,0,0,0,0.1014,0.048778,0.240498,Normal
2024-03-03 13:00:00,Dorm C,Room 101,21,Medium,1,0.5032607823758137,0.2593253045679433,0.5455885985084223,1,1,1,1,0,1,0,0,1,0.7712,0.465963,0.22068,Normal
2024-03-03 13:30:00,Dorm C,Room 106,15,Small,1,0.6223122471817192,0.3608912764895689,0.391821663339036,1,0,1,1,1,0,0,0,0,0.1383,0.090584,0.192397,Normal
2024-03-03 14:00:00,Dorm B,Room 107,14,Small,3,0.6978847218624666,0.474304579292169,0.5525706558028257,1,1,1,1,0,1,0,0,1,0.703,0.485584,0.239442,Normal
2024-03-03 14:30:00,Dorm A,Room 106,32,Large,3,0.6029543649758466,0.3657752777625401,0.4297620088447969,1,0,1,1,1,1,0,0,0,0.1368,0.107323,0.330618,Normal
2024-03-03 15:00:00,Dorm A,Room 102,15,Small,3,0.5400452962419089,0.3762203321121088,0.2561740217259504,0,1,1,0,0,1,0,1,0,0.8238,0.578008,0.27421,Normal
2024-03-03 15:30:00,Dorm C,Room 103,22,Medium,2,0.7274299720582967,0.4446647176595231,0.3447871183448081,1,0,1,1,0,1,0,0,0,0.1231,0.067117,0.274144,Normal
2024-03-03 16:00:00,Dorm B,Room 107,14,Small,3,0.4844105702603197,0.5915448007632846,0.4110104053127492,1,0,1,1,0,1,0,0,0,0.1201,0.085853,0.239348,Normal
2024-03-03 16:30:00,Dorm B,Room 101,14,Small,4,0.6647452474767096,0.4457147429577024,0.6267877976828037,1,0,1,1,0,1,0,0,0,0.1242,0.083029,0.31863,Normal
2024-03-03 17:00:00,Dorm B,Room 102,14,Small,2,0.4877352462115377,0.6545686114252314,0.5707566468240013,1,1,1,0,1,1,0,0,0,0.671,0.445629,0.233248,Normal
2024-03-03 17:30:00,Dorm A,Room 103,17,Medium,2,0.5842379713812199,0.3494488881489639,0.6574606581425738,1,0,1,1,1,0,0,0,0,0.1339,0.084807,0.263138,Normal
2024-03-03 18:00:00,Dorm C,Room 105,11,Small,1,0.5111535213371049,0.312096420356389,0.6610326032070312,1,0,1,1,0,0,0,0,0,0.1154,0.085567,0.207704,Normal
2024-03-03 18:30:00,Dorm C,Room 101,21,Medium,1,0.5188983683148013,0.7791803404175852,0.3984932675474075,0,0,1,1,1,1,0,0,0,0.1238,0.075694,0.228894,Normal
2024-03-03 19:00:00,Dorm B,Room 108,20,Medium,3,0.4757478271308091,0.399386455263945,0.4400343417374669,1,1,1,1,1,1,0,1,0,0.8989,0.632654,0.223988,Normal
2024-03-03 19:30:00,Dorm C,Room 105,11,Small,1,0.7068759017328885,0.3034271813310519,0.4133059937170222,1,1,1,1,1,0,0,1,0,0.9132,0.584651,0.197627,Normal
2024-03-03 20:00:00,Dorm C,Room 106,15,Small,1,0.4280337230141201,0.2400657888642536,0.3820862776996094,1,1,1,1,0,1,0,0,0,0.7724,0.449629,0.192834,Normal
2024-03-03 20:30:00,Dorm C,Room 103,22,Medium,2,0.4270532146423261,0.6540802954941349,0.2417239985992175,1,0,1,1,0,1,0,1,0,0.3456,0.230465,0.265366,Normal
2024-03-03 21:00:00,Dorm C,Room 107,21,Medium,2,0.8110353563519858,0.4459224385095652,0.4608777205660684,1,0,1,1,1,1,1,0,1,0.8408,0.56475,0.173132,Normal
2024-03-03 21:30:00,Dorm B,Room 104,25,Medium,3,0.6576229108881474,0.4587955245194956,0.3084184754030488,1,0,1,1,1,1,0,1,1,0.3634,0.222115,0.251239,Normal
2024-03-03 22:00:00,Dorm B,Room 107,14,Small,3,0.206306884000189,0.4726845932576912,0.458547415520445,1,0,1,1,0,1,0,0,1,0.1261,0.077331,0.239035,Normal
2024-03-03 22:30:00,Dorm B,Room 101,14,Small,4,0.4505350048464359,0.6449450666977774,0.71647472839317,0,0,1,1,1,1,0,0,0,0.1219,0.09432,0.30722,Normal
2024-03-03 23:00:00,Dorm C,Room 102,22,Medium,2,0.2832213023723094,0.4696971359097587,0.4015411748662017,0,0,0,1,1,1,0,0,0,0.0971,0.072752,0.244883,Normal
2024-03-03 23:30:00,Dorm A,Room 105,18,Medium,1,0.3988092772553159,0.840567512565016,0.4860139139129761,0,0,1,1,1,0,0,0,0,0.114,0.079461,0.20132,Normal
2024-03-04 00:00:00,Dorm B,Room 103,12,Small,1,0.1051989898861473,0.515738856516476,0.5714170489562473,0,0,1,1,0,1,0,0,1,0.1047,0.060849,0.212429,Normal
2024-03-04 00:30:00,Dorm C,Room 103,22,Medium,2,0.5080095700520603,0.6521229573723579,0.496273370576925,1,1,0,1,0,1,0,0,0,0.6791,0.435589,0.269082,Normal
2024-03-04 01:00:00,Dorm B,Room 105,19,Medium,3,0.373142999397674,0.614420657132769,0.4977361448677697,0,0,1,1,0,0,0,0,1,0.0895,0.046182,0.302234,Normal
2024-03-04 01:30:00,Dorm A,Room 101,20,Medium,2,0.5344332447418219,0.4907247989069341,0.4191697964470088,1,0,0,1,0,1,0,1,0,0.2809,0.195755,0.257062,Normal
2024-03-04 02:00:00,Dorm B,Room 103,12,Small,1,0.3082993666786126,0.4098188529962631,0.4348287361095386,1,0,0,1,0,1,0,0,0,0.0881,0.063525,0.203849,Normal
2024-03-04 02:30:00,Dorm A,Room 108,15,Small,1,0.5375207753005641,0.5448671771987112,0.3474751186976804,1,0,0,1,1,1,0,0,0,0.1007,0.053705,0.178944,Normal
2024-03-04 03:00:00,Dorm A,Room 101,20,Medium,2,0.4707112593133677,0.5710461874821267,0.5641464988040578,1,0,0,1,1,1,0,0,0,0.1089,0.0925,0.260173,Normal
2024-03-04 03:30:00,Dorm B,Room 106,24,Medium,2,0.727958888176273,0.4119328892849001,0.2537213038178899,0,0,0,1,0,1,0,0,0,0.0665,0.058144,0.210065,Normal
2024-03-04 04:00:00,Dorm A,Room 108,15,Small,1,0.715800712611469,0.5205266207597878,0.5791478707486625,1,0,0,1,1,1,0,0,0,0.1145,0.086705,0.179226,Normal
2024-03-04 04:30:00,Dorm B,Room 108,20,Medium,3,0.631788768388732,0.6777560646461849,0.2942461565408947,0,0,0,1,0,1,0,0,0,0.0722,0.049671,0.236575,Normal
2024-03-04 05:00:00,Dorm B,Room 104,25,Medium,3,0.4825616284365208,0.8002843970405702,0.5781304026386104,1,1,1,1,1,1,0,0,1,0.7888,0.565054,0.25358,Normal
2024-03-04 05:30:00,Dorm B,Room 107,14,Small,3,0.7928358016889334,0.6216408111032472,0.4201997225588483,1,1,0,1,1,1,0,0,0,0.6752,0.4656,0.239596,Normal
2024-03-04 06:00:00,Dorm A,Room 102,15,Small,3,0.3179734473506365,0.7698356689899593,0.3148604604023108,0,0,0,0,0,1,0,0,1,0.0144,0.0,0.282374,Normal
2024-03-04 06:30:00,Dorm C,Room 101,21,Medium,1,0.3380335080322085,0.4035871989245264,0.5321451002919378,0,0,1,1,1,1,0,0,1,0.128,0.090982,0.228349,Normal
2024-03-04 07:00:00,Dorm A,Room 101,20,Medium,2,0.515149984195189,0.5992310378883716,0.5740706697978453,0,0,0,1,0,1,0,1,1,0.273,0.192008,0.249853,Normal
2024-03-04 07:30:00,Dorm A,Room 104,32,Large,3,0.8288901961429213,0.6927923916397161,0.4100909671771008,1,0,0,1,0,1,0,1,1,0.2952,0.2227,0.258603,Normal
2024-03-04 08:00:00,Dorm B,Room 107,14,Small,3,0.4992395613323598,0.364354407295104,0.5490982031458996,1,0,0,1,0,1,0,0,0,0.085,0.076466,0.245339,Normal
2024-03-04 08:30:00,Dorm B,Room 108,20,Medium,3,0.5018019686119347,0.424717968177579,0.1885068027072164,0,0,1,1,0,1,1,0,0,0.898,0.628006,0.22766,Normal
2024-03-04 09:00:00,Dorm A,Room 102,15,Small,3,0.3328866307729758,0.751486765209535,0.3042158641734985,0,0,1,1,1,1,0,0,0,0.121,0.098542,0.272166,Normal
2024-03-04 09:30:00,Dorm A,Room 103,17,Medium,2,0.6533394551734303,0.3527788847066861,0.6176965061289158,1,0,1,1,0,1,0,0,0,0.1237,0.087987,0.254641,Normal
2024-03-04 10:00:00,Dorm B,Room 101,14,Small,4,0.6543119724377575,0.2989862860609019,0.4358135289436075,0,1,1,1,0,1,0,0,0,0.6738,0.49517,0.304243,Normal
2024-03-04 10:30:00,Dorm A,Room 104,32,Large,3,0.6322892878402759,0.720636076736336,0.2392383987456186,1,1,1,1,1,0,0,1,0,0.8968,0.623192,0.254532,Normal
2024-03-04 11:00:00,Dorm A,Room 102,15,Small,3,0.4419511873413927,0.6719596338006439,0.3788044460408393,1,1,1,1,0,1,0,0,0,0.764,0.531482,0.273876,Normal
2024-03-04 11:30:00,Dorm B,Room 104,25,Medium,3,0.4315524006670301,0.55958632905667,0.351867204018257,1,1,1,1,0,1,0,1,1,0.9508,0.629935,0.26326,Normal
2024-03-04 12:00:00,Dorm A,Room 105,18,Medium,1,0.3528542876852524,0.489363427964801,0.4427366676343175,1,0,1,0,0,0,0,0,0,0.0463,0.026155,0.193587,Normal
2024-03-04 12:30:00,Dorm A,Room 101,20,Medium,2,0.5376496962337608,0.4316348141656915,0.4181682259829959,1,0,1,1,1,1,0,0,0,0.1301,0.069204,0.252686,Normal
2024-03-04 13:00:00,Dorm B,Room 102,14,Small,2,0.3814010491686204,0.5375168749926731,0.4841133256445845,0,0,0,1,1,1,0,0,0,0.0933,0.069441,0.239736,Normal
2024-03-04 13:30:00,Dorm A,Room 102,15,Small,3,0.3683822266362336,0.7282524281417644,0.4543131954707425,1,1,0,1,1,1,0,1,0,0.934,0.648023,0.272408,Normal
2024-03-04 14:00:00,Dorm A,Room 103,17,Medium,2,0.4695337123412417,0.5311412685392436,0.6257740840860676,1,0,1,1,1,1,0,0,0,0.1391,0.077806,0.254348,Normal
2024-03-04 14:30:00,Dorm C,Room 105,11,Small,1,0.4607481188678858,0.8145413853219974,0.5135798317701724,1,0,1,1,0,1,0,0,0,0.1237,0.051539,0.201014,Normal
2024-03-04 15:00:00,Dorm C,Room 104,13,Small,2,0.4541960628251197,0.3641179968120324,0.5175535792468362,1,0,1,1,0,0,0,0,1,0.1154,0.073595,0.254465,Normal
2024-03-04 15:30:00,Dorm A,Room 106,32,Large,3,0.5889916250960469,0.493188843525875,0.6024301845363468,0,0,1,1,0,1,0,0,0,0.1087,0.079583,0.312021,Normal
2024-03-04 16:00:00,Dorm C,Room 104,13,Small,2,0.5370022120409036,0.4412557911969357,0.4160066455148248,0,1,0,0,0,1,1,1,0,1.5571,0.997707,0.243359,Abnormal
2024-03-04 16:30:00,Dorm B,Room 103,12,Small,1,0.4877227342720113,0.336606813883303,0.3112603283476309,0,0,1,1,0,0,0,0,0,0.089,0.036978,0.203949,Normal
2024-03-04 17:00:00,Dorm A,Room 105,18,Medium,1,0.5509545367927136,0.4735837023689165,0.6074464887167086,0,0,1,0,1,1,0,0,0,0.0613,0.054746,0.193259,Normal
2024-03-04 17:30:00,Dorm B,Room 103,12,Small,1,0.3933289589439951,0.5574126256284588,0.4789438469355688,0,0,1,1,0,1,0,0,1,0.1035,0.06811,0.19412,Normal
2024-03-04 18:00:00,Dorm A,Room 101,20,Medium,2,0.5405224399981756,0.5731229705504792,0.4793648746853913,1,0,1,1,0,0,0,0,1,0.1201,0.105467,0.252375,Normal
2024-03-04 18:30:00,Dorm B,Room 105,19,Medium,3,0.5466049925014875,0.8150547098935843,0.3866667910358183,1,0,1,1,1,1,0,1,1,0.3442,0.250145,0.301019,Normal
2024-03-04 19:00:00,Dorm B,Room 102,14,Small,2,0.3246819915928043,0.5643401354029229,0.3886432373574658,1,0,1,1,1,1,1,0,1,0.9035,0.559323,0.240249,Normal
2024-03-04 19:30:00,Dorm A,Room 101,20,Medium,2,0.6600179047066937,0.6651073312487672,0.5642277576566638,1,0,1,1,1,1,0,0,1,0.1395,0.09979,0.253404,Normal
2024-03-04 20:00:00,Dorm A,Room 107,25,Medium,3,0.4081037015128941,0.5057944915530581,0.5807755506173921,1,0,1,1,0,0,1,0,1,0.8553,0.582912,0.264636,Normal
2024-03-04 20:30:00,Dorm B,Room 105,19,Medium,3,0.5385135942330223,0.7426912250452111,0.5566818110392637,1,1,1,1,1,0,0,0,1,0.7619,0.545232,0.303042,Normal
2024-03-04 21:00:00,Dorm A,Room 102,15,Small,3,0.6826601908401628,0.8485615738579935,0.5577781152814979,0,1,1,1,1,1,0,0,1,0.7694,0.527765,0.270143,Normal
2024-03-04 21:30:00,Dorm B,Room 108,20,Medium,3,0.6506214858153913,0.5741303864551042,0.5309131216924389,0,1,1,0,1,1,0,0,1,0.6921,0.461667,0.23958,Normal
2024-03-04 22:00:00,Dorm B,Room 107,14,Small,3,0.5310014496467167,0.3501982121282553,0.4784256969777452,1,1,1,1,1,1,0,1,0,0.9581,0.65464,0.246546,Abnormal
2024-03-04 22:30:00,Dorm A,Room 105,18,Medium,1,0.4777457609172537,0.4154277914485535,0.4416068015774593,0,0,1,1,1,1,0,0,0,0.1188,0.070269,0.192886,Normal
2024-03-04 23:00:00,Dorm A,Room 101,20,Medium,2,0.6535518060783109,0.5375147336705766,0.6078488091019268,1,0,1,1,0,1,0,0,1,0.1321,0.084236,0.253982,Normal
2024-03-04 23:30:00,Dorm A,Room 105,18,Medium,1,0.6169392364946368,0.5631689330105403,0.4178119304897256,1,0,0,1,1,1,0,0,1,0.109,0.073505,0.192775,Normal
2024-03-05 00:00:00,Dorm B,Room 103,12,Small,1,0.443408037334233,0.5987229736705935,0.5070331758463513,1,0,1,1,1,1,0,0,1,0.1422,0.045094,0.194273,Normal
2024-03-05 00:30:00,Dorm C,Room 102,22,Medium,2,0.4197175478187006,0.5637126396231942,0.3661900464987696,1,0,1,0,1,1,0,0,1,0.0843,0.037149,0.244427,Normal
2024-03-05 01:00:00,Dorm C,Room 105,11,Small,1,0.2482796931445841,0.4971076783301334,0.3835512921157955,1,0,0,1,1,1,0,0,0,0.1155,0.070755,0.200317,Normal
2024-03-05 01:30:00,Dorm A,Room 101,20,Medium,2,0.5470652178718116,0.4025842978373455,0.4343156758811478,1,0,1,1,0,1,1,0,1,0.927,0.604223,0.251089,Normal
2024-03-05 02:00:00,Dorm A,Room 107,25,Medium,3,0.5152956409570825,0.5550331612747892,0.3661989987618528,1,0,0,0,0,1,0,0,1,0.0331,0.052605,0.27512,Normal
2024-03-05 02:30:00,Dorm A,Room 106,32,Large,3,0.678872962140611,0.7686934335863602,0.5583647919950894,1,0,0,1,0,1,0,0,0,0.0887,0.061978,0.302252,Normal
2024-03-05 03:00:00,Dorm A,Room 106,32,Large,3,0.5745797421778307,0.6459717007572032,0.3009241486376945,0,0,0,1,0,1,0,0,0,0.0705,0.028097,0.302599,Normal
2024-03-05 03:30:00,Dorm A,Room 102,15,Small,3,0.7054500276744964,0.5746622145398808,0.4745515126707952,1,0,1,1,0,1,0,0,0,0.1261,0.077768,0.276314,Normal
2024-03-05 04:00:00,Dorm B,Room 101,14,Small,4,0.4328061880020117,0.647388165325816,0.4785439108272079,1,0,1,1,0,1,0,0,0,0.1259,0.103524,0.310538,Normal
2024-03-05 04:30:00,Dorm A,Room 107,25,Medium,3,0.6791358579387625,0.4415489268892082,0.2454064747387991,1,0,0,1,0,1,0,0,0,0.0809,0.052575,0.274589,Normal
2024-03-05 05:00:00,Dorm C,Room 101,21,Medium,1,0.45541222117046,0.4213856044818503,0.409737636638849,1,0,0,1,0,1,0,0,0,0.093,0.026614,0.22876,Normal
2024-03-05 05:30:00,Dorm B,Room 105,19,Medium,3,0.6307487646899573,0.386185321561214,0.4933231128639629,1,0,1,1,0,1,0,0,0,0.1158,0.090153,0.312703,Normal
2024-03-05 06:00:00,Dorm B,Room 106,24,Medium,2,0.3306255910933615,0.4776688155755457,0.5140812310672542,1,0,0,1,0,1,1,1,1,0.9925,0.645978,0.209214,Abnormal
2024-03-05 06:30:00,Dorm B,Room 107,14,Small,3,0.5579494616741781,0.4340624185739425,0.4381363841396891,0,1,1,1,0,1,0,1,0,0.847,0.578815,0.257983,Normal
2024-03-05 07:00:00,Dorm B,Room 101,14,Small,4,0.2600448094987702,0.6736513868027509,0.5438528601894383,1,1,0,1,0,1,0,0,0,0.6768,0.456653,0.31171,Normal
2024-03-05 07:30:00,Dorm A,Room 104,32,Large,3,0.4905434643617092,0.4262267800061303,0.4495323906165257,0,1,0,1,1,1,1,0,0,1.3494,0.928834,0.265751,Abnormal
2024-03-05 08:00:00,Dorm B,Room 107,14,Small,3,0.5854902147775832,0.3781117384911402,0.4642849268296721,0,0,1,0,0,1,0,0,0,0.0434,0.0,0.268126,Normal
2024-03-05 08:30:00,Dorm C,Room 101,21,Medium,1,0.4564788353290524,0.7815657909239002,0.4928377564150915,1,0,1,1,0,1,0,0,0,0.1239,0.087462,0.217901,Normal
2024-03-05 09:00:00,Dorm B,Room 102,14,Small,2,0.3854230420218444,0.429746248487296,0.5738585751527231,1,1,0,1,0,1,0,0,1,0.7453,0.476482,0.242921,Normal
2024-03-05 09:30:00,Dorm B,Room 108,20,Medium,3,0.6399446067724701,0.5186439801071556,0.3815815188349133,1,0,1,1,0,1,0,0,0,0.118,0.095039,0.248082,Normal
2024-03-05 10:00:00,Dorm A,Room 105,18,Medium,1,0.5125089310320232,0.5624083747867721,0.4042432722845292,1,0,1,0,0,1,0,1,0,0.2444,0.134328,0.192819,Normal
2024-03-05 10:30:00,Dorm B,Room 108,20,Medium,3,0.4606924959295433,0.3290307017934632,0.3823998913098356,1,0,1,1,0,0,0,0,1,0.111,0.074171,0.248773,Normal
2024-03-05 11:00:00,Dorm C,Room 101,21,Medium,1,0.532016356418576,0.6776500745130176,0.4227934379817424,1,1,1,1,0,0,0,0,0,0.7357,0.471272,0.2162,Normal
2024-03-05 11:30:00,Dorm B,Room 103,12,Small,1,0.8802400345935587,0.589713320078106,0.6337514490294678,1,1,1,1,0,0,0,1,0,0.8503,0.561577,0.194322,Normal
2024-03-05 12:00:00,Dorm B,Room 105,19,Medium,3,0.6811961962094826,0.7251040736216183,0.5313565024124189,1,0,1,1,1,1,0,0,0,0.1405,0.060511,0.313102,Normal
2024-03-05 12:30:00,Dorm B,Room 101,14,Small,4,0.6824135179099641,0.3962614876512739,0.326950848699895,1,0,1,1,1,1,1,0,0,0.8753,0.650682,0.320816,Normal
2024-03-05 13:00:00,Dorm A,Room 107,25,Medium,3,0.5848450153363755,0.5106488668588971,0.3906117391967344,1,0,1,1,1,1,0,0,0,0.1376,0.110637,0.26574,Normal
2024-03-05 13:30:00,Dorm A,Room 107,25,Medium,3,0.5487364928321454,0.5018649548850176,0.5073676517524256,1,0,1,1,0,1,0,0,0,0.1208,0.089014,0.266141,Normal
2024-03-05 14:00:00,Dorm C,Room 102,22,Medium,2,0.20483487766171,0.5348626892155461,0.3538938099215839,0,0,1,1,0,1,1,0,0,0.8094,0.504631,0.235334,Normal
2024-03-05 14:30:00,Dorm C,Room 104,13,Small,2,0.4352733411109674,0.2823083685451978,0.3756283931648301,0,1,1,1,1,0,0,0,0,0.7164,0.47574,0.25416,Normal
2024-03-05 15:00:00,Dorm C,Room 105,11,Small,1,0.4618998082327055,0.5123698756254627,0.6240009858278913,0,0,1,1,0,0,0,0,1,0.1012,0.064076,0.197983,Normal
2024-03-05 15:30:00,Dorm A,Room 105,18,Medium,1,0.2747796325537315,0.2864454660938022,0.3890606953988471,1,0,1,1,0,1,0,0,0,0.1258,0.048636,0.194002,Normal
2024-03-05 16:00:00,Dorm C,Room 106,15,Small,1,0.3710663619970474,0.5487425806845079,0.577177790731516,1,1,0,1,0,1,0,0,1,0.7354,0.435265,0.200396,Normal
2024-03-05 16:30:00,Dorm B,Room 104,25,Medium,3,0.2605616844307492,0.1832510670097215,0.6132473524163132,1,0,1,1,0,0,0,1,1,0.3145,0.229866,0.263164,Normal
2024-03-05 17:00:00,Dorm B,Room 107,14,Small,3,0.5212507070086962,0.2239686384078987,0.3746539957394697,1,1,1,1,0,0,0,0,0,0.7464,0.505347,0.263239,Normal
2024-03-05 17:30:00,Dorm B,Room 103,12,Small,1,0.6362738475938988,0.6163765508677317,0.3558787303949311,1,0,1,1,1,1,0,1,0,0.337,0.215706,0.204896,Normal
2024-03-05 18:00:00,Dorm C,Room 103,22,Medium,2,0.674925162109022,0.4157168017497361,0.4295195973639437,1,1,1,1,1,1,1,1,1,1.682,0.974958,0.276984,Abnormal
2024-03-05 18:30:00,Dorm C,Room 108,20,Medium,1,0.5820587332358436,0.3509037671539742,0.3320449918705658,1,0,1,1,1,1,0,0,0,0.1348,0.092382,0.21868,Normal
2024-03-05 19:00:00,Dorm A,Room 102,15,Small,3,0.3971041542914862,0.682846915681802,0.4771673558539701,1,0,1,1,0,1,0,1,0,0.3319,0.231432,0.276358,Normal
2024-03-05 19:30:00,Dorm C,Room 105,11,Small,1,0.2671068906392136,0.5442296993705367,0.4379750609108651,1,1,1,0,0,1,0,1,0,0.832,0.531735,0.198142,Normal
2024-03-05 20:00:00,Dorm B,Room 106,24,Medium,2,0.2906186006062439,0.6242451027228819,0.5059055597978377,1,1,1,1,0,1,0,0,0,0.779,0.502803,0.220659,Normal
2024-03-05 20:30:00,Dorm A,Room 108,15,Small,1,0.3560938793794489,0.4716499292093015,0.6302374494035459,0,0,0,1,0,1,0,1,1,0.2947,0.19297,0.180226,Normal
2024-03-05 21:00:00,Dorm A,Room 103,17,Medium,2,0.4071071186480722,0.8898842043185284,0.5607201696563882,1,1,0,0,1,1,0,0,1,0.6659,0.399195,0.245742,Normal
2024-03-05 21:30:00,Dorm A,Room 106,32,Large,3,0.5049552781109248,0.4072407206708685,0.5213407926469834,1,1,0,0,0,1,0,1,0,0.8601,0.576701,0.291027,Normal
2024-03-05 22:00:00,Dorm C,Room 103,22,Medium,2,0.3902910051902516,0.7524553591722278,0.226781366770454,0,0,1,1,0,1,0,0,1,0.1096,0.101786,0.296029,Normal
2024-03-05 22:30:00,Dorm C,Room 104,13,Small,2,0.5718850740051534,0.4870626991189117,0.5158385413471799,1,1,1,1,1,1,0,0,1,0.6861,0.46323,0.26268,Normal
2024-03-05 23:00:00,Dorm A,Room 106,32,Large,3,0.4952222795846958,0.2529313456195665,0.6693095846992125,1,0,1,1,1,1,0,0,1,0.1459,0.106369,0.301749,Normal
2024-03-05 23:30:00,Dorm A,Room 107,25,Medium,3,0.5278090965524869,0.5670414807152115,0.1014764458734321,0,0,1,1,1,1,0,0,1,0.1293,0.115687,0.247721,Normal
2024-03-06 00:00:00,Dorm A,Room 102,15,Small,3,0.6794177118290161,0.5423392334178088,0.5453517983553062,1,0,0,0,1,1,0,0,0,0.0477,0.020664,0.280116,Normal
2024-03-06 00:30:00,Dorm C,Room 102,22,Medium,2,0.3680044173647354,0.3415770219399843,0.4435288443167038,1,0,1,1,1,1,0,0,1,0.1514,0.102236,0.24445,Normal
2024-03-06 01:00:00,Dorm C,Room 103,22,Medium,2,0.5825848205546391,0.3605501624850737,0.3606976072843699,0,0,1,1,0,1,0,0,1,0.1056,0.076713,0.293817,Normal
2024-03-06 01:30:00,Dorm C,Room 105,11,Small,1,0.5245186064707575,0.4924515525506921,0.5587579027050747,0,0,0,1,0,1,0,0,0,0.0665,0.039317,0.197498,Normal
2024-03-06 02:00:00,Dorm A,Room 106,32,Large,3,0.4816393253556571,0.5474807291010377,0.6677593690245053,0,0,0,1,1,1,0,0,0,0.0903,0.03997,0.293471,Normal
2024-03-06 02:30:00,Dorm C,Room 103,22,Medium,2,0.6451969835583786,0.1329880525056906,0.555650952833287,0,0,0,1,0,1,0,0,0,0.0707,0.069297,0.293751,Normal
2024-03-06 03:00:00,Dorm C,Room 102,22,Medium,2,0.6443592725420684,0.6508497811355551,0.4181153233866085,1,0,0,1,0,1,0,1,0,0.2749,0.183447,0.246325,Normal
2024-03-06 03:30:00,Dorm A,Room 107,25,Medium,3,0.399372911764185,0.4234088528254848,0.3494594961180726,0,0,1,1,0,1,0,0,0,0.0988,0.072956,0.249377,Normal
2024-03-06 04:00:00,Dorm C,Room 108,20,Medium,1,0.5019475320337669,0.3003651621910988,0.4799978842801,0,0,1,1,0,1,0,0,0,0.099,0.050955,0.219055,Normal
2024-03-06 04:30:00,Dorm B,Room 106,24,Medium,2,0.5641330030767813,0.634381991776144,0.5674005825448506,0,0,0,1,0,1,0,0,1,0.0701,0.035098,0.230048,Normal
2024-03-06 05:00:00,Dorm C,Room 103,22,Medium,2,0.4897557978274692,0.4926102218607307,0.4162124798997597,0,0,0,1,1,1,0,0,1,0.0892,0.052846,0.284542,Normal
2024-03-06 05:30:00,Dorm C,Room 108,20,Medium,1,0.6049048566003133,0.6748110676339794,0.4278099249658711,0,0,0,1,0,0,0,0,0,0.0611,0.034914,0.216683,Normal
2024-03-06 06:00:00,Dorm A,Room 103,17,Medium,2,0.5641303640388174,0.5604434130346783,0.8012006434401776,0,0,1,1,0,1,0,0,0,0.0975,0.08066,0.253812,Normal
2024-03-06 06:30:00,Dorm A,Room 104,32,Large,3,0.7723271700328181,0.4958585884305423,0.5920522111202688,1,0,1,1,1,1,0,1,1,0.3372,0.243731,0.275474,Normal
2024-03-06 07:00:00,Dorm C,Room 103,22,Medium,2,0.3210273664266808,0.4736356956926529,0.600627231099146,0,0,1,1,1,0,0,0,0,0.1082,0.053637,0.282062,Normal
2024-03-06 07:30:00,Dorm C,Room 103,22,Medium,2,0.5099626902264096,0.5670214960873552,0.2874573861355368,1,0,1,1,0,1,0,0,0,0.1134,0.051167,0.273939,Normal
2024-03-06 08:00:00,Dorm C,Room 106,15,Small,1,0.4044710143813527,0.4353078665685898,0.3778060009315654,0,0,1,0,0,0,0,0,0,0.03,0.032386,0.198852,Normal
2024-03-06 08:30:00,Dorm B,Room 104,25,Medium,3,0.6074662519286498,0.3707855648011404,0.471606506016939,0,0,1,1,0,1,1,0,0,0.8743,0.618918,0.257315,Normal
2024-03-06 09:00:00,Dorm B,Room 106,24,Medium,2,0.309366187637532,0.585714501732669,0.3425411333185554,0,0,1,1,0,1,0,0,1,0.1037,0.060926,0.229163,Normal
2024-03-06 09:30:00,Dorm A,Room 106,32,Large,3,0.5728696892412641,0.4748469700198485,0.6546456827705622,1,0,1,1,1,0,0,0,0,0.1373,0.084867,0.29353,Normal
2024-03-06 10:00:00,Dorm C,Room 104,13,Small,2,0.4418401005198001,0.5010143243037399,0.6318413022240279,1,0,1,0,0,1,0,0,0,0.0593,0.038983,0.270344,Normal
2024-03-06 10:30:00,Dorm C,Room 104,13,Small,2,0.4278678724601491,0.6561783782645805,0.3986378867127041,1,0,1,1,1,1,0,0,0,0.1389,0.090112,0.270138,Normal
2024-03-06 11:00:00,Dorm B,Room 101,14,Small,4,0.3322709326095339,0.4793456518617346,0.6766626220827827,1,0,0,1,0,1,0,0,0,0.0853,0.063418,0.319883,Normal
2024-03-06 11:30:00,Dorm C,Room 102,22,Medium,2,0.4639797330377253,0.4982905751798333,0.4621368738491996,1,0,0,1,0,1,0,0,0,0.0937,0.076544,0.249181,Normal
2024-03-06 12:00:00,Dorm B,Room 104,25,Medium,3,0.6719359489928488,0.4079555941456488,0.7732944997885378,0,0,1,1,1,1,0,0,0,0.1229,0.100387,0.261022,Normal
2024-03-06 12:30:00,Dorm C,Room 105,11,Small,1,0.5230134703071,0.5593834762216325,0.4800049020977656,1,0,1,1,0,1,0,1,0,0.33,0.217607,0.196371,Normal
2024-03-06 13:00:00,Dorm B,Room 103,12,Small,1,0.610629789928415,0.5474925003634059,0.5317724879936829,0,0,1,1,0,0,0,1,1,0.3122,0.180678,0.208028,Normal
2024-03-06 13:30:00,Dorm B,Room 102,14,Small,2,0.7497920532680298,0.62846069243423,0.6305925569903843,1,0,0,1,0,1,0,0,0,0.089,0.067675,0.251786,Normal
2024-03-06 14:00:00,Dorm B,Room 107,14,Small,3,0.5617903603670519,0.4109713492891119,0.6159238887322818,1,0,1,1,0,1,0,0,0,0.1203,0.087523,0.263492,Normal
2024-03-06 14:30:00,Dorm A,Room 105,18,Medium,1,0.4514018378028667,0.4287995590354532,0.5239192096516582,1,1,1,1,0,1,0,0,1,0.7635,0.449431,0.193272,Normal
2024-03-06 15:00:00,Dorm B,Room 104,25,Medium,3,0.5891000090686975,0.6124950962793962,0.4457144772907702,1,0,1,1,1,1,0,0,0,0.1341,0.08669,0.262083,Normal
2024-03-06 15:30:00,Dorm C,Room 102,22,Medium,2,0.4533482261113535,0.5331468381068034,0.5243271816206275,1,0,1,1,1,1,0,0,0,0.1394,0.09732,0.23167,Normal
2024-03-06 16:00:00,Dorm C,Room 103,22,Medium,2,0.4586993234026852,0.3629017203437729,0.364729878189552,1,0,1,1,0,1,0,0,0,0.1293,0.062183,0.274108,Normal
2024-03-06 16:30:00,Dorm A,Room 101,20,Medium,2,0.3224212332216399,0.6880946930865066,0.4808983847266912,0,0,1,1,0,1,0,0,0,0.0958,0.05172,0.261277,Normal
2024-03-06 17:00:00,Dorm A,Room 107,25,Medium,3,0.6506994213778142,0.2464738188671747,0.3295640474636938,1,0,1,1,0,0,0,0,1,0.1121,0.079212,0.24918,Normal
2024-03-06 17:30:00,Dorm A,Room 103,17,Medium,2,0.4745915351476463,0.6113410573479692,0.248995711535077,1,0,0,1,1,0,0,0,1,0.1095,0.064487,0.253556,Normal
2024-03-06 18:00:00,Dorm A,Room 101,20,Medium,2,0.5508317845997917,0.3101433310949477,0.46869666342443,1,0,1,1,0,0,0,1,1,0.3067,0.21664,0.260801,Normal
2024-03-06 18:30:00,Dorm C,Room 103,22,Medium,2,0.3873657095003611,0.7732200271906202,0.6140817036687863,1,0,0,1,1,1,0,0,0,0.11,0.081346,0.265362,Normal
2024-03-06 19:00:00,Dorm A,Room 105,18,Medium,1,0.5848988720260361,0.2690840146396616,0.5737152132748804,1,0,1,1,1,0,1,0,1,0.9442,0.570799,0.201361,Abnormal
2024-03-06 19:30:00,Dorm B,Room 102,14,Small,2,0.4241398260079121,0.6654179861728204,0.4528200271585239,1,1,1,1,1,1,1,0,1,1.5211,0.96362,0.252469,Abnormal
2024-03-06 20:00:00,Dorm C,Room 101,21,Medium,1,0.5073762516290494,0.4840840304504625,0.6722322834702105,1,1,0,1,1,1,0,0,1,0.7195,0.462213,0.225355,Normal
2024-03-06 20:30:00,Dorm A,Room 107,25,Medium,3,0.6441998240520952,0.4422045909196758,0.3943770474487718,1,1,0,1,0,1,0,1,1,0.9337,0.656023,0.247643,Abnormal
2024-03-06 21:00:00,Dorm B,Room 108,20,Medium,3,0.6325152988318686,0.5233273878560005,0.2325657810196746,1,0,0,1,0,1,0,0,1,0.094,0.021825,0.248341,Normal
2024-03-06 21:30:00,Dorm B,Room 102,14,Small,2,0.5234373621277405,0.5889463703762292,0.2008616344326553,1,1,0,0,1,1,0,1,0,0.9184,0.619255,0.263797,Abnormal
2024-03-06 22:00:00,Dorm B,Room 106,24,Medium,2,0.2891071732888388,0.363168841608482,0.3209402388535601,1,0,1,1,0,1,0,0,1,0.1188,0.075042,0.22849,Normal
2024-03-06 22:30:00,Dorm A,Room 106,32,Large,3,0.9280349158783646,0.3761915343680356,0.5606169674874127,1,0,1,1,1,1,1,1,1,1.1735,0.84479,0.29408,Abnormal
2024-03-06 23:00:00,Dorm A,Room 101,20,Medium,2,0.7606915545761531,0.5915482592837866,0.3864901046848178,0,0,1,1,1,0,0,1,0,0.3245,0.204941,0.264498,Normal
2024-03-06 23:30:00,Dorm A,Room 103,17,Medium,2,0.6233782264974949,0.2451669779723255,0.5179479223099948,0,0,0,1,0,1,0,0,0,0.0671,0.063233,0.252904,Normal
2024-03-07 00:00:00,Dorm B,Room 104,25,Medium,3,0.4253124098897348,0.4102218064870243,0.6601506083541876,0,0,0,1,1,1,0,0,1,0.0979,0.073658,0.262102,Normal
2024-03-07 00:30:00,Dorm B,Room 103,12,Small,1,0.5111495493732712,0.942945974214824,0.3306690339172295,1,1,0,0,0,1,0,0,0,0.6353,0.391176,0.211123,Normal
2024-03-07 01:00:00,Dorm A,Room 107,25,Medium,3,0.453465748995966,0.3538202399936977,0.5200523161673071,0,0,0,1,1,1,0,0,0,0.0853,0.016494,0.246963,Normal
2024-03-07 01:30:00,Dorm B,Room 103,12,Small,1,0.6960057982013932,0.6647643206683196,0.5273060662788157,0,0,0,1,0,0,0,0,1,0.0648,0.033822,0.217737,Normal
2024-03-07 02:00:00,Dorm B,Room 108,20,Medium,3,0.5616222463682545,0.4099687859625685,0.3593847839967296,1,0,1,1,0,1,0,0,1,0.126,0.070054,0.247062,Normal
2024-03-07 02:30:00,Dorm A,Room 107,25,Medium,3,0.4211575065931203,0.5708913505324889,0.6251108537340156,1,0,1,1,0,1,0,1,0,0.3047,0.198976,0.245576,Normal
2024-03-07 03:00:00,Dorm C,Room 106,15,Small,1,0.4632175795268946,0.592246449122825,0.4281309553872356,0,1,0,1,0,1,0,0,1,0.6939,0.413325,0.198954,Normal
2024-03-07 03:30:00,Dorm A,Room 103,17,Medium,2,0.6768594988386992,0.6619946703719588,0.4166083843233779,1,0,0,1,0,1,0,0,1,0.0927,0.073635,0.243543,Normal
2024-03-07 04:00:00,Dorm C,Room 106,15,Small,1,0.7411301246458245,0.466651500730407,0.7159759447202391,0,0,1,1,0,1,0,0,0,0.0979,0.085763,0.20648,Normal
2024-03-07 04:30:00,Dorm C,Room 108,20,Medium,1,0.7314989480361118,0.788371218339452,0.5253630024161646,1,0,0,1,0,0,0,0,0,0.0791,0.049357,0.216901,Normal
2024-03-07 05:00:00,Dorm C,Room 102,22,Medium,2,0.6279890358146903,0.4094712033250372,0.5736535379820413,1,1,0,0,0,1,0,0,0,0.5873,0.370525,0.231995,Normal
2024-03-07 05:30:00,Dorm C,Room 101,21,Medium,1,0.4924910861729855,0.5305026148250183,0.6251926736109148,0,0,1,1,0,1,0,0,0,0.1001,0.05644,0.233709,Normal
2024-03-07 06:00:00,Dorm B,Room 102,14,Small,2,0.091376299817656,0.5321275006435657,0.3846100264670634,1,0,0,1,0,1,0,1,0,0.2888,0.170092,0.275696,Normal
2024-03-07 06:30:00,Dorm A,Room 107,25,Medium,3,0.5662733018887799,0.3311947140683304,0.6125872697388943,1,0,0,1,0,1,0,0,0,0.0808,0.079055,0.245425,Normal
2024-03-07 07:00:00,Dorm A,Room 106,32,Large,3,0.526148418221104,0.4540688628730687,0.4024350645505423,0,1,0,1,0,1,1,0,0,1.3765,0.939745,0.301657,Abnormal
2024-03-07 07:30:00,Dorm A,Room 105,18,Medium,1,0.5451797143648935,0.5198174762079735,0.397308859578979,0,0,1,1,0,1,0,0,0,0.1003,0.084132,0.211234,Normal
2024-03-07 08:00:00,Dorm A,Room 103,17,Medium,2,0.5336269714154547,0.4325758785029918,0.4300153245800904,1,0,1,1,1,1,0,0,1,0.1424,0.07159,0.240863,Normal
2024-03-07 08:30:00,Dorm C,Room 102,22,Medium,2,0.3484068462673119,0.8548037290381016,0.3880182566001108,0,0,1,1,1,0,0,0,0,0.1125,0.071499,0.225801,Normal
2024-03-07 09:00:00,Dorm C,Room 107,21,Medium,2,0.6011991677369819,0.3728355224043803,0.5612806008889867,0,0,1,1,0,1,0,0,0,0.098,0.048885,0.180641,Normal
2024-03-07 09:30:00,Dorm A,Room 105,18,Medium,1,0.6112385161288725,0.6694114989786588,0.4947040945586214,0,0,0,1,0,0,0,0,1,0.0672,0.040286,0.203652,Normal
2024-03-07 10:00:00,Dorm A,Room 104,32,Large,3,0.6179650500841323,0.621948033676718,0.4037151019951263,1,1,0,1,0,0,0,0,0,0.7382,0.517599,0.275904,Normal
2024-03-07 10:30:00,Dorm B,Room 102,14,Small,2,0.6534263399851684,0.494043958337521,0.5435669525795526,1,0,0,1,0,1,0,1,1,0.2954,0.173187,0.26471,Normal
2024-03-07 11:00:00,Dorm B,Room 108,20,Medium,3,0.60745876204726,0.3689284872113299,0.4296335261864249,0,0,1,1,0,1,0,1,0,0.2994,0.198379,0.235101,Normal
2024-03-07 11:30:00,Dorm B,Room 104,25,Medium,3,0.471367086436176,0.383176981877454,0.4232885931363578,1,1,0,1,1,1,0,1,0,0.9669,0.651773,0.262399,Normal
2024-03-07 12:00:00,Dorm B,Room 108,20,Medium,3,0.5168873967152836,0.4199597586455523,0.4684875712656694,1,0,1,1,0,1,0,0,1,0.1225,0.086247,0.237474,Normal
2024-03-07 12:30:00,Dorm C,Room 105,11,Small,1,0.5386229779706818,0.2336454189492952,0.5182480513892405,0,1,1,1,0,1,0,0,0,0.6808,0.399723,0.199279,Normal
2024-03-07 13:00:00,Dorm B,Room 105,19,Medium,3,0.540847319508856,0.3486100826699705,0.5094167799302473,1,0,1,1,0,0,1,0,0,0.9125,0.629965,0.301393,Normal
2024-03-07 13:30:00,Dorm B,Room 104,25,Medium,3,0.6603566172739184,0.2782137532964947,0.4190682125383357,1,1,0,1,0,1,0,1,1,0.88,0.618248,0.273739,Normal
2024-03-07 14:00:00,Dorm C,Room 101,21,Medium,1,0.6127754560037874,0.6938733683260534,0.5642744099935643,0,0,0,1,0,1,0,0,0,0.0743,0.061555,0.233512,Normal
2024-03-07 14:30:00,Dorm C,Room 104,13,Small,2,0.8051774234110477,0.5869715056027309,0.4359665046860943,0,0,0,1,1,0,0,0,0,0.083,0.032254,0.261314,Normal
2024-03-07 15:00:00,Dorm C,Room 107,21,Medium,2,0.8225063253106177,0.6115893266093586,0.384068905835853,0,1,1,1,1,0,0,0,1,0.6917,0.464209,0.179706,Normal
2024-03-07 15:30:00,Dorm A,Room 101,20,Medium,2,0.5370829721646884,0.582616962840073,0.2865293338027232,1,0,1,0,1,1,0,0,0,0.0789,0.051173,0.266643,Normal
2024-03-07 16:00:00,Dorm B,Room 107,14,Small,3,0.0115071080889812,0.5206190240732596,0.5805983177816542,1,1,1,1,0,1,1,0,1,1.4123,0.897412,0.261786,Abnormal
2024-03-07 16:30:00,Dorm B,Room 105,19,Medium,3,0.6923791948901797,0.7107453655026628,0.4641334251795365,1,1,1,1,0,1,0,0,1,0.6608,0.46227,0.294425,Normal
2024-03-07 17:00:00,Dorm A,Room 104,32,Large,3,0.4538742719770541,0.4063223865180799,0.4879452234859431,1,1,1,1,1,1,0,1,0,0.8876,0.591103,0.285255,Normal
2024-03-07 17:30:00,Dorm B,Room 103,12,Small,1,0.4188331199531514,0.511757526487838,0.5881113330026448,1,1,1,1,1,1,0,0,1,0.6832,0.418888,0.216842,Normal
2024-03-07 18:00:00,Dorm C,Room 103,22,Medium,2,0.472921700382952,0.6058702685383326,0.4053728609808469,1,1,1,1,0,1,0,0,1,0.6832,0.484538,0.263072,Normal
2024-03-07 18:30:00,Dorm A,Room 108,15,Small,1,0.4664534644499077,0.3019138826970177,0.2977611560425992,1,0,1,1,0,0,0,0,1,0.1212,0.083052,0.18066,Normal
2024-03-07 19:00:00,Dorm A,Room 104,32,Large,3,0.6085616560054723,0.9511614239323638,0.4710185435666593,1,0,1,1,1,1,0,0,0,0.1336,0.068975,0.296735,Normal
2024-03-07 19:30:00,Dorm A,Room 101,20,Medium,2,0.3171144874684176,0.5002792382647436,0.4995929547999588,1,0,1,1,1,0,0,1,1,0.3285,0.230506,0.25824,Normal
2024-03-07 20:00:00,Dorm A,Room 103,17,Medium,2,0.3817615939653819,0.5169481869779031,0.4311131532072518,1,1,1,1,1,1,0,0,0,0.7985,0.534414,0.240714,Normal
2024-03-07 20:30:00,Dorm B,Room 106,24,Medium,2,0.5724463952883966,0.6807942136767309,0.6394503933454916,0,0,1,1,0,1,0,0,1,0.1021,0.079332,0.229346,Normal
2024-03-07 21:00:00,Dorm B,Room 107,14,Small,3,0.6099941574000022,0.630544640253788,0.164383109092523,1,1,1,1,0,1,0,0,1,0.7314,0.524228,0.269691,Normal
2024-03-07 21:30:00,Dorm A,Room 108,15,Small,1,0.612489993907981,0.5016771765685024,0.5970195067494241,0,1,1,0,1,1,0,0,1,0.7056,0.477936,0.171071,Normal
2024-03-07 22:00:00,Dorm C,Room 104,13,Small,2,0.4207720220932253,0.5152052182597833,0.5575612160135164,0,0,1,1,0,1,0,0,1,0.1043,0.071214,0.260254,Normal
2024-03-07 22:30:00,Dorm A,Room 103,17,Medium,2,0.3951086638548838,0.2750287949928163,0.5174455068023055,1,1,0,1,0,0,0,0,0,0.6785,0.449697,0.250629,Normal
2024-03-07 23:00:00,Dorm C,Room 105,11,Small,1,0.4584024484486843,0.4143019531347778,0.0624409217943648,1,0,0,1,0,0,0,0,1,0.0795,0.071674,0.206096,Normal
2024-03-07 23:30:00,Dorm C,Room 108,20,Medium,1,0.5585852371890689,0.5720913040731619,0.6166743492680474,0,0,1,1,1,1,0,0,1,0.129,0.068841,0.209425,Normal
2024-03-08 00:00:00,Dorm A,Room 106,32,Large,3,0.725747830745882,0.5613164507540946,0.3395063213196317,0,0,0,1,0,1,0,0,0,0.074,0.074499,0.317314,Normal
2024-03-08 00:30:00,Dorm A,Room 107,25,Medium,3,0.251623737288524,0.6755458726717976,0.4017394984176992,0,0,0,1,0,1,0,0,1,0.0679,0.047572,0.243063,Normal
2024-03-08 01:00:00,Dorm C,Room 108,20,Medium,1,0.4967716072207961,0.4783721107295944,0.4421810973898036,0,0,1,1,0,1,0,0,0,0.1066,0.080361,0.209,Normal
2024-03-08 01:30:00,Dorm C,Room 105,11,Small,1,0.3475457689746393,0.2922030468120497,0.5115246883311413,0,1,1,1,0,1,0,0,1,0.7323,0.456718,0.196188,Normal
2024-03-08 02:00:00,Dorm A,Room 104,32,Large,3,0.30465961888809,0.6513801630562572,0.5393587873758829,1,0,0,1,1,1,0,0,0,0.1117,0.063757,0.2776,Normal
2024-03-08 02:30:00,Dorm A,Room 101,20,Medium,2,0.6561613280606857,0.7071314300759768,0.5697605318371822,0,1,0,1,1,1,0,0,0,0.6349,0.441402,0.262017,Normal
2024-03-08 03:00:00,Dorm C,Room 106,15,Small,1,0.5994835321197287,0.6280887969518059,0.5605244431129273,0,0,1,1,1,1,0,1,1,0.3142,0.190361,0.19968,Normal
2024-03-08 03:30:00,Dorm A,Room 103,17,Medium,2,0.5867087045267935,0.4720332645694881,0.4929905176653034,0,0,0,1,1,0,0,0,1,0.089,0.062614,0.255235,Normal
2024-03-08 04:00:00,Dorm A,Room 103,17,Medium,2,0.6499973234593479,0.6495660109795645,0.5125449829320232,1,0,0,0,0,1,0,0,0,0.027,0.030377,0.255183,Normal
2024-03-08 04:30:00,Dorm B,Room 108,20,Medium,3,0.462014620223909,1.0,0.3317899375297525,1,0,0,1,0,1,0,1,0,0.2719,0.192441,0.234236,Normal
2024-03-08 05:00:00,Dorm B,Room 102,14,Small,2,0.4683330342326672,0.5130041532885645,0.3725467675199674,0,0,1,1,0,1,0,0,0,0.103,0.05804,0.26721,Normal
2024-03-08 05:30:00,Dorm A,Room 107,25,Medium,3,0.8197231961177582,0.3033059841180224,0.570074811971386,1,0,1,1,0,1,0,0,0,0.1206,0.066415,0.242026,Normal
2024-03-08 06:00:00,Dorm A,Room 105,18,Medium,1,0.4933035200112428,0.4099196594506533,0.5630865066013909,0,1,1,1,1,1,0,0,1,0.7164,0.429917,0.194709,Normal
2024-03-08 06:30:00,Dorm C,Room 103,22,Medium,2,0.6250500191113615,0.5880022380089229,0.5494807696660514,1,0,0,1,0,1,0,0,0,0.0849,0.066898,0.272807,Normal
2024-03-08 07:00:00,Dorm C,Room 103,22,Medium,2,0.5272502566303141,0.2602362409307494,0.4009327302715179,0,1,0,1,0,1,0,0,1,0.7229,0.478899,0.271528,Normal
2024-03-08 07:30:00,Dorm C,Room 102,22,Medium,2,0.2783539052829283,0.5209769424079005,0.5718781808347477,1,0,0,1,0,1,0,0,0,0.0838,0.049733,0.218374,Normal
2024-03-08 08:00:00,Dorm C,Room 105,11,Small,1,0.2520006008412083,0.5519761191984764,0.3233332068624964,0,1,1,1,0,0,0,0,0,0.7353,0.435204,0.19704,Normal
2024-03-08 08:30:00,Dorm C,Room 107,21,Medium,2,0.4486930182920622,0.7216854083711484,0.5918971943410486,1,0,1,1,0,1,1,0,0,0.8894,0.568323,0.178487,Normal
2024-03-08 09:00:00,Dorm A,Room 102,15,Small,3,0.6681247098526966,0.6886297498718785,0.4313504844420126,1,0,1,1,0,1,0,0,0,0.1232,0.069353,0.271054,Normal
2024-03-08 09:30:00,Dorm C,Room 102,22,Medium,2,0.6321841345893036,0.6231420951136011,0.6646958913577007,1,0,1,1,0,0,0,0,0,0.1174,0.091325,0.208688,Normal
2024-03-08 10:00:00,Dorm A,Room 108,15,Small,1,0.6490647975167764,0.1782499738924501,0.2801205158144982,1,0,1,1,0,0,0,0,0,0.1103,0.052992,0.179301,Normal
2024-03-08 10:30:00,Dorm A,Room 105,18,Medium,1,0.3939302994746988,0.6314407831558579,0.6742015027537981,0,0,1,1,0,0,1,0,0,0.7962,0.486604,0.202112,Normal
2024-03-08 11:00:00,Dorm A,Room 105,18,Medium,1,0.7432471128544466,0.5997646758577198,0.4192823402744469,0,0,1,1,0,0,0,1,0,0.301,0.211416,0.21051,Normal
2024-03-08 11:30:00,Dorm C,Room 107,21,Medium,2,0.3969032594461729,0.5336952074844927,0.417121100492188,1,0,1,0,0,0,0,0,0,0.0507,0.031882,0.185969,Normal
2024-03-08 12:00:00,Dorm C,Room 104,13,Small,2,0.5549552948461941,0.2418046137225172,0.4860216895319333,1,1,0,0,0,0,0,0,0,0.6678,0.460385,0.251091,Normal
2024-03-08 12:30:00,Dorm C,Room 106,15,Small,1,0.5250045435602144,0.3819250747803221,0.3790188634492721,1,0,1,1,0,1,0,1,0,0.3285,0.18769,0.202551,Normal
2024-03-08 13:00:00,Dorm A,Room 101,20,Medium,2,0.5030596320269783,0.3246027942675494,0.4539697291432818,1,0,1,1,0,1,0,0,1,0.1231,0.05999,0.269781,Normal
2024-03-08 13:30:00,Dorm C,Room 106,15,Small,1,0.7060355433711979,0.1999519060227967,0.3741544223132187,1,0,0,1,0,1,0,1,1,0.2793,0.14303,0.204785,Normal
2024-03-08 14:00:00,Dorm C,Room 105,11,Small,1,0.4317666203211732,0.4956527466182132,0.3785408312375961,1,0,1,1,1,1,0,1,0,0.3411,0.220112,0.204378,Normal
2024-03-08 14:30:00,Dorm C,Room 107,21,Medium,2,0.3452741570962802,0.3788317917333179,0.5210584056844989,1,1,1,1,0,1,0,0,1,0.6991,0.414259,0.184688,Normal
2024-03-08 15:00:00,Dorm C,Room 102,22,Medium,2,0.5290772749026782,0.8819007820490252,0.3544867329130113,0,0,0,1,0,1,0,0,0,0.0647,0.065999,0.209059,Normal
2024-03-08 15:30:00,Dorm A,Room 103,17,Medium,2,0.4727363058236699,0.4712781353975822,0.3704872016350697,1,1,1,1,0,1,1,1,1,1.7362,1.0,0.255045,Abnormal
2024-03-08 16:00:00,Dorm A,Room 106,32,Large,3,0.9796452827604446,0.6862134481053139,0.2979540666688502,1,0,1,1,0,1,0,0,1,0.1201,0.091105,0.304735,Normal
2024-03-08 16:30:00,Dorm C,Room 107,21,Medium,2,0.6171824773817557,0.2654835538694457,0.4021907390944522,1,0,1,1,0,1,0,0,0,0.1194,0.066606,0.191502,Normal
2024-03-08 17:00:00,Dorm C,Room 107,21,Medium,2,0.47145952962743,0.4181782456240286,0.6199990905359749,1,1,1,1,0,1,0,0,1,0.7342,0.446654,0.184303,Normal
2024-03-08 17:30:00,Dorm A,Room 107,25,Medium,3,0.3846615880377974,0.5103214482603018,0.3611608526378856,1,1,1,1,1,1,0,0,1,0.7588,0.513488,0.232278,Normal
2024-03-08 18:00:00,Dorm B,Room 107,14,Small,3,0.2740554322192745,0.3626172284075692,0.3748733988766468,1,0,1,1,1,1,1,0,0,0.8324,0.547748,0.278659,Normal
2024-03-08 18:30:00,Dorm B,Room 108,20,Medium,3,0.388807420177809,0.4340337921658297,0.4859116928970469,1,0,0,1,0,1,1,0,0,0.8825,0.594083,0.233561,Normal
2024-03-08 19:00:00,Dorm A,Room 108,15,Small,1,0.5418192534768731,0.4640507061774259,0.4181627733752013,0,0,1,1,1,1,0,0,1,0.1197,0.082439,0.170635,Normal
2024-03-08 19:30:00,Dorm B,Room 101,14,Small,4,0.7179441582751369,0.4617056251808273,0.7299573231684748,0,0,1,1,1,1,0,1,0,0.3339,0.228092,0.320185,Normal
2024-03-08 20:00:00,Dorm B,Room 108,20,Medium,3,0.676926734001293,0.7687127172597616,0.4431486145418158,0,0,1,0,0,0,0,0,1,0.0336,0.020134,0.234851,Normal
2024-03-08 20:30:00,Dorm A,Room 103,17,Medium,2,0.557138819005896,0.5516659761877296,0.502862935761969,1,1,1,1,0,1,1,0,0,1.4696,0.963443,0.27461,Abnormal
2024-03-08 21:00:00,Dorm B,Room 107,14,Small,3,0.4830241038531494,0.5665508953790965,0.5758703605742317,1,0,1,1,1,1,0,0,1,0.144,0.131843,0.287948,Normal
2024-03-08 21:30:00,Dorm B,Room 101,14,Small,4,0.562468989076684,0.5753897966240307,0.5735680377386793,1,0,1,1,1,1,0,0,1,0.1511,0.120084,0.314544,Normal
2024-03-08 22:00:00,Dorm A,Room 104,32,Large,3,0.4567916002332431,0.5861138343572909,0.4906343641183242,1,1,1,1,1,0,0,0,0,0.707,0.47994,0.277187,Normal
2024-03-08 22:30:00,Dorm B,Room 104,25,Medium,3,0.7570016748293511,0.4838999425994594,0.4433166290318111,0,1,1,1,0,1,0,0,0,0.6646,0.452779,0.281789,Normal
2024-03-08 23:00:00,Dorm B,Room 107,14,Small,3,0.5010041462114232,0.4489437001258838,0.7054684638554687,0,0,0,1,1,1,0,0,1,0.0893,0.079901,0.288565,Normal
2024-03-08 23:30:00,Dorm C,Room 101,21,Medium,1,0.5148071305904789,0.5205967499828748,0.45067881593714,1,0,1,1,1,1,0,0,1,0.1484,0.117279,0.233656,Normal
2024-03-09 00:00:00,Dorm B,Room 104,25,Medium,3,0.2290261064465889,0.6660871468774412,0.4096577029653118,1,0,0,1,0,1,0,0,0,0.0884,0.035224,0.290434,Normal
2024-03-09 00:30:00,Dorm B,Room 101,14,Small,4,0.5001660998326122,0.6615951478632789,0.3851648862346217,1,0,1,1,0,1,0,0,1,0.1331,0.066887,0.315164,Normal
2024-03-09 01:00:00,Dorm A,Room 104,32,Large,3,0.6386516605273214,0.4607517710865652,0.255483468671057,1,0,1,0,0,1,1,0,1,0.7793,0.540908,0.285198,Normal
2024-03-09 01:30:00,Dorm A,Room 101,20,Medium,2,0.3831033679093654,0.6089248498710194,0.5612157357888932,0,0,0,1,0,0,0,0,1,0.0654,0.03887,0.26201,Normal
2024-03-09 02:00:00,Dorm C,Room 105,11,Small,1,0.4256456933829297,0.4674846512125949,0.1809506623618674,1,0,1,1,0,1,0,0,1,0.1246,0.097477,0.207681,Normal
2024-03-09 02:30:00,Dorm C,Room 105,11,Small,1,0.6327772215551624,0.5010588392321202,0.4619604295666959,1,1,0,1,1,1,0,0,0,0.7062,0.427554,0.208417,Normal
2024-03-09 03:00:00,Dorm C,Room 106,15,Small,1,0.3282235327124946,0.4264913165459116,0.4380699899995832,1,0,1,1,0,0,0,0,0,0.1175,0.056704,0.20577,Normal
2024-03-09 03:30:00,Dorm A,Room 102,15,Small,3,0.6683528204393868,0.4693862669009952,0.7313742527052409,1,0,0,0,0,1,0,0,1,0.0306,0.0,0.260531,Normal
2024-03-09 04:00:00,Dorm B,Room 105,19,Medium,3,0.454979082826577,0.6932054367235703,0.2429049149635816,1,0,1,1,1,1,0,0,0,0.1354,0.076439,0.294934,Normal
2024-03-09 04:30:00,Dorm A,Room 106,32,Large,3,0.4742472205553224,0.5096635401771694,0.3545421837630464,0,0,0,0,1,1,1,0,0,0.7058,0.480498,0.305552,Normal
2024-03-09 05:00:00,Dorm B,Room 105,19,Medium,3,0.3755671451478746,0.5159625227416353,0.44631958618892,1,0,0,1,1,1,0,0,1,0.1142,0.053452,0.292601,Normal
2024-03-09 05:30:00,Dorm C,Room 103,22,Medium,2,0.5771283941965542,0.2833954404312238,0.4389495212037861,0,0,1,1,0,1,0,0,1,0.1051,0.117491,0.269523,Normal
2024-03-09 06:00:00,Dorm C,Room 104,13,Small,2,0.8565135078285465,0.4506341228554582,0.3967184660410631,1,0,0,1,0,1,0,1,0,0.2783,0.151764,0.259114,Normal
2024-03-09 06:30:00,Dorm B,Room 107,14,Small,3,0.6312723104187344,0.4606170911747531,0.4529309252217368,1,1,0,1,0,1,0,0,0,0.7341,0.499961,0.288012,Normal
2024-03-09 07:00:00,Dorm B,Room 108,20,Medium,3,0.4104050563859666,0.3742287478693024,0.3115380232325325,1,0,1,1,0,1,0,1,0,0.302,0.206184,0.226028,Normal
2024-03-09 07:30:00,Dorm C,Room 104,13,Small,2,0.6787963611120301,0.4992651502872789,0.5054992070516278,1,0,0,1,0,1,0,0,0,0.0919,0.080333,0.261591,Normal
2024-03-09 08:00:00,Dorm C,Room 105,11,Small,1,0.4838948223082464,0.4330077629034304,0.1841398152534706,1,0,1,1,0,1,0,0,0,0.1206,0.059103,0.216188,Normal
2024-03-09 08:30:00,Dorm A,Room 103,17,Medium,2,0.7108524336317481,0.5078374969519013,0.459555461396759,1,0,0,1,0,1,0,1,1,0.3058,0.176569,0.293374,Normal
2024-03-09 09:00:00,Dorm C,Room 107,21,Medium,2,0.6346514036588695,0.5139374628785769,0.3906225689925281,0,0,1,1,0,1,0,0,1,0.1014,0.051609,0.184841,Normal
2024-03-09 09:30:00,Dorm C,Room 108,20,Medium,1,0.1314184449116443,0.3556217868438737,0.5845704397071205,0,0,1,1,0,0,0,0,1,0.093,0.082014,0.201732,Normal
2024-03-09 10:00:00,Dorm C,Room 102,22,Medium,2,0.3916443763878976,0.4374872330230085,0.6732305934467244,0,0,1,1,0,1,0,0,0,0.109,0.039013,0.209543,Normal
2024-03-09 10:30:00,Dorm C,Room 104,13,Small,2,0.6531321986921171,0.5074522259550651,0.4229308686033589,1,1,1,1,0,1,0,0,1,0.7702,0.526096,0.262845,Normal
2024-03-09 11:00:00,Dorm B,Room 104,25,Medium,3,0.5467465459616124,0.6701279322923237,0.6294915364719891,1,0,1,1,1,1,0,0,0,0.1355,0.096986,0.280144,Normal
2024-03-09 11:30:00,Dorm B,Room 105,19,Medium,3,0.389003776183897,0.5338090728535982,0.4247227179880416,1,0,0,1,0,1,0,1,1,0.2966,0.204491,0.2926,Normal
2024-03-09 12:00:00,Dorm A,Room 107,25,Medium,3,0.4413648800512124,0.3988019805276376,0.3467413857964087,1,1,1,1,0,0,0,1,0,0.941,0.652414,0.231897,Normal
2024-03-09 12:30:00,Dorm C,Room 102,22,Medium,2,0.2705731313812224,0.5547196179890126,0.6721019887960634,1,0,1,1,0,0,0,0,0,0.1027,0.053307,0.201624,Normal
2024-03-09 13:00:00,Dorm A,Room 101,20,Medium,2,0.5145339719711621,0.7470256117071759,0.5251242276235397,1,1,1,1,0,1,0,1,0,0.9351,0.62265,0.252109,Abnormal
2024-03-09 13:30:00,Dorm C,Room 104,13,Small,2,0.8230727577566729,0.6308019908689477,0.4631794821476468,0,0,1,1,0,1,0,0,0,0.1071,0.074992,0.265714,Normal
2024-03-09 14:00:00,Dorm C,Room 103,22,Medium,2,0.6344174880907953,0.5765466440260436,0.545087257707518,1,0,1,1,1,1,0,0,1,0.1445,0.075792,0.269927,Normal
2024-03-09 14:30:00,Dorm A,Room 103,17,Medium,2,0.8203521181456888,0.6027151968617401,0.4955444057517431,1,0,1,1,0,0,0,0,1,0.12,0.079942,0.288118,Normal
2024-03-09 15:00:00,Dorm C,Room 105,11,Small,1,0.6448132691150307,0.7076993926251451,0.4543427851614707,0,0,0,1,0,1,0,0,0,0.07,0.043479,0.212787,Normal
2024-03-09 15:30:00,Dorm A,Room 101,20,Medium,2,0.6642835933686916,0.6541572065104144,0.3035154183846162,1,1,0,0,0,1,0,0,1,0.5782,0.347009,0.251289,Normal
2024-03-09 16:00:00,Dorm C,Room 104,13,Small,2,0.7913190902749684,0.5793732852400588,0.4301908680078737,0,0,1,1,0,0,1,0,0,0.8032,0.527641,0.255001,Normal
2024-03-09 16:30:00,Dorm C,Room 102,22,Medium,2,0.577023313908274,0.6531307409177611,0.5374185681740089,0,0,0,1,0,1,0,0,0,0.0719,0.054457,0.199211,Normal
2024-03-09 17:00:00,Dorm A,Room 101,20,Medium,2,0.5012675658593321,0.3371197762235587,0.4479181822670997,0,0,1,1,1,0,0,0,1,0.1094,0.07319,0.249465,Normal
2024-03-09 17:30:00,Dorm B,Room 107,14,Small,3,0.6649785144229178,0.2753055649968053,0.5708984663109508,1,1,1,1,1,1,0,0,1,0.7306,0.523832,0.288549,Normal
2024-03-09 18:00:00,Dorm B,Room 104,25,Medium,3,0.7215020652831673,0.519168662135463,0.5086738544261405,1,0,0,1,1,0,0,1,1,0.2841,0.218387,0.281194,Normal
2024-03-09 18:30:00,Dorm B,Room 102,14,Small,2,0.4619816406338036,0.5061746028489669,0.3572975170086569,1,0,0,1,1,0,0,0,0,0.0997,0.050955,0.266924,Normal
2024-03-09 19:00:00,Dorm A,Room 106,32,Large,3,0.4295578488525136,0.4161471649162715,0.3043867404042284,1,0,1,1,0,1,0,0,1,0.1239,0.072326,0.313645,Normal
2024-03-09 19:30:00,Dorm C,Room 104,13,Small,2,0.5450285943723413,0.6174499529655357,0.4437903865634512,1,0,1,1,0,1,0,0,0,0.1184,0.053685,0.264548,Normal
2024-03-09 20:00:00,Dorm B,Room 104,25,Medium,3,0.6379826273332073,0.2223113866726911,0.399755628234902,1,1,1,1,1,1,1,0,1,1.5117,1.0,0.280835,Abnormal
2024-03-09 20:30:00,Dorm A,Room 105,18,Medium,1,0.633499232304848,0.4174900720293559,0.5029953175933112,1,1,1,1,1,0,1,0,1,1.4383,0.897175,0.213394,Abnormal
2024-03-09 21:00:00,Dorm C,Room 101,21,Medium,1,0.3352677435728858,0.4248112253073171,0.3764924585451096,1,0,1,1,0,1,0,0,0,0.1159,0.087477,0.234951,Normal
2024-03-09 21:30:00,Dorm B,Room 104,25,Medium,3,0.7829351415026058,0.2556073155955747,0.3888187534564418,1,0,1,1,0,1,0,1,1,0.3127,0.236511,0.292331,Normal
2024-03-09 22:00:00,Dorm A,Room 106,32,Large,3,0.4403482445811542,0.7157495138298686,0.588983126792228,1,1,0,0,1,1,0,1,0,0.8764,0.598164,0.310663,Normal
2024-03-09 22:30:00,Dorm A,Room 108,15,Small,1,0.4908215964756417,0.2963305047859115,0.4804268150191823,0,1,1,1,0,0,0,0,1,0.7185,0.436834,0.171318,Normal
2024-03-09 23:00:00,Dorm C,Room 101,21,Medium,1,0.4052558478373262,0.4096176518229068,0.3783412580248552,0,0,1,1,1,1,1,0,0,0.8848,0.555938,0.232122,Normal
2024-03-09 23:30:00,Dorm A,Room 106,32,Large,3,0.8885148870025547,0.6295194972030216,0.4647634723281598,0,0,0,1,1,1,0,1,0,0.2773,0.198681,0.312483,Normal
2024-03-10 00:00:00,Dorm B,Room 107,14,Small,3,0.5588802021152071,0.5910251455890334,0.6280741357844829,1,0,0,1,0,1,0,0,1,0.0904,0.065556,0.288987,Normal
2024-03-10 00:30:00,Dorm C,Room 106,15,Small,1,0.4121913089332166,0.3332218203348883,0.4978924050379359,0,0,1,1,0,1,0,0,1,0.1094,0.037752,0.205135,Normal
2024-03-10 01:00:00,Dorm C,Room 105,11,Small,1,0.6423340836755825,0.5963810015152058,0.5337829421186577,1,1,0,0,0,1,0,0,1,0.623,0.398325,0.211662,Normal
2024-03-10 01:30:00,Dorm B,Room 108,20,Medium,3,0.6296133781132968,0.5386684095433749,0.3724018769237393,1,0,0,0,0,1,0,0,1,0.0301,0.021478,0.228103,Normal
2024-03-10 02:00:00,Dorm A,Room 108,15,Small,1,0.5012005048566753,0.8389482556619736,0.5857859017077941,1,0,0,1,0,1,0,0,0,0.0854,0.05105,0.179611,Normal
2024-03-10 02:30:00,Dorm B,Room 103,12,Small,1,0.6392049181898125,0.5554449709736473,0.7407483091060826,1,0,1,1,1,1,0,0,1,0.1422,0.080778,0.224003,Normal
2024-03-10 03:00:00,Dorm A,Room 104,32,Large,3,0.4156380342153174,0.4753240109997191,0.3676951051365792,1,0,0,1,1,1,0,0,0,0.1057,0.047835,0.280762,Normal
2024-03-10 03:30:00,Dorm C,Room 104,13,Small,2,0.4602432376677311,0.3702080977732652,0.3208558963203737,0,0,0,0,0,1,0,0,0,0.0107,0.006002,0.264914,Normal
2024-03-10 04:00:00,Dorm C,Room 102,22,Medium,2,0.2566188059041043,0.3867058216471815,0.4837066911848557,1,0,0,1,0,1,0,0,0,0.0842,0.02026,0.197051,Normal
2024-03-10 04:30:00,Dorm C,Room 106,15,Small,1,0.3487169974516616,0.3747246542758704,0.567680801942513,1,0,1,1,1,1,0,0,0,0.1368,0.079245,0.204711,Normal
2024-03-10 05:00:00,Dorm C,Room 101,21,Medium,1,0.7689814565827703,0.69758030481914,0.4516830321034354,1,0,0,1,0,1,0,0,0,0.0915,0.050146,0.24259,Normal
2024-03-10 05:30:00,Dorm A,Room 107,25,Medium,3,0.7466767968683367,0.4987220534620681,0.3362944665743746,0,0,0,1,0,1,0,0,1,0.0749,0.07231,0.240647,Normal
2024-03-10 06:00:00,Dorm A,Room 102,15,Small,3,0.5352228075192602,0.5791508942545869,0.4496202196616552,0,1,1,1,1,1,0,0,1,0.7227,0.521722,0.259248,Normal
2024-03-10 06:30:00,Dorm B,Room 107,14,Small,3,0.7495625176034343,0.7186177073199651,0.5343997603399946,1,0,1,1,0,1,0,0,1,0.1213,0.062461,0.287111,Normal
2024-03-10 07:00:00,Dorm B,Room 108,20,Medium,3,0.5049115297963332,0.1494770395755847,0.41381563536828,1,1,0,1,0,1,0,0,0,0.6613,0.461563,0.218686,Normal
2024-03-10 07:30:00,Dorm A,Room 101,20,Medium,2,0.4937276991152395,0.6840267460765113,0.5354990092643321,0,0,0,1,0,1,0,1,0,0.2566,0.15631,0.238115,Normal
2024-03-10 08:00:00,Dorm A,Room 105,18,Medium,1,0.5339776816161231,0.5042223920748052,0.6023766375602845,0,0,1,1,0,0,1,0,1,0.8433,0.516421,0.222462,Normal
2024-03-10 08:30:00,Dorm A,Room 104,32,Large,3,0.5096291170612134,0.5600166519520218,0.4914673168962976,0,0,1,1,1,1,0,0,0,0.1257,0.078113,0.278786,Normal
2024-03-10 09:00:00,Dorm A,Room 108,15,Small,1,0.4975140706822415,0.374337538350447,0.4592941182302475,0,0,0,1,0,1,0,0,0,0.072,0.063915,0.17967,Normal
2024-03-10 09:30:00,Dorm B,Room 106,24,Medium,2,0.6798401198409857,0.3851067257314747,0.5621428799870865,0,0,1,1,0,1,0,0,0,0.0986,0.0638,0.229211,Normal
2024-03-10 10:00:00,Dorm B,Room 103,12,Small,1,0.5465423418029441,0.5679228317696838,0.3599411013768595,0,0,0,1,0,0,0,0,0,0.0639,0.046022,0.225243,Normal
2024-03-10 10:30:00,Dorm B,Room 103,12,Small,1,0.6220102977032238,0.8465259347262937,0.3481110390622221,1,0,1,1,0,1,0,0,1,0.1233,0.052369,0.22498,Normal
2024-03-10 11:00:00,Dorm B,Room 103,12,Small,1,0.6648071396686697,0.6435298875363968,0.4306664809232872,1,0,1,0,0,0,0,0,1,0.0571,0.018855,0.217925,Normal
2024-03-10 11:30:00,Dorm C,Room 101,21,Medium,1,0.5784891397998257,0.6820646821878933,0.4036365172223196,1,1,0,1,0,0,0,1,0,0.8455,0.519839,0.242748,Normal
2024-03-10 12:00:00,Dorm B,Room 104,25,Medium,3,0.3961815177990887,0.4678643112515389,0.3662705486783206,1,0,1,1,0,0,0,0,0,0.1054,0.070576,0.286961,Normal
2024-03-10 12:30:00,Dorm C,Room 105,11,Small,1,0.3448365736900959,0.4078740725078649,0.6822471813914851,1,0,1,1,0,1,0,0,0,0.1154,0.079795,0.209903,Normal
2024-03-10 13:00:00,Dorm B,Room 103,12,Small,1,0.5463604955636482,0.3813326655561452,0.7232196954090749,1,0,1,1,0,1,0,0,1,0.1255,0.069221,0.216904,Normal
2024-03-10 13:30:00,Dorm C,Room 103,22,Medium,2,0.5034109077624388,0.4243235796461773,0.4202132171904899,0,1,1,1,0,0,0,0,0,0.7259,0.492209,0.270008,Normal
2024-03-10 14:00:00,Dorm A,Room 102,15,Small,3,0.5381219431911379,0.1944005721234058,0.4736504617376842,0,0,0,1,0,0,0,0,1,0.0638,0.03943,0.268913,Normal
2024-03-10 14:30:00,Dorm C,Room 102,22,Medium,2,0.5242393575656954,0.3895457149032341,0.4401116067867227,1,0,1,1,1,0,0,0,0,0.1334,0.076438,0.196138,Normal
2024-03-10 15:00:00,Dorm C,Room 101,21,Medium,1,0.8731145163357722,0.4137306570566225,0.5955130033994042,0,0,0,1,0,0,0,0,0,0.0576,0.050325,0.243726,Normal
2024-03-10 15:30:00,Dorm B,Room 104,25,Medium,3,0.3478748570841875,0.4703102104884095,0.6192844967182596,1,1,1,1,0,1,0,0,1,0.687,0.46766,0.286652,Normal
2024-03-10 16:00:00,Dorm B,Room 106,24,Medium,2,0.2593391314714199,0.5154433950738746,0.2494297417593036,1,0,1,1,1,1,0,0,1,0.1458,0.064418,0.222191,Normal
2024-03-10 16:30:00,Dorm A,Room 102,15,Small,3,0.5709994671324417,0.5493475926227855,0.5197537205462383,0,1,1,1,0,1,0,0,0,0.7099,0.511082,0.266021,Normal
2024-03-10 17:00:00,Dorm A,Room 102,15,Small,3,0.4758771928475984,0.4938877029819251,0.30586843635057,1,0,1,1,1,1,0,0,0,0.1391,0.086006,0.264982,Normal
2024-03-10 17:30:00,Dorm B,Room 108,20,Medium,3,0.5688107720616925,0.410631243053473,0.6735858332764494,1,0,0,0,0,1,0,1,0,0.2199,0.147583,0.227028,Normal
2024-03-10 18:00:00,Dorm B,Room 107,14,Small,3,0.604752093155227,0.2075424527711012,0.5154632828672057,1,1,1,1,1,1,0,0,0,0.7107,0.476891,0.286418,Normal
2024-03-10 18:30:00,Dorm A,Room 102,15,Small,3,0.6987232211596004,0.411532776940839,0.3638702535440814,1,1,0,1,0,1,1,0,0,1.4595,0.993452,0.265107,Abnormal
2024-03-10 19:00:00,Dorm A,Room 108,15,Small,1,0.3241211667901115,0.353168071591243,0.4336958156285879,1,0,1,1,0,1,0,1,1,0.3242,0.169576,0.180692,Normal
2024-03-10 19:30:00,Dorm A,Room 104,32,Large,3,0.4516812025822934,0.5645751682494968,0.4279785699423239,1,0,1,1,0,1,1,0,1,0.87,0.591713,0.278139,Normal
2024-03-10 20:00:00,Dorm A,Room 104,32,Large,3,0.5839344469021988,0.6297116701608216,0.5256444746609167,1,0,0,1,0,1,1,0,0,0.8215,0.555305,0.278412,Normal
2024-03-10 20:30:00,Dorm B,Room 105,19,Medium,3,0.6297915736870381,0.6340152509114079,0.5876446147030028,1,0,1,0,1,1,0,0,0,0.0801,0.050597,0.294923,Normal
2024-03-10 21:00:00,Dorm C,Room 104,13,Small,2,0.8207590922093078,0.6073242950586193,0.3248972670541519,1,0,1,1,1,1,0,1,1,0.3235,0.233903,0.26385,Normal
2024-03-10 21:30:00,Dorm B,Room 107,14,Small,3,0.6546511970100766,0.4764579807894268,0.6832412508646256,1,0,1,1,1,1,1,0,1,0.9035,0.634033,0.291774,Normal
2024-03-10 22:00:00,Dorm A,Room 105,18,Medium,1,0.5187726998140488,0.419373635878582,0.6552806578286957,1,0,1,1,1,1,1,0,1,0.8867,0.549092,0.232456,Normal
2024-03-10 22:30:00,Dorm A,Room 106,32,Large,3,0.4068956089745796,0.3862856010444986,0.3576349609692779,1,1,0,1,0,1,0,0,0,0.6428,0.460552,0.30682,Normal
2024-03-10 23:00:00,Dorm B,Room 103,12,Small,1,0.4506650313223763,0.2745364163044114,0.4713809821482395,0,0,1,1,1,1,1,0,0,0.926,0.550494,0.216522,Normal
2024-03-10 23:30:00,Dorm C,Room 108,20,Medium,1,0.4468519547402287,0.6418457623459077,0.6678916524932652,0,0,1,0,0,1,0,1,1,0.2492,0.153604,0.202561,Normal
2024-03-11 00:00:00,Dorm A,Room 108,15,Small,1,0.614327485078597,0.4704053148246614,0.6105594858820557,1,0,1,1,0,1,0,0,0,0.1254,0.097534,0.183253,Normal
2024-03-11 00:30:00,Dorm A,Room 107,25,Medium,3,0.5608834047673172,0.3129167562226491,0.4222481394457478,0,0,0,0,0,1,0,0,1,0.0148,0.032765,0.240996,Normal
2024-03-11 01:00:00,Dorm B,Room 108,20,Medium,3,0.348757461140916,0.3746185066752638,0.5603428459860902,0,1,0,1,0,1,0,0,1,0.6588,0.415926,0.228385,Normal
2024-03-11 01:30:00,Dorm C,Room 106,15,Small,1,0.4678950053423998,0.3686691874416659,0.8222190456282837,1,0,0,1,0,0,0,0,1,0.0894,0.043733,0.205306,Normal
2024-03-11 02:00:00,Dorm C,Room 108,20,Medium,1,0.6441624517843579,0.5024041180329328,0.4752629741580753,0,0,1,1,0,1,0,0,1,0.1045,0.082699,0.205573,Normal
2024-03-11 02:30:00,Dorm C,Room 108,20,Medium,1,0.5735876221059012,0.6529581536125848,0.3867485705806237,0,0,1,1,0,1,0,0,1,0.1057,0.058747,0.207296,Normal
2024-03-11 03:00:00,Dorm C,Room 103,22,Medium,2,0.602707069012549,0.4449399937782285,0.483332099752472,0,0,1,1,0,1,0,1,0,0.3158,0.208475,0.26748,Normal
2024-03-11 03:30:00,Dorm A,Room 108,15,Small,1,0.5777826891419066,0.1650447946888285,0.4922256997624129,0,1,0,1,0,1,0,0,1,0.7352,0.45175,0.183989,Normal
2024-03-11 04:00:00,Dorm B,Room 106,24,Medium,2,0.7446640500652656,0.4682788809367571,0.39971864276427,0,0,1,1,0,1,0,0,0,0.1076,0.071788,0.212943,Normal
2024-03-11 04:30:00,Dorm A,Room 101,20,Medium,2,0.5580712854528466,0.4731266266321102,0.5156284852283423,0,0,0,1,0,1,0,0,0,0.0745,0.0,0.228254,Normal
2024-03-11 05:00:00,Dorm B,Room 103,12,Small,1,0.4745888212857136,0.4630264817132829,0.312157265530157,0,0,1,1,0,1,0,0,0,0.1095,0.061475,0.216901,Normal
2024-03-11 05:30:00,Dorm B,Room 103,12,Small,1,0.4034977106180064,0.403868343411379,0.3828033033458674,0,0,0,1,0,1,0,0,1,0.0745,0.04433,0.21408,Normal
2024-03-11 06:00:00,Dorm C,Room 108,20,Medium,1,0.5598919223064192,0.5280364000294933,0.5536131584538183,0,1,0,1,0,1,0,0,0,0.6896,0.422816,0.199386,Normal
2024-03-11 06:30:00,Dorm B,Room 102,14,Small,2,0.1988465540638806,0.5058013794833705,0.2521162099656169,0,0,0,1,0,1,0,1,0,0.2751,0.172614,0.267054,Normal
2024-03-11 07:00:00,Dorm B,Room 108,20,Medium,3,0.5016618941483687,0.4924320549763141,0.5709994602461123,0,0,0,1,1,1,0,0,0,0.088,0.039868,0.235642,Normal
2024-03-11 07:30:00,Dorm B,Room 102,14,Small,2,0.4987697265356777,0.5567236775209472,0.2212708184562941,1,1,0,1,0,0,1,0,1,1.3615,0.887329,0.268596,Abnormal
2024-03-11 08:00:00,Dorm B,Room 108,20,Medium,3,0.3432791645707702,0.4329121594180073,0.2549410419306931,1,0,1,1,0,1,0,0,1,0.1177,0.102987,0.21667,Normal
2024-03-11 08:30:00,Dorm B,Room 108,20,Medium,3,0.4018187369430598,0.4245716592378408,0.4027848199435967,0,1,1,1,1,0,0,1,1,0.8952,0.619565,0.209013,Normal
2024-03-11 09:00:00,Dorm B,Room 107,14,Small,3,0.6350514769074056,0.6989065579597737,0.4970618754925991,1,0,1,1,1,1,0,0,0,0.1384,0.106407,0.300078,Normal
2024-03-11 09:30:00,Dorm A,Room 107,25,Medium,3,0.5573558125102898,0.5782850373535517,0.621638061161639,0,1,1,1,1,1,0,1,1,0.8986,0.619652,0.240662,Normal
2024-03-11 10:00:00,Dorm B,Room 106,24,Medium,2,0.5400540361768235,0.6176106396860497,0.46955996303627,0,0,1,1,0,1,0,0,1,0.1069,0.059059,0.201039,Normal
2024-03-11 10:30:00,Dorm C,Room 101,21,Medium,1,0.5675062838476442,0.676271692775309,0.4330681094310168,0,1,1,1,0,1,1,0,0,1.4747,0.912468,0.235368,Abnormal
2024-03-11 11:00:00,Dorm A,Room 107,25,Medium,3,0.5388246460485238,0.5733748631653588,0.5321790039900419,1,1,1,1,1,1,0,0,0,0.7727,0.54106,0.252759,Normal
2024-03-11 11:30:00,Dorm B,Room 107,14,Small,3,0.6931884457513383,0.6325188289084391,0.3581657951818973,1,0,1,1,0,1,0,1,0,0.3291,0.227565,0.289514,Normal
2024-03-11 12:00:00,Dorm B,Room 108,20,Medium,3,0.5429582806124149,0.2639777631324176,0.4793725469015255,1,0,1,0,0,1,0,1,0,0.2701,0.216403,0.206767,Normal
2024-03-11 12:30:00,Dorm C,Room 107,21,Medium,2,0.3306987685707541,0.5260839819124306,0.3187501595683266,1,0,1,0,0,0,0,0,0,0.0492,0.004958,0.184255,Normal
2024-03-11 13:00:00,Dorm C,Room 108,20,Medium,1,0.7451604940547305,0.4692285294401965,0.4725553292155899,1,0,1,1,0,1,0,1,1,0.3383,0.21307,0.20811,Normal
2024-03-11 13:30:00,Dorm C,Room 102,22,Medium,2,0.5760942347411396,0.742636627334609,0.4470706105052116,1,0,1,0,0,1,0,0,0,0.0578,0.029481,0.197028,Normal
2024-03-11 14:00:00,Dorm A,Room 104,32,Large,3,0.4473148297034069,0.6324096146427207,0.3661594634825944,1,0,1,1,1,1,0,0,1,0.1507,0.113316,0.27783,Normal
2024-03-11 14:30:00,Dorm A,Room 102,15,Small,3,0.3581848613475537,0.4034298058424416,0.4824468197648959,1,1,1,0,0,1,0,0,0,0.6808,0.468463,0.284039,Normal
2024-03-11 15:00:00,Dorm A,Room 108,15,Small,1,0.5795263097012475,0.5508676610694703,0.4816681004494709,1,0,1,1,1,1,0,0,0,0.1452,0.071412,0.189869,Normal
2024-03-11 15:30:00,Dorm A,Room 107,25,Medium,3,0.5106691273534891,0.5207239121926219,0.603665495960445,1,0,1,1,1,1,0,0,0,0.1361,0.072528,0.261978,Normal
2024-03-11 16:00:00,Dorm B,Room 103,12,Small,1,0.7376474411620602,0.5628505252778921,0.2700201356031155,1,0,1,1,0,0,0,0,0,0.112,0.059902,0.214408,Normal
2024-03-11 16:30:00,Dorm C,Room 103,22,Medium,2,0.4799724027257762,0.3463502447499217,0.4535234542427901,1,0,1,1,1,0,0,0,0,0.1267,0.090219,0.268803,Normal
2024-03-11 17:00:00,Dorm C,Room 105,11,Small,1,0.4140156895673141,0.5489898283321046,0.3714387790766761,0,0,1,1,1,1,0,1,0,0.3336,0.210232,0.210034,Normal
2024-03-11 17:30:00,Dorm B,Room 107,14,Small,3,0.6466114585500072,0.4625516307614833,0.5669918187361503,0,1,0,1,0,1,0,0,0,0.6731,0.442443,0.292714,Normal
2024-03-11 18:00:00,Dorm A,Room 107,25,Medium,3,0.650568494154868,0.5375904867222223,0.5530933657632122,1,1,1,1,1,0,0,0,0,0.6991,0.489615,0.261709,Normal
2024-03-11 18:30:00,Dorm B,Room 108,20,Medium,3,0.5490271870529894,0.389624218626885,0.5235770304304879,1,1,1,0,1,1,0,1,1,0.8878,0.61,0.207131,Normal
2024-03-11 19:00:00,Dorm C,Room 103,22,Medium,2,0.6171622895451251,0.4100992288572212,0.3782085487685127,1,0,1,1,0,1,0,1,1,0.3448,0.226506,0.266431,Normal
2024-03-11 19:30:00,Dorm C,Room 102,22,Medium,2,0.5213361554100631,0.6685910924353642,0.5688763608675755,1,0,0,1,0,1,0,0,0,0.0941,0.070069,0.188285,Normal
2024-03-11 20:00:00,Dorm A,Room 102,15,Small,3,0.5577789985522675,0.3415438461817827,0.279078121379713,1,0,1,1,0,1,0,0,0,0.122,0.087009,0.290454,Normal
2024-03-11 20:30:00,Dorm A,Room 108,15,Small,1,0.6827379128413718,0.3523886210102552,0.2544628289805765,1,0,1,0,1,1,1,0,1,0.8466,0.537726,0.187152,Normal
2024-03-11 21:00:00,Dorm C,Room 101,21,Medium,1,0.6103127936218211,0.4885006883717284,0.3095815299072225,1,0,1,1,0,0,0,0,1,0.1119,0.08771,0.250665,Normal
2024-03-11 21:30:00,Dorm A,Room 106,32,Large,3,0.5036768781501682,0.3826427677012963,0.4586310427278843,1,1,1,1,0,1,0,0,0,0.7556,0.536822,0.314808,Normal
2024-03-11 22:00:00,Dorm A,Room 103,17,Medium,2,0.7078835592042018,0.3660157663991635,0.5436460565362238,1,1,0,1,1,1,0,0,0,0.6613,0.435393,0.285961,Normal
2024-03-11 22:30:00,Dorm B,Room 108,20,Medium,3,0.2090255912469613,0.5115233158037835,0.1056141952046921,1,1,1,1,1,1,0,0,0,0.7062,0.459604,0.209508,Normal
2024-03-11 23:00:00,Dorm C,Room 108,20,Medium,1,0.801786122429079,0.2748939831240956,0.6213356457731019,0,1,1,1,1,1,0,0,1,0.7343,0.482963,0.210444,Normal
2024-03-11 23:30:00,Dorm B,Room 103,12,Small,1,0.2974507698282487,0.3479492235323854,0.478376445476281,0,0,1,1,1,0,0,0,0,0.1118,0.064309,0.214036,Normal
2024-03-12 00:00:00,Dorm A,Room 104,32,Large,3,0.4422367487451254,0.7979547357244805,0.2745623033274538,1,1,0,1,0,1,0,0,1,0.7194,0.495524,0.267468,Normal
2024-03-12 00:30:00,Dorm B,Room 106,24,Medium,2,0.5209026274262759,0.5636064417588684,0.4747575417315771,0,1,1,1,0,1,0,0,1,0.7102,0.46411,0.200564,Normal
2024-03-12 01:00:00,Dorm C,Room 104,13,Small,2,0.5067358466685312,0.3863648724418544,0.5937166026976137,1,0,1,1,1,1,0,0,1,0.146,0.106468,0.267846,Normal
2024-03-12 01:30:00,Dorm A,Room 108,15,Small,1,0.6614561855558052,0.5575428009480887,0.5345615681582458,0,0,1,1,0,1,0,0,1,0.105,0.076415,0.187034,Normal
2024-03-12 02:00:00,Dorm C,Room 101,21,Medium,1,0.384430083006703,0.5794570675520783,0.594502120018224,0,1,0,0,0,1,0,0,0,0.6502,0.394063,0.240664,Normal
2024-03-12 02:30:00,Dorm B,Room 101,14,Small,4,0.5613892619019394,0.642222090291297,0.2987392207789838,1,1,0,1,0,1,0,1,1,0.9183,0.671644,0.31528,Normal
2024-03-12 03:00:00,Dorm C,Room 101,21,Medium,1,0.448796638548058,0.4773940842138746,0.412979039842239,0,0,1,1,0,1,0,1,0,0.3207,0.207448,0.239631,Normal
2024-03-12 03:30:00,Dorm A,Room 101,20,Medium,2,0.5660023421430923,0.6395890173603327,0.3517122325993433,0,0,1,1,0,1,0,0,0,0.0992,0.099741,0.227076,Normal
2024-03-12 04:00:00,Dorm A,Room 106,32,Large,3,0.5177012763885511,0.1965074029332158,0.6687040445233379,0,0,0,1,1,1,0,0,1,0.0915,0.034806,0.322865,Normal
2024-03-12 04:30:00,Dorm A,Room 101,20,Medium,2,0.5388659889427501,0.3408442239572365,0.5393509655269144,1,0,0,1,0,1,0,1,0,0.2642,0.182352,0.220163,Normal
2024-03-12 05:00:00,Dorm B,Room 101,14,Small,4,0.4525928453409806,0.520163997790666,0.8042009985949732,1,0,1,0,0,1,0,0,0,0.0588,0.057155,0.324144,Normal
2024-03-12 05:30:00,Dorm A,Room 104,32,Large,3,0.4579422542844504,0.5445246980557887,0.4065481648841591,1,0,0,1,0,1,0,0,0,0.0873,0.092406,0.273719,Normal
2024-03-12 06:00:00,Dorm A,Room 104,32,Large,3,0.5649463785968826,0.3620840011876168,0.3757082722795977,0,0,1,1,1,1,0,0,0,0.132,0.082819,0.274957,Normal
2024-03-12 06:30:00,Dorm A,Room 107,25,Medium,3,0.653042321340664,0.5342059899825593,0.4455121706110874,0,0,1,1,0,1,1,0,0,0.7838,0.545845,0.267728,Normal
2024-03-12 07:00:00,Dorm B,Room 101,14,Small,4,0.446103575945475,0.4044004799878021,0.6280076701536682,1,0,0,1,1,1,1,0,1,0.8462,0.589932,0.319813,Normal
2024-03-12 07:30:00,Dorm A,Room 103,17,Medium,2,0.4098035252261879,0.4553787569730654,0.4187238395502748,0,0,0,1,1,1,0,0,1,0.1026,0.092398,0.290005,Normal
2024-03-12 08:00:00,Dorm C,Room 103,22,Medium,2,0.6087214040676004,0.6466837593446377,0.4775756979941274,1,0,1,1,0,1,0,0,1,0.1294,0.073692,0.26995,Normal
2024-03-12 08:30:00,Dorm A,Room 106,32,Large,3,0.5220317547767704,0.6296602482575218,0.474246919928211,1,0,0,1,0,1,0,0,1,0.0909,0.054633,0.311537,Normal
2024-03-12 09:00:00,Dorm A,Room 107,25,Medium,3,0.637848327000356,0.3495513874309569,0.4673853976409416,0,1,1,1,0,1,0,0,0,0.764,0.507505,0.276862,Normal
2024-03-12 09:30:00,Dorm B,Room 106,24,Medium,2,0.4048340707215698,0.3407055902605408,0.3843791500547038,0,0,1,1,1,0,0,0,1,0.1245,0.037786,0.200429,Normal
2024-03-12 10:00:00,Dorm C,Room 105,11,Small,1,0.2875896318086548,0.4356543823842025,0.4461762696486364,0,1,0,1,0,0,0,0,0,0.6949,0.416801,0.210924,Normal
2024-03-12 10:30:00,Dorm A,Room 106,32,Large,3,0.4548636434120556,0.4921504780814915,0.4410401961029924,1,0,1,1,0,1,0,0,0,0.1119,0.074054,0.310795,Normal
2024-03-12 11:00:00,Dorm A,Room 106,32,Large,3,0.4235478113114634,0.3993952199317551,0.4617394676926694,1,0,0,1,0,1,0,0,0,0.0884,0.055988,0.302814,Normal
2024-03-12 11:30:00,Dorm B,Room 105,19,Medium,3,0.5158202827495488,0.6490158434712019,0.5758401322893737,0,0,1,1,0,1,0,1,0,0.2895,0.206382,0.291757,Normal
2024-03-12 12:00:00,Dorm C,Room 108,20,Medium,1,0.4409279588613661,0.5471341970779766,0.6738684663726247,1,1,1,1,0,1,0,1,0,0.9392,0.587146,0.219806,Normal
2024-03-12 12:30:00,Dorm A,Room 103,17,Medium,2,0.6258397760025333,0.5557601590243426,0.3618205496084378,1,0,1,1,0,0,0,1,1,0.3119,0.195634,0.282482,Normal
2024-03-12 13:00:00,Dorm C,Room 106,15,Small,1,0.4877235083608653,0.3099483432223777,0.4156197593057226,0,0,0,1,0,1,0,0,0,0.0761,0.047886,0.202511,Normal
2024-03-12 13:30:00,Dorm B,Room 101,14,Small,4,0.546587815445035,0.6676283011917818,0.3636708212239384,1,0,1,1,0,1,0,0,1,0.1176,0.082369,0.331422,Normal
2024-03-12 14:00:00,Dorm C,Room 105,11,Small,1,0.5475487095583362,0.0816240912055288,0.4850934525596563,1,0,1,1,0,1,0,0,0,0.1126,0.070096,0.210833,Normal
2024-03-12 14:30:00,Dorm B,Room 103,12,Small,1,0.5525571987422031,0.6186554485324562,0.3980615393522903,1,0,0,1,1,0,0,0,0,0.1012,0.085412,0.211706,Normal
2024-03-12 15:00:00,Dorm C,Room 103,22,Medium,2,0.5231556671011564,0.633389292220425,0.4914152751313198,1,0,1,1,0,0,0,0,0,0.1152,0.081179,0.270082,Normal
2024-03-12 15:30:00,Dorm B,Room 103,12,Small,1,0.5949174598447626,0.4325347080161649,0.5950484423711752,1,0,1,1,0,1,0,0,1,0.1218,0.091808,0.199814,Normal
2024-03-12 16:00:00,Dorm A,Room 104,32,Large,3,0.4196153547867042,0.6831503324404218,0.1596245090775752,1,0,1,1,0,0,0,0,1,0.1101,0.070914,0.275952,Normal
2024-03-12 16:30:00,Dorm B,Room 105,19,Medium,3,0.7141984840013437,0.4868082328823869,0.5216455285963183,1,1,1,1,1,1,0,0,1,0.761,0.515706,0.290808,Normal
2024-03-12 17:00:00,Dorm C,Room 103,22,Medium,2,0.4946500584120858,0.5052562376650258,0.4074386358231485,1,1,1,1,1,1,0,0,0,0.6993,0.469493,0.259464,Normal
2024-03-12 17:30:00,Dorm B,Room 106,24,Medium,2,0.3503813630809126,0.5459789224296709,0.5178835738637275,1,1,1,1,1,0,0,0,0,0.751,0.488088,0.199841,Normal
2024-03-12 18:00:00,Dorm B,Room 101,14,Small,4,0.5516336562911242,0.9643859302872546,0.3550981038283452,1,0,1,1,1,1,0,1,1,0.3281,0.227724,0.322613,Normal
2024-03-12 18:30:00,Dorm C,Room 103,22,Medium,2,0.4121637436115695,0.6936615824046917,0.6061616961720087,1,0,0,1,1,1,0,0,1,0.1094,0.067392,0.267553,Normal
2024-03-12 19:00:00,Dorm B,Room 105,19,Medium,3,0.6156830465628664,0.5991206620346436,0.5722127138103728,0,0,1,0,1,1,0,0,1,0.0647,0.052897,0.299988,Normal
2024-03-12 19:30:00,Dorm C,Room 103,22,Medium,2,0.8229272626943682,0.3619337769980126,0.5308318557813522,1,0,1,1,1,1,0,1,1,0.3577,0.247989,0.267451,Normal
2024-03-12 20:00:00,Dorm C,Room 107,21,Medium,2,0.4208343169535028,0.5171833809458724,0.5578098006807347,1,0,0,1,1,1,0,0,1,0.1123,0.070168,0.183243,Normal
2024-03-12 20:30:00,Dorm A,Room 103,17,Medium,2,0.5709988631839027,0.3765829864073957,0.3731953627887451,1,1,0,1,0,1,1,0,1,1.4478,0.932324,0.2769,Abnormal
2024-03-12 21:00:00,Dorm A,Room 106,32,Large,3,0.2908015327472193,0.616900048009124,0.3883111115089683,1,1,1,1,1,1,0,0,0,0.7053,0.4941,0.299907,Normal
2024-03-12 21:30:00,Dorm A,Room 108,15,Small,1,0.5873088172873916,0.5167244413430185,0.5529163072146773,1,0,1,1,1,1,0,0,1,0.1419,0.088639,0.187231,Normal
2024-03-12 22:00:00,Dorm C,Room 106,15,Small,1,0.4075293043890537,0.3308194383573253,0.370542998466953,0,0,1,1,0,1,0,0,1,0.1071,0.082575,0.202517,Normal
2024-03-12 22:30:00,Dorm C,Room 107,21,Medium,2,0.4425398044845366,0.5080033768701451,0.636078949797902,1,0,1,1,1,1,0,0,1,0.1471,0.057938,0.182725,Normal
2024-03-12 23:00:00,Dorm C,Room 108,20,Medium,1,0.3785990246874006,0.3712492467561115,0.4238259719143977,0,0,1,1,1,0,1,0,1,0.8945,0.524886,0.230563,Normal
2024-03-12 23:30:00,Dorm C,Room 108,20,Medium,1,0.624649978203423,0.5183041697677855,0.5228589590211837,0,0,1,1,1,1,0,0,1,0.1274,0.096645,0.232154,Normal
2024-03-13 00:00:00,Dorm C,Room 102,22,Medium,2,0.6615760705170719,0.369829618356662,0.7144926792753254,0,0,1,1,0,1,0,0,1,0.1063,0.067742,0.18909,Normal
2024-03-13 00:30:00,Dorm C,Room 107,21,Medium,2,0.5295321831390291,0.5001207944308035,0.3779218104098657,0,0,1,1,0,1,0,0,0,0.1002,0.081094,0.182426,Normal
2024-03-13 01:00:00,Dorm B,Room 107,14,Small,3,0.4103860744036762,0.6063715602328494,0.4708963005924569,1,0,0,1,1,1,0,0,1,0.1081,0.063705,0.296871,Normal
2024-03-13 01:30:00,Dorm B,Room 104,25,Medium,3,0.7397109642142933,0.4882845465593809,0.5891167063545392,0,0,1,1,0,1,0,0,1,0.1117,0.076485,0.292163,Normal
2024-03-13 02:00:00,Dorm B,Room 103,12,Small,1,0.4256873237383264,0.4386355212555088,0.5767711632240322,0,0,0,1,1,1,0,0,1,0.0931,0.045533,0.200917,Normal
2024-03-13 02:30:00,Dorm B,Room 102,14,Small,2,0.236244847205654,0.5259550007554341,0.4233191925439684,1,0,0,1,0,1,0,0,0,0.085,0.067797,0.282952,Normal
2024-03-13 03:00:00,Dorm A,Room 105,18,Medium,1,0.5879105494660664,0.5985403716433226,0.4006551599896339,0,0,1,1,0,0,0,0,0,0.0935,0.053507,0.243895,Normal
2024-03-13 03:30:00,Dorm B,Room 107,14,Small,3,0.3781309035491671,0.3333675221677143,0.4346778197177422,0,0,1,1,1,1,0,0,0,0.1159,0.089912,0.297201,Normal
2024-03-13 04:00:00,Dorm B,Room 107,14,Small,3,0.659067088999748,0.5343876587804668,0.6363456080993278,1,0,1,1,0,1,1,0,0,0.8505,0.613594,0.297757,Normal
2024-03-13 04:30:00,Dorm C,Room 104,13,Small,2,0.4752444114904927,0.6897093257722735,0.4291628360060191,0,0,1,0,1,1,0,0,0,0.0647,0.038814,0.268693,Normal
2024-03-13 05:00:00,Dorm B,Room 101,14,Small,4,0.6074133475131211,0.5803868193310167,0.4720184872635826,0,0,0,1,0,1,0,0,0,0.0691,0.04845,0.325295,Normal
2024-03-13 05:30:00,Dorm B,Room 101,14,Small,4,0.7144779488542532,0.5045688155437238,0.4114456827835259,1,1,0,1,0,1,0,0,0,0.7177,0.517567,0.324248,Normal
2024-03-13 06:00:00,Dorm B,Room 104,25,Medium,3,0.3641626000642124,0.5900981345829384,0.5472912261294668,1,1,0,1,0,1,1,0,0,1.343,0.9254,0.292124,Abnormal
2024-03-13 06:30:00,Dorm B,Room 105,19,Medium,3,0.4504439633462166,0.5625808537575729,0.481305239164276,0,0,0,1,0,1,1,0,0,0.7855,0.52865,0.297278,Normal
2024-03-13 07:00:00,Dorm B,Room 101,14,Small,4,0.5162386342311723,0.6068317339444467,0.3422656532624208,0,1,1,1,0,1,0,0,0,0.6728,0.47569,0.324768,Normal
2024-03-13 07:30:00,Dorm A,Room 103,17,Medium,2,0.7327362573944433,0.1986405407288501,0.3464177574613507,0,1,0,1,1,1,0,1,1,0.9358,0.61024,0.295555,Normal
2024-03-13 08:00:00,Dorm A,Room 106,32,Large,3,0.4380375834379575,0.267782461208522,0.2228755049191572,1,0,1,1,0,1,1,0,0,0.8458,0.561645,0.299927,Normal
2024-03-13 08:30:00,Dorm B,Room 101,14,Small,4,0.4466102740368282,0.6437526576135522,0.3629138730726491,1,0,1,1,0,1,0,0,1,0.1231,0.080216,0.332903,Normal
2024-03-13 09:00:00,Dorm B,Room 104,25,Medium,3,0.5905612484818401,0.274862633343148,0.5578961889374516,0,1,1,1,0,1,0,0,0,0.6505,0.464211,0.299056,Normal
2024-03-13 09:30:00,Dorm C,Room 101,21,Medium,1,0.4489286090761258,0.5550920010232194,0.6214577393568667,0,0,1,1,0,1,0,0,0,0.0997,0.056688,0.24074,Normal
2024-03-13 10:00:00,Dorm B,Room 103,12,Small,1,0.5468631152358553,0.444343313249872,0.5448930138429927,1,0,1,1,0,0,0,0,0,0.1155,0.066452,0.20053,Normal
2024-03-13 10:30:00,Dorm C,Room 106,15,Small,1,0.3181744626937353,0.3496794031707499,0.5291858820027207,0,0,1,1,0,1,0,1,1,0.2923,0.187526,0.194752,Normal
2024-03-13 11:00:00,Dorm A,Room 106,32,Large,3,0.8235612819880181,0.5474663183066082,0.4474677423356616,0,0,1,0,0,0,0,1,0,0.2252,0.160424,0.310096,Normal
2024-03-13 11:30:00,Dorm A,Room 106,32,Large,3,0.3455286074406456,0.5256254069901527,0.5556130216405649,1,0,1,1,0,1,0,0,0,0.1244,0.06645,0.298292,Normal
2024-03-13 12:00:00,Dorm A,Room 107,25,Medium,3,0.4832139945025432,0.8062209059531857,0.4969916190500086,1,1,1,1,1,1,0,0,0,0.7565,0.536321,0.276893,Normal
2024-03-13 12:30:00,Dorm A,Room 108,15,Small,1,0.5220348222601341,0.404257786573774,0.6791256374908645,1,0,1,1,0,1,0,1,1,0.3162,0.187726,0.177989,Normal
2024-03-13 13:00:00,Dorm C,Room 108,20,Medium,1,0.7830803570651633,0.7077223302222639,0.4508365710224902,1,1,1,0,0,1,0,0,0,0.666,0.432084,0.222304,Normal
2024-03-13 13:30:00,Dorm B,Room 107,14,Small,3,0.3485969273901174,0.5478738664709455,0.6237668556735518,1,0,1,1,1,1,0,0,1,0.1489,0.105807,0.297576,Normal
2024-03-13 14:00:00,Dorm B,Room 105,19,Medium,3,0.7926108443238628,0.398936200495825,0.5675139283570609,1,1,1,1,1,1,0,0,0,0.7953,0.529646,0.303803,Normal
2024-03-13 14:30:00,Dorm C,Room 107,21,Medium,2,0.628008462361521,0.6135398562558929,0.5508776776166704,0,1,1,1,0,1,0,0,0,0.7145,0.467,0.183315,Normal
2024-03-13 15:00:00,Dorm A,Room 108,15,Small,1,0.582368855515023,0.5792231084116628,0.2213296082853568,1,1,1,1,1,1,0,1,0,0.9424,0.580226,0.18154,Abnormal
2024-03-13 15:30:00,Dorm C,Room 106,15,Small,1,0.3942540606429764,0.5013487574398181,0.5741213000561858,0,0,1,1,0,0,0,0,1,0.092,0.038201,0.197127,Normal
2024-03-13 16:00:00,Dorm A,Room 103,17,Medium,2,0.6030421211437305,0.5352164059878253,0.4473499408670025,0,1,1,1,1,1,0,0,0,0.7279,0.477286,0.299466,Normal
2024-03-13 16:30:00,Dorm B,Room 102,14,Small,2,0.4293005111960759,0.4083468770442125,0.4093894046207663,1,1,1,1,0,0,1,0,0,1.5637,1.0,0.279463,Abnormal
2024-03-13 17:00:00,Dorm C,Room 105,11,Small,1,0.6963822768806147,0.3747220045861115,0.2847428225411467,1,1,1,1,1,0,0,1,0,0.9324,0.600064,0.210691,Abnormal
2024-03-13 17:30:00,Dorm C,Room 101,21,Medium,1,0.3960754038719576,0.607690147289879,0.4619767102450953,0,0,1,1,0,0,0,0,0,0.0983,0.061521,0.240852,Normal
2024-03-13 18:00:00,Dorm B,Room 108,20,Medium,3,0.5112077483720331,0.4631706228146805,0.4666721598972158,1,0,1,0,1,1,1,1,1,0.9688,0.65886,0.217337,Abnormal
2024-03-13 18:30:00,Dorm B,Room 101,14,Small,4,0.4518750989097668,0.4843120213591597,0.3063266497591487,1,0,0,1,1,1,0,0,1,0.1135,0.104128,0.332577,Normal
2024-03-13 19:00:00,Dorm C,Room 103,22,Medium,2,0.3938663141909417,0.537204246419974,0.2858984718717519,1,0,1,1,1,0,0,1,0,0.3137,0.195277,0.271075,Normal
2024-03-13 19:30:00,Dorm A,Room 103,17,Medium,2,0.6258804211588972,0.535068413747519,0.5210264374204944,1,0,1,1,1,0,0,0,1,0.1387,0.066389,0.308152,Normal
2024-03-13 20:00:00,Dorm C,Room 108,20,Medium,1,0.5982534600667577,0.2860247792050315,0.5672249280046165,0,0,1,0,0,0,1,0,1,0.8318,0.508865,0.230369,Normal
2024-03-13 20:30:00,Dorm B,Room 103,12,Small,1,0.6886453918159581,0.6851110774829605,0.4854751199013924,0,1,1,1,1,1,0,0,0,0.7606,0.49927,0.199935,Normal
2024-03-13 21:00:00,Dorm A,Room 102,15,Small,3,0.2875310952196224,0.5138903090230864,0.6007119260441496,1,0,0,0,0,1,0,0,1,0.0329,0.018668,0.28753,Normal
2024-03-13 21:30:00,Dorm B,Room 108,20,Medium,3,0.6692076460303212,0.4662988753083524,0.4522834414330674,1,0,0,1,1,1,0,0,0,0.1045,0.059549,0.226557,Normal
2024-03-13 22:00:00,Dorm C,Room 108,20,Medium,1,0.8626300203272746,0.559399064633765,0.456126506070695,1,1,1,1,1,1,0,0,0,0.718,0.476968,0.239307,Normal
2024-03-13 22:30:00,Dorm C,Room 102,22,Medium,2,0.4657827173182729,0.5308438277828198,0.3526317022109393,0,0,0,1,1,1,0,0,1,0.099,0.087309,0.18643,Normal
2024-03-13 23:00:00,Dorm B,Room 103,12,Small,1,0.7807265186250135,0.6088100719483793,0.275465717226057,0,0,1,1,1,1,0,0,1,0.1317,0.081792,0.198354,Normal
2024-03-13 23:30:00,Dorm B,Room 108,20,Medium,3,0.4910770800981754,0.575144208446559,0.6851496798833604,0,0,1,1,1,1,0,0,1,0.1311,0.098763,0.226609,Normal
2024-03-14 00:00:00,Dorm A,Room 107,25,Medium,3,0.3422137507051416,0.6015771325885755,0.5983682520995399,1,0,0,1,0,1,0,0,1,0.0858,0.079197,0.286042,Normal
2024-03-14 00:30:00,Dorm B,Room 102,14,Small,2,0.4853773653654532,0.6946256514313445,0.2955881122542,0,0,1,1,0,1,0,0,0,0.1053,0.099468,0.298905,Normal
2024-03-14 01:00:00,Dorm C,Room 103,22,Medium,2,0.6670648787822215,0.6259402120039905,0.4813324566494595,1,0,0,1,1,0,0,0,1,0.0941,0.071014,0.273363,Normal
2024-03-14 01:30:00,Dorm C,Room 106,15,Small,1,0.4139089060462212,0.4724958195477511,0.4506445003980092,1,0,0,1,0,1,0,0,0,0.0899,0.054208,0.196487,Normal
2024-03-14 02:00:00,Dorm B,Room 106,24,Medium,2,0.445827210499094,0.3310575934045838,0.429776285468243,1,0,1,1,0,1,0,0,0,0.1163,0.074025,0.208266,Normal
2024-03-14 02:30:00,Dorm B,Room 105,19,Medium,3,0.6060480024024869,0.7411837398282501,0.4135773736564024,0,1,0,1,1,1,0,0,1,0.6875,0.441666,0.309895,Normal
2024-03-14 03:00:00,Dorm B,Room 106,24,Medium,2,0.5268045149558388,0.4611449089274804,0.5083876222303227,1,0,1,1,0,1,0,0,0,0.122,0.060381,0.208692,Normal
2024-03-14 03:30:00,Dorm A,Room 105,18,Medium,1,0.6048513932461662,0.4265524479781661,0.5608030138828529,0,0,1,1,0,1,0,0,0,0.0973,0.068629,0.243799,Normal
2024-03-14 04:00:00,Dorm C,Room 108,20,Medium,1,0.5583110341769106,0.2408486725686345,0.5109216183293779,0,0,0,1,0,1,0,0,0,0.0749,0.086074,0.247578,Normal
2024-03-14 04:30:00,Dorm A,Room 106,32,Large,3,0.5907605040511557,0.5458237774948489,0.4481884794577849,0,0,1,1,0,1,0,1,0,0.2854,0.188055,0.297514,Normal
2024-03-14 05:00:00,Dorm B,Room 106,24,Medium,2,0.4683781704515887,0.5179618050162478,0.4437846020040653,1,1,1,1,1,1,0,0,0,0.748,0.479976,0.201233,Normal
2024-03-14 05:30:00,Dorm B,Room 105,19,Medium,3,0.5574925902128135,0.2734171523889891,0.5750360373063078,0,1,1,1,0,1,0,0,0,0.7377,0.511857,0.317849,Normal
2024-03-14 06:00:00,Dorm A,Room 105,18,Medium,1,0.4019385568852642,0.5626951291960989,0.5182462017551553,0,1,1,1,0,1,1,0,1,1.5006,0.938291,0.22578,Abnormal
2024-03-14 06:30:00,Dorm B,Room 106,24,Medium,2,0.6993041717349369,0.422865983761756,0.4713675058274926,1,1,1,1,0,1,0,1,0,0.9293,0.607423,0.207185,Abnormal
2024-03-14 07:00:00,Dorm C,Room 107,21,Medium,2,0.4412729246836883,0.8914546841121858,0.458339938530229,0,0,1,1,0,1,0,0,0,0.0974,0.056123,0.190534,Normal
2024-03-14 07:30:00,Dorm C,Room 103,22,Medium,2,0.6778873980245687,0.4124068199153469,0.5040688876711733,0,0,0,1,0,1,0,0,0,0.0651,0.043799,0.273047,Normal
2024-03-14 08:00:00,Dorm B,Room 105,19,Medium,3,0.4950433268694476,0.4321243693878595,0.4064594888927391,1,0,1,1,0,0,1,0,1,0.7868,0.536924,0.324119,Normal
2024-03-14 08:30:00,Dorm B,Room 101,14,Small,4,0.553502506461295,0.3675224786794348,0.5612065059524082,1,0,0,1,1,1,0,1,0,0.2914,0.211983,0.33317,Normal
2024-03-14 09:00:00,Dorm A,Room 104,32,Large,3,0.4599686234050347,0.6838801893587818,0.3335769000650448,1,0,0,1,0,1,0,0,1,0.0903,0.067202,0.266721,Normal
2024-03-14 09:30:00,Dorm A,Room 107,25,Medium,3,0.390045252792481,0.4412973627499394,0.4132848088700149,1,0,1,1,0,0,0,0,0,0.1105,0.083154,0.276803,Normal
2024-03-14 10:00:00,Dorm B,Room 105,19,Medium,3,0.2922435599037953,0.3895464775065191,0.5359610207052153,1,0,0,0,1,1,0,0,0,0.0502,0.038706,0.325682,Normal
2024-03-14 10:30:00,Dorm A,Room 105,18,Medium,1,0.3847672600908685,0.5999765394874206,0.3267357354037216,1,0,0,0,1,0,0,0,1,0.0417,0.025913,0.244476,Normal
2024-03-14 11:00:00,Dorm A,Room 101,20,Medium,2,0.4829246350286378,0.2932220178807849,0.2739341202009803,1,0,0,1,1,0,0,1,0,0.3096,0.18034,0.21992,Normal
2024-03-14 11:30:00,Dorm C,Room 102,22,Medium,2,0.5548284444813495,0.5879485302251277,0.4702143855329682,1,0,1,1,0,0,0,1,0,0.2983,0.176123,0.17806,Normal
2024-03-14 12:00:00,Dorm A,Room 103,17,Medium,2,0.6619887356447233,0.7578788618195504,0.2591239455959436,1,0,1,0,1,0,0,0,0,0.0695,0.03557,0.294732,Normal
2024-03-14 12:30:00,Dorm A,Room 108,15,Small,1,0.4665723119723797,0.5793508664706839,0.3068303253780531,1,0,1,1,0,1,0,0,1,0.1181,0.09029,0.18182,Normal
2024-03-14 13:00:00,Dorm B,Room 105,19,Medium,3,0.4080329691513467,0.5898278438553481,0.5534151300628855,1,0,0,1,0,1,0,0,0,0.0856,0.079418,0.315761,Normal
2024-03-14 13:30:00,Dorm A,Room 107,25,Medium,3,0.3327786746968149,0.6239467734208859,0.4380790328921704,1,0,1,1,0,1,1,0,0,0.8283,0.530483,0.274261,Normal
2024-03-14 14:00:00,Dorm B,Room 106,24,Medium,2,0.5908193245535538,0.7473429227014758,0.616866080320586,1,1,0,1,1,1,0,1,0,0.9192,0.618896,0.218177,Abnormal
2024-03-14 14:30:00,Dorm C,Room 102,22,Medium,2,0.71202127023996,0.6738893501868313,0.3181061539282772,0,0,1,1,0,1,0,1,1,0.3091,0.183629,0.177845,Normal
2024-03-14 15:00:00,Dorm A,Room 104,32,Large,3,0.69633785800905,0.5606958139346332,0.4513755873180165,0,0,1,1,0,1,0,0,1,0.1127,0.088695,0.266314,Normal
2024-03-14 15:30:00,Dorm B,Room 102,14,Small,2,0.621668214695767,0.6289186648963281,0.5105849103418435,1,0,1,1,0,0,0,0,0,0.1076,0.065101,0.292315,Normal
2024-03-14 16:00:00,Dorm A,Room 104,32,Large,3,0.6120876124278952,0.3658825759236843,0.3222210333153416,1,0,0,1,1,1,0,0,0,0.1081,0.043324,0.266297,Normal
2024-03-14 16:30:00,Dorm C,Room 108,20,Medium,1,0.7542182969746761,0.6101666617633175,0.5864268414560562,1,0,1,1,0,1,0,0,0,0.1176,0.06087,0.241373,Normal
2024-03-14 17:00:00,Dorm C,Room 102,22,Medium,2,0.5709598276143354,0.3483028523685004,0.523912829323214,1,0,1,1,1,1,0,1,1,0.3642,0.230599,0.178207,Normal
2024-03-14 17:30:00,Dorm B,Room 101,14,Small,4,0.6131057167188603,0.4421428891875976,0.2695818054079459,1,1,0,1,0,1,0,0,0,0.6912,0.506394,0.32574,Normal
2024-03-14 18:00:00,Dorm A,Room 106,32,Large,3,0.4833440150262,0.0430622931621104,0.4581191350351403,0,1,1,1,0,1,0,0,1,0.6964,0.47243,0.28955,Normal
2024-03-14 18:30:00,Dorm C,Room 105,11,Small,1,0.3436049375398678,0.5550759856629941,0.5089499894574102,0,0,1,1,0,1,0,0,1,0.1028,0.061145,0.211284,Normal
2024-03-14 19:00:00,Dorm C,Room 103,22,Medium,2,0.4346199715677719,0.4014565762326532,0.3918582561956549,1,1,1,0,1,0,0,1,0,0.8157,0.521005,0.261713,Normal
2024-03-14 19:30:00,Dorm B,Room 104,25,Medium,3,0.5251646802452983,0.6593770574307052,0.2851085055175618,0,0,0,1,1,1,1,1,1,0.9733,0.679604,0.306775,Abnormal
2024-03-14 20:00:00,Dorm A,Room 104,32,Large,3,0.5345513580033245,0.5534245688104968,0.4960535263678743,1,1,1,1,0,1,0,1,1,0.8828,0.588746,0.255,Normal
2024-03-14 20:30:00,Dorm C,Room 106,15,Small,1,0.7849051979448504,0.6612803125313789,0.7279284628633844,1,1,1,1,0,0,0,0,0,0.7656,0.500607,0.196174,Normal
2024-03-14 21:00:00,Dorm C,Room 103,22,Medium,2,0.5373013972751151,0.3368338696340749,0.4162207490390163,1,0,1,1,1,1,0,0,1,0.139,0.127348,0.259516,Normal
2024-03-14 21:30:00,Dorm C,Room 104,13,Small,2,0.6845969538803703,0.6486842380489128,0.6509079023513102,1,1,1,1,1,1,0,0,1,0.7044,0.477697,0.26725,Normal
2024-03-14 22:00:00,Dorm A,Room 107,25,Medium,3,0.4680056182985993,0.805561590117442,0.3723953643573351,0,0,1,1,1,1,0,0,0,0.1203,0.089736,0.283373,Normal
2024-03-14 22:30:00,Dorm B,Room 102,14,Small,2,0.4845663233606047,0.6083832376466385,0.4885058736162011,1,0,1,1,1,1,0,0,1,0.143,0.083413,0.283457,Normal
2024-03-14 23:00:00,Dorm B,Room 105,19,Medium,3,0.3480383980766601,0.612232271208885,0.5552060825863707,0,0,0,1,0,1,0,1,0,0.2807,0.218067,0.313081,Normal
2024-03-14 23:30:00,Dorm A,Room 105,18,Medium,1,0.426771959477484,0.5210055413910615,0.4616376129252698,1,1,1,1,0,1,0,0,1,0.7311,0.435931,0.243697,Normal
2024-03-15 00:00:00,Dorm C,Room 107,21,Medium,2,0.59711578218422,0.4189748969197972,0.4269278311641278,0,0,0,1,0,1,0,1,0,0.2637,0.172838,0.189864,Normal
2024-03-15 00:30:00,Dorm B,Room 107,14,Small,3,0.5274084323639593,0.6079473596580978,0.5497600709911354,0,1,0,1,0,1,0,0,1,0.7306,0.466444,0.29619,Normal
2024-03-15 01:00:00,Dorm A,Room 106,32,Large,3,0.6529380617278742,0.2747445151167341,0.6895637114139962,1,0,0,1,0,1,0,0,1,0.0924,0.054954,0.297595,Normal
2024-03-15 01:30:00,Dorm C,Room 105,11,Small,1,0.5507184782158641,0.4346871196245387,0.4987082252454393,1,0,0,1,0,1,0,0,1,0.0957,0.071487,0.210838,Normal
2024-03-15 02:00:00,Dorm A,Room 107,25,Medium,3,0.4790938561083618,0.2358034764259584,0.4007355707918281,0,0,1,1,1,1,0,0,1,0.1293,0.086173,0.272124,Normal
2024-03-15 02:30:00,Dorm B,Room 102,14,Small,2,0.8146995127258206,0.3926705584836672,0.4398826167499392,0,0,0,1,0,1,0,0,1,0.0778,0.068989,0.280676,Normal
2024-03-15 03:00:00,Dorm C,Room 102,22,Medium,2,0.5137917973407449,0.5904372614444249,0.7649347841576634,1,0,1,0,0,1,0,0,0,0.0586,0.04171,0.181481,Normal
2024-03-15 03:30:00,Dorm A,Room 101,20,Medium,2,0.6824708626154316,0.5703546800688604,0.4788317197323852,0,1,1,1,0,1,0,0,0,0.7526,0.508661,0.221919,Normal
2024-03-15 04:00:00,Dorm B,Room 108,20,Medium,3,0.4725507753230268,0.5035635305692732,0.3913355465588366,1,0,0,1,0,1,0,1,1,0.2789,0.204333,0.218612,Normal
2024-03-15 04:30:00,Dorm C,Room 102,22,Medium,2,0.621623489371112,0.5211235983970786,0.3252738960161113,1,0,1,1,0,1,0,1,0,0.3377,0.199586,0.16999,Normal
2024-03-15 05:00:00,Dorm A,Room 104,32,Large,3,0.6509353709961999,0.2189311138177351,0.2435947551032463,1,0,1,1,0,1,0,0,0,0.1245,0.099519,0.263569,Normal
2024-03-15 05:30:00,Dorm B,Room 105,19,Medium,3,0.5543738744606407,0.4413287411349577,0.5062659787922504,1,1,0,1,0,1,0,0,0,0.6684,0.452678,0.315846,Normal
2024-03-15 06:00:00,Dorm C,Room 101,21,Medium,1,0.2104175944843905,0.3959485076411439,0.5411839957504724,0,1,0,0,0,1,0,1,0,0.7711,0.450462,0.240598,Normal
2024-03-15 06:30:00,Dorm A,Room 103,17,Medium,2,0.5288433574667448,0.399224567610746,0.4150555966303226,1,0,1,1,0,1,0,0,0,0.1236,0.064782,0.281626,Normal
2024-03-15 07:00:00,Dorm A,Room 103,17,Medium,2,0.691524003791032,0.5841963136713619,0.4608510033812548,1,0,1,1,0,1,1,1,0,1.0735,0.722359,0.281524,Normal
2024-03-15 07:30:00,Dorm A,Room 107,25,Medium,3,0.5971828082394723,0.3696194615001303,0.3222274181870781,1,0,1,1,0,1,0,0,1,0.1304,0.092237,0.26306,Normal
2024-03-15 08:00:00,Dorm B,Room 106,24,Medium,2,0.586226296660659,0.407216179584326,0.478594342117921,1,0,1,1,1,1,0,1,1,0.3277,0.228243,0.22943,Normal
2024-03-15 08:30:00,Dorm B,Room 103,12,Small,1,0.2952635677172263,0.1893617206202881,0.5204116951244466,0,0,1,1,1,0,0,1,0,0.3238,0.171605,0.198406,Normal
2024-03-15 09:00:00,Dorm B,Room 103,12,Small,1,0.4297073514126592,0.4528562920693011,0.3984436646943505,0,0,1,1,0,0,0,0,0,0.0964,0.07515,0.20066,Normal
2024-03-15 09:30:00,Dorm A,Room 106,32,Large,3,0.5815988457741567,0.336210604216096,0.6654495706461325,1,1,1,1,0,1,0,0,1,0.678,0.474127,0.289331,Normal
2024-03-15 10:00:00,Dorm C,Room 107,21,Medium,2,0.5814680854988656,0.5077209670425191,0.3622198600352647,1,0,0,1,0,0,0,1,0,0.2792,0.170293,0.192031,Normal
2024-03-15 10:30:00,Dorm C,Room 104,13,Small,2,0.6894045161612713,0.3563046170586594,0.4966555105204281,1,0,1,1,0,1,0,0,1,0.1235,0.097641,0.275791,Normal
2024-03-15 11:00:00,Dorm A,Room 102,15,Small,3,0.5069524373192086,0.5114448785230814,0.5644190945491775,1,0,1,1,0,1,0,0,0,0.1176,0.08617,0.278395,Normal
2024-03-15 11:30:00,Dorm B,Room 101,14,Small,4,0.5808562332036616,0.4748178834446337,0.453374621123225,1,0,1,1,1,1,0,0,0,0.136,0.078835,0.332017,Normal
2024-03-15 12:00:00,Dorm A,Room 108,15,Small,1,0.528591296786768,0.7418074221763593,0.4400355463338351,1,0,0,1,1,1,0,1,0,0.3148,0.198102,0.174238,Normal
2024-03-15 12:30:00,Dorm A,Room 107,25,Medium,3,0.3939441816532346,0.5691532092350333,0.2912267950453387,1,1,0,1,0,0,0,1,1,0.8787,0.55076,0.254703,Normal
2024-03-15 13:00:00,Dorm C,Room 104,13,Small,2,0.2236622005089819,0.2257246792675378,0.6254864263633415,0,0,1,1,0,0,0,0,1,0.0923,0.067965,0.259983,Normal
2024-03-15 13:30:00,Dorm A,Room 102,15,Small,3,0.5842361910738794,0.3101908279559208,0.4422650115538322,0,1,1,1,0,1,0,1,0,0.8819,0.596673,0.27818,Normal
2024-03-15 14:00:00,Dorm A,Room 103,17,Medium,2,0.5497378993219998,0.5041946305816278,0.5271143974565374,0,0,1,1,0,0,0,0,0,0.0971,0.038598,0.288194,Normal
2024-03-15 14:30:00,Dorm C,Room 101,21,Medium,1,0.4434335327485869,0.3594290392663105,0.5433528617693822,1,0,0,1,0,1,0,0,0,0.0881,0.018628,0.238817,Normal
2024-03-15 15:00:00,Dorm C,Room 103,22,Medium,2,0.3090976271547306,0.0598444108500371,0.387270408564526,1,0,1,1,0,1,0,0,0,0.1192,0.079888,0.252872,Normal
2024-03-15 15:30:00,Dorm C,Room 103,22,Medium,2,0.610906124739925,0.6944129107287333,0.4389496091626979,1,0,0,1,0,0,0,0,1,0.0826,0.052467,0.25294,Normal
2024-03-15 16:00:00,Dorm C,Room 102,22,Medium,2,0.4907068434164641,0.6019265765669692,0.6227440286883654,0,1,1,1,0,1,0,0,0,0.7549,0.484245,0.172897,Normal
2024-03-15 16:30:00,Dorm C,Room 104,13,Small,2,0.6011275260976543,0.5726448587945749,0.3286174729927277,0,0,1,1,0,0,0,0,0,0.1008,0.070079,0.256706,Normal
2024-03-15 17:00:00,Dorm A,Room 101,20,Medium,2,0.7765528263911918,0.4068278778148628,0.7179320283869255,0,1,1,1,0,1,0,0,0,0.6939,0.467798,0.231008,Normal
2024-03-15 17:30:00,Dorm B,Room 105,19,Medium,3,0.2390095983037263,0.5589333082940129,0.3732850617296013,1,0,1,1,1,1,0,0,0,0.1386,0.101865,0.323361,Normal
2024-03-15 18:00:00,Dorm B,Room 101,14,Small,4,0.4325060344542323,0.3925671051830618,0.3211410057025971,1,1,1,1,1,1,0,0,0,0.735,0.517233,0.329327,Normal
2024-03-15 18:30:00,Dorm A,Room 105,18,Medium,1,0.4982952214649001,0.5261873589862847,0.4785200277825204,1,1,1,1,0,1,1,0,0,1.5213,0.932779,0.243705,Abnormal
2024-03-15 19:00:00,Dorm C,Room 106,15,Small,1,0.7216343799742786,0.3607905995199811,0.72758118915702,0,1,1,1,0,1,0,0,1,0.6613,0.414451,0.205925,Normal
2024-03-15 19:30:00,Dorm C,Room 105,11,Small,1,0.3067853322170192,0.7189176343830721,0.2333895779728833,1,1,1,1,0,1,0,0,1,0.7444,0.450839,0.20858,Normal
2024-03-15 20:00:00,Dorm A,Room 103,17,Medium,2,0.7861902047335715,0.2653163658128621,0.4457294255912141,1,1,1,1,1,1,0,0,1,0.6982,0.47806,0.28757,Normal
2024-03-15 20:30:00,Dorm C,Room 108,20,Medium,1,0.5446259708997764,0.6771798055890272,0.5197842188275246,1,1,0,1,1,0,0,0,0,0.7386,0.450372,0.240897,Normal
2024-03-15 21:00:00,Dorm A,Room 102,15,Small,3,0.5135103633258835,0.5018003024269881,0.466683960292424,0,0,1,1,1,1,0,0,1,0.1305,0.081661,0.278959,Normal
2024-03-15 21:30:00,Dorm A,Room 102,15,Small,3,0.4998138308406595,0.4241482144506558,0.5084659050207013,1,0,1,1,0,1,0,1,1,0.3356,0.232101,0.278981,Normal
2024-03-15 22:00:00,Dorm B,Room 101,14,Small,4,0.4678464828634632,0.5206242115838242,0.3765050045348596,1,1,1,1,0,1,0,0,1,0.7269,0.519136,0.339739,Normal
2024-03-15 22:30:00,Dorm A,Room 108,15,Small,1,0.6670531752423113,0.6038553017302566,0.3906987313595913,1,0,0,1,1,1,0,1,0,0.3292,0.194147,0.176559,Normal
2024-03-15 23:00:00,Dorm A,Room 105,18,Medium,1,0.3829962509775917,0.6969407157408531,0.4448408208780388,1,0,1,1,0,1,0,0,1,0.1227,0.055484,0.254541,Normal
2024-03-15 23:30:00,Dorm C,Room 107,21,Medium,2,0.5727491049355046,0.5421012231595783,0.3270950107889219,0,0,0,1,0,1,0,0,1,0.0744,0.049561,0.193904,Normal
2024-03-16 00:00:00,Dorm C,Room 106,15,Small,1,0.474835904849287,0.3651828673353384,0.4572859949827275,1,0,0,1,0,1,0,0,1,0.0965,0.066578,0.213542,Normal
2024-03-16 00:30:00,Dorm A,Room 105,18,Medium,1,0.4241140309963761,0.5042566653262777,0.4160094596077796,1,0,1,0,0,0,0,1,1,0.2492,0.156468,0.246351,Normal
2024-03-16 01:00:00,Dorm C,Room 104,13,Small,2,0.8734368044494069,0.7630803570463169,0.4062559612312967,0,0,1,1,1,1,0,0,1,0.1213,0.06187,0.247991,Normal
2024-03-16 01:30:00,Dorm C,Room 102,22,Medium,2,0.582631275433678,0.6941383525418698,0.5010979540621521,0,1,0,1,0,1,0,0,0,0.6527,0.433401,0.172245,Normal
2024-03-16 02:00:00,Dorm C,Room 107,21,Medium,2,0.6086952855445439,0.6296346741476284,0.2442235867666751,1,0,0,1,0,1,0,0,0,0.0921,0.073614,0.193152,Normal
2024-03-16 02:30:00,Dorm B,Room 104,25,Medium,3,0.6790857267527137,0.6130167549484458,0.4351631953737499,1,0,0,1,0,1,0,0,0,0.0903,0.056464,0.319523,Normal
2024-03-16 03:00:00,Dorm C,Room 106,15,Small,1,0.3356458784073549,0.5988736030764279,0.7406585126357461,1,0,0,1,1,1,0,0,0,0.1105,0.056866,0.213425,Normal
2024-03-16 03:30:00,Dorm B,Room 101,14,Small,4,0.7615548676431633,0.6663738525258196,0.3323470789149276,1,0,0,1,0,1,0,0,1,0.0948,0.087487,0.340431,Normal
2024-03-16 04:00:00,Dorm A,Room 107,25,Medium,3,0.1896868450275717,0.4289741766690947,0.6168677055189685,1,0,1,1,1,1,0,0,0,0.1327,0.102303,0.261547,Normal
2024-03-16 04:30:00,Dorm C,Room 101,21,Medium,1,0.4232238744922469,0.2969352823876747,0.4692040567759937,1,0,0,1,1,1,0,1,1,0.3174,0.179981,0.23794,Normal
2024-03-16 05:00:00,Dorm B,Room 103,12,Small,1,0.4647908863850724,0.5062220408063351,0.3903105148588841,0,1,1,1,0,1,0,0,0,0.7524,0.465649,0.201213,Normal
2024-03-16 05:30:00,Dorm A,Room 104,32,Large,3,0.60446226288903,0.3759279052466287,0.3042104211882895,0,1,0,1,1,1,0,0,0,0.7455,0.497788,0.255,Normal
2024-03-16 06:00:00,Dorm C,Room 108,20,Medium,1,0.5557462634723396,0.3410334189120933,0.4794045554472159,0,0,0,1,1,1,0,0,0,0.0874,0.060927,0.249119,Normal
2024-03-16 06:30:00,Dorm C,Room 106,15,Small,1,0.5040069744185154,0.390227730247713,0.6370101592989313,1,0,1,1,0,1,1,0,0,0.846,0.515855,0.214414,Normal
2024-03-16 07:00:00,Dorm C,Room 103,22,Medium,2,0.5247837739758813,0.8613273570879498,0.4159535716845312,1,0,0,1,0,1,0,0,0,0.0832,0.039323,0.253649,Normal
2024-03-16 07:30:00,Dorm C,Room 105,11,Small,1,0.3951412247076799,0.5160862830198825,0.4529341025708846,0,1,0,1,0,0,0,0,0,0.6364,0.366127,0.214059,Normal
2024-03-16 08:00:00,Dorm B,Room 108,20,Medium,3,0.3254623042338391,0.5492677876266308,0.5838605697222294,0,0,1,1,0,1,1,0,0,0.8069,0.553823,0.221601,Normal
2024-03-16 08:30:00,Dorm B,Room 103,12,Small,1,0.6238931322738326,0.3164405306867159,0.5035410561552693,0,0,0,1,0,1,1,0,0,0.8897,0.552305,0.208939,Normal
2024-03-16 09:00:00,Dorm B,Room 101,14,Small,4,0.6194905682287812,0.2251199188100424,0.2740220293219911,1,0,1,1,1,1,0,0,0,0.1372,0.146677,0.328094,Normal
2024-03-16 09:30:00,Dorm B,Room 108,20,Medium,3,0.7390361080083019,0.3757117161667261,0.4745104342488326,1,0,1,1,0,0,0,0,0,0.115,0.102124,0.231042,Normal
2024-03-16 10:00:00,Dorm A,Room 107,25,Medium,3,0.4203719904609843,0.7074409667432804,0.6440688948472647,1,0,1,1,0,1,0,0,0,0.1216,0.101246,0.252831,Normal
2024-03-16 10:30:00,Dorm C,Room 102,22,Medium,2,0.6193710073936487,0.545206884899547,0.4582151836972918,1,0,1,1,1,1,0,0,0,0.1359,0.059016,0.180349,Normal
2024-03-16 11:00:00,Dorm A,Room 104,32,Large,3,0.4883198393855957,0.5840517714014297,0.1337521811517913,1,0,1,1,0,0,0,0,1,0.1125,0.074472,0.263658,Normal
2024-03-16 11:30:00,Dorm B,Room 103,12,Small,1,0.6861579296203131,0.6046221530809601,0.5092209109717784,0,0,1,1,0,0,0,0,0,0.0937,0.028,0.21814,Normal
2024-03-16 12:00:00,Dorm C,Room 103,22,Medium,2,0.6635432592528171,0.4091753963890474,0.4388382973335316,1,0,1,1,1,1,0,0,1,0.1407,0.100493,0.244815,Normal
2024-03-16 12:30:00,Dorm A,Room 106,32,Large,3,0.5547385587389072,0.7000590756171023,0.2432116544741975,1,0,0,1,0,1,0,0,0,0.0941,0.063624,0.297431,Normal
2024-03-16 13:00:00,Dorm B,Room 102,14,Small,2,0.4808282253302171,0.4030826220600496,0.2611934252960822,1,0,1,1,0,1,0,1,0,0.3223,0.230883,0.281621,Normal
2024-03-16 13:30:00,Dorm A,Room 103,17,Medium,2,0.6553528327558797,0.7027435936958346,0.5796300043212517,0,0,1,1,0,0,0,0,1,0.1,0.050552,0.296474,Normal
2024-03-16 14:00:00,Dorm B,Room 105,19,Medium,3,0.6132097027439687,0.561082681139303,0.3747834841694106,1,0,0,1,1,1,0,0,0,0.1044,0.079135,0.315371,Normal
2024-03-16 14:30:00,Dorm A,Room 108,15,Small,1,0.4345405908895362,0.2331598759468264,0.3537752082063813,1,0,1,1,0,0,0,0,1,0.1154,0.071236,0.171733,Normal
2024-03-16 15:00:00,Dorm A,Room 106,32,Large,3,0.3482006433928782,0.3861523459453393,0.458371458888034,1,0,1,1,0,1,0,0,0,0.126,0.083436,0.293661,Normal
2024-03-16 15:30:00,Dorm C,Room 105,11,Small,1,0.487672157552637,0.2337633923938768,0.3853623546475184,1,0,1,1,0,0,0,0,1,0.1172,0.084113,0.207342,Normal
2024-03-16 16:00:00,Dorm B,Room 104,25,Medium,3,0.729765360786821,0.6670391924065435,0.474649768128552,0,0,1,1,0,1,0,0,0,0.1004,0.077763,0.319187,Normal
2024-03-16 16:30:00,Dorm C,Room 103,22,Medium,2,0.6802546766492086,0.4924460006695443,0.4383267970555232,1,0,1,1,0,1,0,0,0,0.1281,0.098289,0.245487,Normal
2024-03-16 17:00:00,Dorm C,Room 108,20,Medium,1,0.3771173034423555,0.1685999584606155,0.3186842577265633,0,1,0,1,1,0,0,0,0,0.6341,0.393275,0.248924,Normal
2024-03-16 17:30:00,Dorm A,Room 102,15,Small,3,0.3696784954562241,0.5513015985686058,0.4013189073100057,1,0,1,1,1,0,0,0,0,0.1264,0.089918,0.274929,Normal
2024-03-16 18:00:00,Dorm A,Room 106,32,Large,3,0.6974589251336368,0.4171385384862396,0.5157638411117249,1,1,1,1,1,0,0,1,1,0.9433,0.647731,0.285507,Normal
2024-03-16 18:30:00,Dorm B,Room 105,19,Medium,3,0.3739892655338598,0.2780183911529562,0.46767587700961,1,1,1,1,1,1,0,0,0,0.7891,0.522338,0.314981,Normal
2024-03-16 19:00:00,Dorm A,Room 102,15,Small,3,0.5947422770527621,0.7426780332425247,0.4528164056825954,1,1,1,1,1,1,0,0,1,0.7729,0.516738,0.266221,Normal
2024-03-16 19:30:00,Dorm C,Room 102,22,Medium,2,0.4437158704450294,0.511848085922525,0.6950738006259813,1,0,1,1,1,0,0,0,1,0.1308,0.079724,0.180866,Normal
2024-03-16 20:00:00,Dorm C,Room 107,21,Medium,2,0.7434044558606469,0.4529579570149092,0.5503491211794161,1,1,1,1,0,1,0,1,1,0.9682,0.656263,0.193339,Abnormal
2024-03-16 20:30:00,Dorm B,Room 106,24,Medium,2,0.4230013154079322,0.4373809798655131,0.5649138537255641,1,1,0,1,1,1,0,0,0,0.6747,0.411638,0.232632,Normal
2024-03-16 21:00:00,Dorm B,Room 101,14,Small,4,0.6798352111430779,0.2736868959267841,0.4427358666800406,1,1,0,1,1,1,1,0,1,1.5344,1.0,0.321537,Abnormal
2024-03-16 21:30:00,Dorm C,Room 103,22,Medium,2,0.5512022368244651,0.3043623150269649,0.4890576794641009,0,0,1,1,1,1,0,0,0,0.123,0.076441,0.237295,Normal
2024-03-16 22:00:00,Dorm B,Room 103,12,Small,1,0.5602388875463881,0.684914839166415,0.4109281925886865,1,0,1,1,1,1,0,1,1,0.3294,0.203155,0.209961,Normal
2024-03-16 22:30:00,Dorm B,Room 108,20,Medium,3,0.2619745479521312,0.4264384855102563,0.5559291662496012,1,0,1,1,0,1,0,0,1,0.1239,0.081141,0.231778,Normal
2024-03-16 23:00:00,Dorm B,Room 104,25,Medium,3,0.2307585293162284,0.4993242714349679,0.4494023861635537,0,0,1,1,0,0,0,0,1,0.0904,0.06178,0.319835,Normal
2024-03-16 23:30:00,Dorm C,Room 108,20,Medium,1,0.4967934575414994,0.1956426868878323,0.4893255181546714,0,0,1,1,1,1,0,1,0,0.3133,0.156851,0.255249,Normal
2024-03-17 00:00:00,Dorm A,Room 107,25,Medium,3,0.5595291213992458,0.3023719914243227,0.481915435221558,0,0,1,1,0,1,0,0,1,0.1149,0.077254,0.253136,Normal
2024-03-17 00:30:00,Dorm C,Room 104,13,Small,2,0.3753900760339415,0.5857003048147693,0.4604675256205244,0,1,1,1,0,1,0,0,1,0.6722,0.418112,0.241204,Normal
2024-03-17 01:00:00,Dorm C,Room 103,22,Medium,2,0.3802890407475189,0.5515903606236576,0.8151396249922492,1,0,1,1,0,1,0,0,0,0.1206,0.073017,0.228834,Normal
2024-03-17 01:30:00,Dorm A,Room 105,18,Medium,1,0.6017445743368219,0.753760328378573,0.3826730873121152,1,0,1,1,0,1,0,0,1,0.1165,0.084467,0.248626,Normal
2024-03-17 02:00:00,Dorm A,Room 102,15,Small,3,0.6019300214138762,0.6934444351176248,0.3815822953076174,1,0,0,1,0,1,0,0,0,0.0866,0.052247,0.263527,Normal
2024-03-17 02:30:00,Dorm A,Room 106,32,Large,3,0.5079087195940366,0.4621754639429177,0.5459173585131759,1,1,0,1,1,1,0,0,1,0.6848,0.454432,0.29686,Normal
2024-03-17 03:00:00,Dorm C,Room 108,20,Medium,1,0.6310984493139973,0.5655872671520721,0.39124493361903,1,1,0,1,0,0,0,0,1,0.6558,0.417363,0.243619,Normal
2024-03-17 03:30:00,Dorm A,Room 104,32,Large,3,0.3688135798873365,0.449552552344433,0.427687151927595,1,0,1,1,0,1,0,0,1,0.126,0.066381,0.263906,Normal
2024-03-17 04:00:00,Dorm B,Room 106,24,Medium,2,0.4786266741628159,0.7980597010869517,0.3323109360931562,0,0,0,1,1,1,0,0,1,0.0947,0.07917,0.240274,Normal
2024-03-17 04:30:00,Dorm C,Room 107,21,Medium,2,0.7475422624292583,0.6649424242980955,0.5216188989670859,0,0,1,1,0,0,0,0,0,0.0953,0.093129,0.205394,Normal
2024-03-17 05:00:00,Dorm C,Room 106,15,Small,1,0.535562805699687,0.5210183879773942,0.523142429248683,0,0,1,1,0,1,0,0,1,0.1115,0.048511,0.221098,Normal
2024-03-17 05:30:00,Dorm B,Room 103,12,Small,1,0.5433452295657948,0.5255315397231255,0.424833596182347,0,0,0,1,1,1,0,0,0,0.0905,0.065623,0.199996,Normal
2024-03-17 06:00:00,Dorm B,Room 104,25,Medium,3,0.8358564160271096,0.7084189536994796,0.548403117272941,1,1,0,1,0,1,1,0,1,1.4801,1.0,0.30749,Abnormal
2024-03-17 06:30:00,Dorm B,Room 104,25,Medium,3,0.3385993657695731,0.5812569630455597,0.2397288711276016,1,0,0,1,1,1,0,0,0,0.111,0.06667,0.319073,Normal
2024-03-17 07:00:00,Dorm B,Room 105,19,Medium,3,0.6332763655061394,0.7251399330621393,0.3778462240021578,0,1,1,1,0,1,0,0,1,0.6909,0.469564,0.324358,Normal
2024-03-17 07:30:00,Dorm A,Room 105,18,Medium,1,0.7497040782189236,0.1736987264566946,0.4422546960406315,0,0,1,1,0,1,0,1,1,0.3172,0.193801,0.249535,Normal
2024-03-17 08:00:00,Dorm B,Room 105,19,Medium,3,0.4827972675243469,0.5638640955490084,0.3220089794079327,1,0,1,1,1,1,0,0,0,0.1338,0.109276,0.313364,Normal
2024-03-17 08:30:00,Dorm C,Room 105,11,Small,1,0.6417579864093996,0.4203319297696353,0.2528549591688531,0,0,1,1,1,1,0,1,0,0.3129,0.217121,0.199161,Normal
2024-03-17 09:00:00,Dorm A,Room 103,17,Medium,2,0.3946048900652799,0.7542016236247737,0.4257089042340195,1,0,1,1,0,1,0,1,0,0.332,0.208362,0.296482,Normal
2024-03-17 09:30:00,Dorm B,Room 103,12,Small,1,0.4342330008489228,0.723342688795727,0.5459081616896202,1,0,1,1,0,1,0,0,0,0.1224,0.097742,0.199682,Normal
2024-03-17 10:00:00,Dorm C,Room 101,21,Medium,1,0.5780570927140756,0.5009067719356615,0.6164607567448503,1,0,1,1,0,0,0,0,0,0.1096,0.050396,0.240732,Normal
2024-03-17 10:30:00,Dorm A,Room 101,20,Medium,2,0.633563062042932,0.7217602470482494,0.3969892018754752,1,0,0,1,0,1,0,0,0,0.0916,0.068201,0.232597,Normal
2024-03-17 11:00:00,Dorm C,Room 105,11,Small,1,0.6768257295750013,0.758130872403437,0.5506104519692883,1,0,1,1,1,1,0,1,0,0.3573,0.213264,0.202143,Normal
2024-03-17 11:30:00,Dorm C,Room 101,21,Medium,1,0.7370410899425179,0.507016100541015,0.5390125552228635,0,0,1,1,0,0,0,1,0,0.2902,0.187746,0.240628,Normal
2024-03-17 12:00:00,Dorm A,Room 102,15,Small,3,0.5173423802267032,0.8593609859225471,0.6088426744447036,1,0,0,1,0,1,0,1,1,0.2993,0.19867,0.260269,Normal
2024-03-17 12:30:00,Dorm C,Room 101,21,Medium,1,0.686578890331238,0.491475210459431,0.4206347910542632,0,0,1,1,0,1,0,0,1,0.1161,0.057898,0.243226,Normal
2024-03-17 13:00:00,Dorm B,Room 108,20,Medium,3,0.4804558568975254,0.4645547786531374,0.2468819882382735,0,0,1,1,0,1,0,1,1,0.3132,0.217328,0.232577,Normal
2024-03-17 13:30:00,Dorm A,Room 101,20,Medium,2,0.6474562724798111,0.6233313520472439,0.4710671491898556,1,0,1,1,0,1,0,0,1,0.1313,0.068752,0.225142,Normal
2024-03-17 14:00:00,Dorm A,Room 108,15,Small,1,0.5542392467048168,0.444087441727105,0.3410227787560144,1,1,1,0,0,1,0,0,0,0.6949,0.44347,0.171062,Normal
2024-03-17 14:30:00,Dorm B,Room 104,25,Medium,3,0.586204694418166,0.5086228491065203,0.3758485288076317,1,0,1,1,0,0,0,1,0,0.2986,0.21643,0.315981,Normal
2024-03-17 15:00:00,Dorm B,Room 107,14,Small,3,0.5832294323045004,0.703214174883676,0.4265099183737882,1,1,1,1,1,0,0,0,1,0.742,0.511949,0.302208,Normal
2024-03-17 15:30:00,Dorm A,Room 101,20,Medium,2,0.3110392675276923,0.4989055995144868,0.4219860541605621,1,1,0,1,1,1,0,1,1,0.9178,0.575276,0.22481,Normal
2024-03-17 16:00:00,Dorm C,Room 107,21,Medium,2,0.3755344731769869,0.2469783057042108,0.4796297741760077,0,1,1,1,0,1,0,0,0,0.7383,0.481622,0.197946,Normal
2024-03-17 16:30:00,Dorm B,Room 106,24,Medium,2,0.5401551045005009,0.5500630789451093,0.5470042295513737,0,0,1,1,0,0,0,0,0,0.0961,0.07493,0.240147,Normal
2024-03-17 17:00:00,Dorm C,Room 101,21,Medium,1,0.2999576646761095,0.3937526085299032,0.4185299817449481,1,0,1,1,1,1,1,0,0,0.8311,0.491965,0.234936,Normal
2024-03-17 17:30:00,Dorm A,Room 108,15,Small,1,0.6379440088734641,0.6232429646255444,0.5101185837329355,1,1,1,1,1,0,0,0,0,0.7063,0.447517,0.179876,Normal
2024-03-17 18:00:00,Dorm C,Room 104,13,Small,2,0.6433583689830615,0.598394452547526,0.4644244629697311,1,1,1,1,1,1,0,0,1,0.7442,0.486479,0.236642,Normal
2024-03-17 18:30:00,Dorm C,Room 103,22,Medium,2,0.5703007740134519,0.712320798298056,0.5748776871839767,0,1,1,1,1,1,1,1,1,1.6704,1.0,0.220579,Abnormal
2024-03-17 19:00:00,Dorm A,Room 105,18,Medium,1,0.3759354480103245,0.6294537381174508,0.4400217459895689,1,1,1,1,0,1,0,0,0,0.7632,0.452398,0.252432,Normal
2024-03-17 19:30:00,Dorm C,Room 101,21,Medium,1,0.7116112058591468,0.6563054190210582,0.4531782101623886,1,0,0,1,1,0,1,1,1,0.9804,0.626844,0.244549,Abnormal
2024-03-17 20:00:00,Dorm C,Room 106,15,Small,1,0.7997915226056123,0.3977495018460266,0.4177304019906753,0,1,1,1,1,1,0,0,1,0.7603,0.48793,0.220679,Normal
2024-03-17 20:30:00,Dorm A,Room 101,20,Medium,2,0.5461318412590983,0.6142364608018758,0.4431821369547157,1,1,1,1,0,0,0,0,0,0.7406,0.497003,0.233545,Normal
2024-03-17 21:00:00,Dorm B,Room 103,12,Small,1,0.5949086948511838,0.7853682966419788,0.3686524025825257,1,1,1,1,1,1,0,0,1,0.7237,0.444983,0.200618,Normal
2024-03-17 21:30:00,Dorm A,Room 102,15,Small,3,0.5534675661783661,0.3948759360517989,0.3567623373925662,1,0,1,1,1,1,0,0,1,0.1451,0.103435,0.253553,Normal
2024-03-17 22:00:00,Dorm C,Room 101,21,Medium,1,0.59757043130112,0.760573931731191,0.555715095240772,1,0,1,1,0,1,0,0,0,0.1262,0.072702,0.25581,Normal
2024-03-17 22:30:00,Dorm C,Room 104,13,Small,2,0.510348820579665,0.4153476872147385,0.3326959502774507,1,0,1,1,1,1,0,0,1,0.1469,0.07251,0.237127,Normal
2024-03-17 23:00:00,Dorm C,Room 107,21,Medium,2,0.5217552521789991,0.3708739393499755,0.4243625927857553,1,0,1,1,1,1,0,0,1,0.1452,0.090681,0.20798,Normal
2024-03-17 23:30:00,Dorm B,Room 105,19,Medium,3,0.6479429275955387,0.5396113112295182,0.5844570498602215,1,0,1,1,1,1,0,0,1,0.1513,0.11442,0.311409,Normal
2024-03-18 00:00:00,Dorm C,Room 101,21,Medium,1,0.8411812248852594,0.6012926420554923,0.4203336961205722,0,0,0,1,0,1,0,0,1,0.0726,0.056929,0.236491,Normal
2024-03-18 00:30:00,Dorm C,Room 104,13,Small,2,0.3385015233334318,0.6300735969813824,0.5620704818745533,0,0,1,1,0,1,0,0,0,0.0982,0.052985,0.236615,Normal
2024-03-18 01:00:00,Dorm B,Room 105,19,Medium,3,0.5124620013336714,0.3547388311303668,0.3917396008066797,0,0,1,1,0,1,0,0,0,0.0961,0.080177,0.312358,Normal
2024-03-18 01:30:00,Dorm B,Room 101,14,Small,4,0.3679737185256189,0.5599419550360645,0.3365395388073808,1,1,1,1,1,1,0,0,0,0.7086,0.513385,0.340169,Normal
2024-03-18 02:00:00,Dorm C,Room 105,11,Small,1,0.7400467190869672,0.3953308323548493,0.2713167105619279,0,0,0,1,1,1,0,1,1,0.2962,0.17528,0.204575,Normal
2024-03-18 02:30:00,Dorm C,Room 103,22,Medium,2,0.4475182478795659,0.2772664756744379,0.6201337009360297,1,0,0,1,0,1,0,0,0,0.0888,0.05921,0.239926,Normal
2024-03-18 03:00:00,Dorm C,Room 102,22,Medium,2,0.3327134514948447,0.3595924068263741,0.3262572532946385,0,0,1,1,0,1,0,0,1,0.1091,0.085103,0.173219,Normal
2024-03-18 03:30:00,Dorm A,Room 105,18,Medium,1,0.6120397937940816,0.3857274971272075,0.552286514622939,1,0,0,1,0,1,0,0,0,0.0903,0.076213,0.260221,Normal
2024-03-18 04:00:00,Dorm C,Room 105,11,Small,1,0.7604838293146042,0.5727357233412291,0.3426839606072374,1,0,1,1,0,0,0,0,1,0.1109,0.074201,0.206748,Normal
2024-03-18 04:30:00,Dorm C,Room 104,13,Small,2,0.6154499825712362,0.6654125502317914,0.6206927401374424,1,0,0,1,1,1,0,0,0,0.112,0.090522,0.237342,Normal
2024-03-18 05:00:00,Dorm B,Room 105,19,Medium,3,0.5538781198629233,0.2795760723039474,0.7273933723114465,1,1,0,1,0,1,0,0,1,0.638,0.456516,0.304509,Normal
2024-03-18 05:30:00,Dorm A,Room 102,15,Small,3,0.58130135914305,0.547805993609807,0.260315013066253,0,1,0,1,0,1,0,0,0,0.611,0.42863,0.244954,Normal
2024-03-18 06:00:00,Dorm C,Room 102,22,Medium,2,0.716268245579808,0.3231514853745945,0.332509427751699,0,0,0,1,1,1,0,1,0,0.2808,0.183576,0.17046,Normal
2024-03-18 06:30:00,Dorm C,Room 108,20,Medium,1,0.4090745769709688,0.5885326831905162,0.555399153275708,0,0,0,1,0,1,0,0,0,0.0696,0.048044,0.251157,Normal
2024-03-18 07:00:00,Dorm B,Room 105,19,Medium,3,0.5113837395432176,0.4045635587420219,0.5241964417835723,1,0,1,1,0,1,0,0,0,0.1223,0.073202,0.305269,Normal
2024-03-18 07:30:00,Dorm B,Room 101,14,Small,4,0.4656419314890953,0.3415759632589523,0.5558538361783688,0,0,1,0,0,1,1,0,0,0.723,0.502095,0.341079,Normal
2024-03-18 08:00:00,Dorm C,Room 107,21,Medium,2,0.3696640162188899,0.6136012947849003,0.3938138919907433,0,0,1,1,0,1,0,0,1,0.1105,0.047322,0.207126,Normal
2024-03-18 08:30:00,Dorm A,Room 104,32,Large,3,0.4823252345172436,0.4098259630924449,0.7010902559109076,1,0,0,1,1,0,0,1,0,0.3052,0.220127,0.254474,Normal
2024-03-18 09:00:00,Dorm A,Room 108,15,Small,1,0.6750521946553272,0.4496465331703314,0.4768093177896942,0,0,0,1,0,1,0,1,0,0.253,0.176052,0.18797,Normal
2024-03-18 09:30:00,Dorm A,Room 107,25,Medium,3,0.6024329658340877,0.1698275821195867,0.3166487374788201,0,1,1,1,0,0,0,0,1,0.7221,0.469563,0.253581,Normal
2024-03-18 10:00:00,Dorm C,Room 101,21,Medium,1,0.6128615797269911,0.6351880492928057,0.4322769242056014,1,0,1,1,0,0,0,1,0,0.3251,0.196952,0.236267,Normal
2024-03-18 10:30:00,Dorm A,Room 103,17,Medium,2,0.546051156915273,0.6167233520057147,0.3182558091088476,1,0,1,1,0,0,0,0,1,0.1095,0.062394,0.299345,Normal
2024-03-18 11:00:00,Dorm C,Room 108,20,Medium,1,0.5966249238995514,0.4968832570922024,0.6535112593780507,0,1,0,1,1,0,0,1,0,0.8424,0.535304,0.242587,Normal
2024-03-18 11:30:00,Dorm A,Room 102,15,Small,3,0.4189530400801915,0.2715851259066146,0.3834274565984222,1,0,1,1,0,0,0,0,1,0.1096,0.073508,0.24338,Normal
2024-03-18 12:00:00,Dorm B,Room 107,14,Small,3,0.4848570048060863,0.6738122273287077,0.5217299384764402,1,0,1,1,0,0,0,1,0,0.2962,0.210626,0.308873,Normal
2024-03-18 12:30:00,Dorm A,Room 108,15,Small,1,0.5521611881282241,0.3981658995411609,0.406180625273961,1,0,1,1,0,1,0,0,0,0.1161,0.072654,0.187801,Normal
2024-03-18 13:00:00,Dorm A,Room 102,15,Small,3,0.5636370162548326,0.4294555258700425,0.3888193552219853,1,1,1,1,0,0,0,0,0,0.7302,0.504785,0.243046,Normal
2024-03-18 13:30:00,Dorm B,Room 108,20,Medium,3,0.5693636821912028,0.8358633063045329,0.2334749667033187,0,0,1,1,0,0,0,0,1,0.1025,0.071019,0.229053,Normal
2024-03-18 14:00:00,Dorm C,Room 107,21,Medium,2,0.5078289738808266,0.3926734879033723,0.5344096374454282,0,0,1,1,0,1,0,0,0,0.096,0.079924,0.198855,Normal
2024-03-18 14:30:00,Dorm B,Room 104,25,Medium,3,0.4757428772698832,0.6051576705775437,0.6185089774864025,1,0,1,1,0,1,0,1,1,0.328,0.207431,0.318342,Normal
2024-03-18 15:00:00,Dorm A,Room 105,18,Medium,1,0.9501729685487318,0.5786872500890896,0.3527589234355673,1,0,1,1,1,1,0,0,1,0.153,0.089192,0.260506,Normal
2024-03-18 15:30:00,Dorm B,Room 106,24,Medium,2,0.6480864797436745,0.5534215681849417,0.2772668011867528,1,1,0,1,0,0,0,0,1,0.7046,0.453584,0.237096,Normal
2024-03-18 16:00:00,Dorm B,Room 107,14,Small,3,0.5818390464726363,0.5375244683242326,0.5590203308057464,1,1,1,0,0,0,0,0,0,0.6119,0.427321,0.303674,Normal
2024-03-18 16:30:00,Dorm C,Room 108,20,Medium,1,0.4950968013590588,0.5513959010379048,0.2651484250930436,1,1,1,1,0,1,0,0,1,0.7295,0.426028,0.249835,Normal
2024-03-18 17:00:00,Dorm A,Room 104,32,Large,3,0.4658393857418469,0.5360460397810805,0.6089536175312673,1,0,1,1,0,0,1,0,0,0.8876,0.571477,0.256822,Normal
2024-03-18 17:30:00,Dorm B,Room 106,24,Medium,2,0.5088401438933043,0.4884511473214248,0.3541472642101934,1,0,1,1,1,1,0,0,1,0.1424,0.102773,0.233986,Normal
2024-03-18 18:00:00,Dorm C,Room 108,20,Medium,1,0.5656920489702212,0.71818204262593,0.3302856381109099,1,0,1,1,1,1,0,1,1,0.3487,0.196733,0.257788,Normal
2024-03-18 18:30:00,Dorm C,Room 104,13,Small,2,0.2740356866144733,0.3031702107372951,0.4924548803631439,0,0,1,1,1,0,0,1,1,0.313,0.18321,0.237088,Normal
2024-03-18 19:00:00,Dorm C,Room 101,21,Medium,1,0.3157786657179299,0.6461964786145351,0.3381020586916582,1,1,1,1,0,0,0,1,1,0.9517,0.552538,0.231668,Normal
2024-03-18 19:30:00,Dorm A,Room 106,32,Large,3,0.4409229699476068,0.6169340625229358,0.3778153103163095,1,1,1,1,0,1,0,1,0,0.8982,0.594748,0.30531,Normal
2024-03-18 20:00:00,Dorm A,Room 107,25,Medium,3,0.5541923617604642,0.5987191507453509,0.5051139917802906,1,1,1,1,0,0,1,1,0,1.6233,1.0,0.262725,Abnormal
2024-03-18 20:30:00,Dorm B,Room 107,14,Small,3,0.4942829135226555,0.6602344637605451,0.17122787032078,1,0,1,1,1,0,0,0,1,0.1344,0.086225,0.311447,Normal
2024-03-18 21:00:00,Dorm B,Room 104,25,Medium,3,0.7247606218397696,0.4824725891908122,0.6596870301173254,1,0,1,0,1,1,0,0,0,0.0821,0.057207,0.320935,Normal
2024-03-18 21:30:00,Dorm B,Room 105,19,Medium,3,0.3274532719863109,0.2214133781879357,0.4678824753633694,1,0,1,1,1,1,0,0,0,0.1408,0.078148,0.302299,Normal
2024-03-18 22:00:00,Dorm C,Room 105,11,Small,1,0.4255617990195184,0.4854569034910366,0.3075306516878529,1,1,1,1,1,1,0,0,0,0.7551,0.460007,0.198229,Normal
2024-03-18 22:30:00,Dorm A,Room 102,15,Small,3,0.7303931476240461,0.3504134814456959,0.3406086890128058,1,0,0,1,0,1,0,0,1,0.0862,0.075086,0.243726,Normal
2024-03-18 23:00:00,Dorm B,Room 103,12,Small,1,0.5439903129494875,0.3885258195992997,0.5816142062494992,1,0,1,1,0,1,0,0,0,0.1211,0.076831,0.200031,Normal
2024-03-18 23:30:00,Dorm C,Room 104,13,Small,2,0.6451414590949797,0.3134929375428513,0.5347549491892883,0,0,0,1,1,1,0,0,1,0.0918,0.090841,0.230244,Normal
2024-03-19 00:00:00,Dorm B,Room 102,14,Small,2,0.8016752221949951,0.4259297054440462,0.6290182246145889,0,1,0,1,0,1,0,0,1,0.6514,0.428885,0.27623,Normal
2024-03-19 00:30:00,Dorm C,Room 107,21,Medium,2,0.4332839215190944,0.4084002737109145,0.3807387527797178,1,0,1,1,1,1,0,0,1,0.1444,0.060606,0.196264,Normal
2024-03-19 01:00:00,Dorm A,Room 106,32,Large,3,0.5130656614706264,0.1466692334205298,0.4982279772819311,1,1,1,1,0,1,0,0,0,0.7497,0.516584,0.317002,Normal
2024-03-19 01:30:00,Dorm B,Room 104,25,Medium,3,0.4898336144495299,0.5989870312280738,0.513822087406417,1,1,0,1,0,1,0,0,0,0.6405,0.441058,0.31183,Normal
2024-03-19 02:00:00,Dorm C,Room 103,22,Medium,2,0.264083609328983,0.8223836474262687,0.5460578130891002,1,0,0,1,1,1,0,0,1,0.1156,0.073547,0.221543,Normal
2024-03-19 02:30:00,Dorm C,Room 102,22,Medium,2,0.4847379786861586,0.5851748684337768,0.5978862238707439,1,0,1,1,0,1,1,0,1,0.9433,0.590274,0.172486,Normal
2024-03-19 03:00:00,Dorm B,Room 101,14,Small,4,0.6446341225818186,0.4662590936746284,0.3765972821496114,1,0,1,1,1,1,0,1,0,0.3487,0.244586,0.346154,Normal
2024-03-19 03:30:00,Dorm B,Room 106,24,Medium,2,0.5989420227837302,0.488035533943278,0.4489500579355622,1,0,1,1,0,1,0,1,0,0.3383,0.225517,0.224706,Normal
2024-03-19 04:00:00,Dorm A,Room 106,32,Large,3,0.6094760222441515,0.4342123238216739,0.3894477026012669,0,0,0,1,1,1,0,0,0,0.0912,0.066678,0.31321,Normal
2024-03-19 04:30:00,Dorm C,Room 106,15,Small,1,0.4759997962713392,0.5093138352588304,0.4563351809526349,0,0,0,1,1,0,0,0,0,0.082,0.060568,0.22971,Normal
2024-03-19 05:00:00,Dorm B,Room 108,20,Medium,3,0.4383442996162204,0.4906423865806674,0.5464375500166514,0,0,1,1,0,1,0,1,0,0.2839,0.176454,0.228453,Normal
2024-03-19 05:30:00,Dorm B,Room 103,12,Small,1,0.696730452981429,0.3724791757936754,0.2642133655346116,1,0,0,1,0,1,1,0,0,0.8594,0.517218,0.201135,Normal
2024-03-19 06:00:00,Dorm A,Room 108,15,Small,1,0.4596529004585353,0.7434014603155727,0.5957376256080658,1,0,0,0,1,0,0,0,1,0.0445,0.024637,0.186001,Normal
2024-03-19 06:30:00,Dorm B,Room 102,14,Small,2,0.5658602302358489,0.2775263071196169,0.3259800109174089,0,0,0,1,0,1,0,0,1,0.0782,0.060557,0.284367,Normal
2024-03-19 07:00:00,Dorm A,Room 102,15,Small,3,0.5483136771922587,0.6016484552340733,0.4257719655848849,1,0,1,1,1,1,0,0,0,0.1434,0.078306,0.244159,Normal
2024-03-19 07:30:00,Dorm A,Room 102,15,Small,3,0.7225591445611038,0.481208977578164,0.6118819490507018,0,1,1,1,0,1,1,0,0,1.4489,1.0,0.241368,Abnormal
2024-03-19 08:00:00,Dorm A,Room 103,17,Medium,2,0.65675929343321,0.7754308173472315,0.5019981210310533,0,0,1,1,0,1,0,0,0,0.0992,0.060632,0.288586,Normal
2024-03-19 08:30:00,Dorm C,Room 108,20,Medium,1,0.3525675825872235,0.5461752357355634,0.5033801960287568,0,0,1,1,1,1,0,0,1,0.1279,0.094423,0.253208,Normal
2024-03-19 09:00:00,Dorm B,Room 108,20,Medium,3,0.367021866689311,0.4431887988574711,0.3210080089981054,1,0,1,1,0,0,0,0,0,0.1028,0.095169,0.223092,Normal
2024-03-19 09:30:00,Dorm B,Room 106,24,Medium,2,0.6040846793519167,0.459677668075295,0.3373886426220174,0,0,1,1,0,1,0,0,1,0.1063,0.045488,0.227637,Normal
2024-03-19 10:00:00,Dorm A,Room 103,17,Medium,2,0.517759602231369,0.5019459219464313,0.57556895090315,1,0,1,1,1,0,0,0,0,0.1255,0.088973,0.289048,Normal
2024-03-19 10:30:00,Dorm B,Room 105,19,Medium,3,0.4653088911234267,0.3281345910704585,0.3919678036099127,1,1,1,1,0,1,0,0,1,0.7739,0.550689,0.302704,Normal
2024-03-19 11:00:00,Dorm B,Room 107,14,Small,3,0.6626931041743401,0.3833806408378998,0.4032727198268453,1,0,1,1,0,0,0,0,1,0.1187,0.075744,0.302492,Normal
2024-03-19 11:30:00,Dorm B,Room 106,24,Medium,2,0.5515512596495723,0.2337625934625697,0.5782916387366465,0,0,1,1,1,1,0,0,0,0.1245,0.110647,0.216732,Normal
2024-03-19 12:00:00,Dorm B,Room 107,14,Small,3,0.5334337259273062,0.3604388211080793,0.3366895078605121,1,0,1,1,1,1,0,0,1,0.1426,0.112304,0.293375,Normal
2024-03-19 12:30:00,Dorm C,Room 103,22,Medium,2,0.6310483811851505,0.5098818275746513,0.4949469699180071,1,0,1,1,0,1,0,0,0,0.1226,0.076056,0.21293,Normal
2024-03-19 13:00:00,Dorm A,Room 101,20,Medium,2,0.4760534751397427,0.5401954264499198,0.4677945610389115,1,0,1,1,0,1,0,0,0,0.1172,0.075247,0.231521,Normal
2024-03-19 13:30:00,Dorm A,Room 103,17,Medium,2,0.7368921792396366,0.2051953183464881,0.4623247904051635,1,0,1,1,0,1,0,0,0,0.1232,0.058936,0.289768,Normal
2024-03-19 14:00:00,Dorm B,Room 105,19,Medium,3,0.4206362976957618,0.4759162843771744,0.4004505888632035,0,0,1,1,0,0,0,0,1,0.1027,0.058821,0.312944,Normal
2024-03-19 14:30:00,Dorm A,Room 104,32,Large,3,0.6145550161753289,0.5788808999910218,0.3930821229742643,1,1,0,1,1,1,0,1,0,0.911,0.639159,0.26756,Normal
2024-03-19 15:00:00,Dorm C,Room 104,13,Small,2,0.718817032993124,0.4721392941949238,0.3332763045270459,1,1,0,0,0,1,0,0,1,0.5916,0.391477,0.227499,Normal
2024-03-19 15:30:00,Dorm B,Room 105,19,Medium,3,0.3415580732001674,0.4029384456976132,0.5205520239764935,0,0,1,1,0,1,0,0,0,0.1027,0.073462,0.312239,Normal
2024-03-19 16:00:00,Dorm B,Room 105,19,Medium,3,0.4803175842591518,0.4355092209457805,0.3824895444603647,0,1,1,0,0,1,0,0,0,0.6747,0.474707,0.304892,Normal
2024-03-19 16:30:00,Dorm A,Room 105,18,Medium,1,0.6796803236409397,0.4166096093803094,0.5788666964243938,0,1,1,1,0,1,0,0,0,0.7184,0.471841,0.261208,Normal
2024-03-19 17:00:00,Dorm C,Room 107,21,Medium,2,0.6816983394457962,0.4025060968349317,0.4357072639699479,1,1,0,1,1,1,0,1,0,0.8915,0.599034,0.195942,Normal
2024-03-19 17:30:00,Dorm A,Room 102,15,Small,3,0.5033787938264087,0.52162657972191,0.3356653358914318,1,0,0,1,0,0,0,0,0,0.0738,0.041859,0.260655,Normal
2024-03-19 18:00:00,Dorm B,Room 103,12,Small,1,0.4277995331189289,0.8352231659128062,0.4341166089580567,1,0,1,1,0,1,0,0,0,0.1214,0.076963,0.210907,Normal
2024-03-19 18:30:00,Dorm C,Room 102,22,Medium,2,0.6546823119001524,0.3867856880418822,0.4133567078006301,1,1,1,1,1,0,0,0,0,0.7079,0.472801,0.182955,Normal
2024-03-19 19:00:00,Dorm B,Room 102,14,Small,2,0.6852284625291657,0.4493263502552582,0.5837085159032319,0,1,1,1,0,1,0,0,0,0.7542,0.492434,0.281182,Normal
2024-03-19 19:30:00,Dorm B,Room 107,14,Small,3,0.3700937253952308,0.4884835405521436,0.4183782677376534,1,0,1,1,0,1,0,0,1,0.1327,0.09422,0.283477,Normal
2024-03-19 20:00:00,Dorm B,Room 102,14,Small,2,0.3648262577475603,0.3950663212766696,0.4295102043942572,1,0,1,1,1,1,0,0,1,0.1449,0.080128,0.289472,Normal
2024-03-19 20:30:00,Dorm C,Room 107,21,Medium,2,0.5566237317596389,0.6574798671223503,0.6319893923071126,0,0,1,0,1,1,1,0,0,0.8021,0.524316,0.203419,Normal
2024-03-19 21:00:00,Dorm C,Room 108,20,Medium,1,0.6108552781659989,0.1476515931616769,0.5236235157371463,0,0,1,1,1,1,0,0,1,0.1249,0.069473,0.254127,Normal
2024-03-19 21:30:00,Dorm B,Room 108,20,Medium,3,0.4862581808289964,0.418035753764402,0.6621208215453592,1,0,1,1,0,1,0,0,1,0.1155,0.071293,0.223299,Normal
2024-03-19 22:00:00,Dorm A,Room 102,15,Small,3,0.6175564101744986,0.6163420177675871,0.6136938562349843,0,0,1,1,1,1,0,0,1,0.1271,0.101584,0.260335,Normal
2024-03-19 22:30:00,Dorm A,Room 103,17,Medium,2,0.4310921095880098,0.4528605351484041,0.3562146408708112,1,0,1,1,1,1,0,0,1,0.1466,0.107875,0.277011,Normal
2024-03-19 23:00:00,Dorm B,Room 105,19,Medium,3,0.2425977941218684,0.3754491960010385,0.5814107952864482,1,0,1,1,1,0,0,0,1,0.1305,0.082987,0.303195,Normal
2024-03-19 23:30:00,Dorm C,Room 104,13,Small,2,0.4695054822292003,0.5608555661325387,0.6456367005912852,1,0,1,1,1,1,0,0,0,0.1321,0.104299,0.224051,Normal
2024-03-20 00:00:00,Dorm B,Room 104,25,Medium,3,0.5348797198960805,0.6292789909329806,0.6465376515438407,0,0,0,1,0,1,0,0,1,0.072,0.060337,0.316378,Normal
2024-03-20 00:30:00,Dorm B,Room 105,19,Medium,3,0.4893755752123044,0.5270365255447713,0.5811882675655038,0,0,0,1,0,1,0,0,1,0.08,0.06323,0.292712,Normal
2024-03-20 01:00:00,Dorm B,Room 103,12,Small,1,0.3709070007214226,0.3783323805238426,0.5787201386675824,1,0,1,1,0,1,0,0,1,0.1201,0.071818,0.210837,Normal
2024-03-20 01:30:00,Dorm B,Room 106,24,Medium,2,0.2827301717003717,0.563125621003737,0.4263369345558617,1,0,0,1,0,1,0,0,1,0.0939,0.069104,0.217869,Normal
2024-03-20 02:00:00,Dorm A,Room 103,17,Medium,2,0.4574021109118352,0.4369952758007752,0.3621867775639256,1,0,1,1,0,1,1,0,1,0.8516,0.54285,0.266827,Normal
2024-03-20 02:30:00,Dorm C,Room 105,11,Small,1,0.6468610142816347,0.6055951640049526,0.4203916984540361,1,0,1,1,0,1,0,0,1,0.1256,0.08265,0.206066,Normal
2024-03-20 03:00:00,Dorm C,Room 105,11,Small,1,0.6949780124560168,0.7140635501317991,0.2629232745602017,0,0,0,1,0,1,0,0,0,0.0697,0.062893,0.19867,Normal
2024-03-20 03:30:00,Dorm B,Room 101,14,Small,4,0.6857873173181173,0.1131609264209296,0.6237413299886899,1,0,1,0,0,1,0,1,0,0.2513,0.197098,0.349581,Normal
2024-03-20 04:00:00,Dorm A,Room 105,18,Medium,1,0.4168971742261356,0.5124038376884148,0.4286605118069218,0,0,1,1,1,1,0,0,0,0.1243,0.067224,0.269587,Normal
2024-03-20 04:30:00,Dorm B,Room 101,14,Small,4,0.3715641797207584,0.2409945881153339,0.6175671549643655,1,0,1,1,0,1,0,0,0,0.1167,0.098052,0.343263,Normal
2024-03-20 05:00:00,Dorm A,Room 103,17,Medium,2,0.5930431850075318,0.8549307951263516,0.3149047424131497,1,0,0,1,0,1,0,0,0,0.0871,0.039082,0.273746,Normal
2024-03-20 05:30:00,Dorm A,Room 107,25,Medium,3,0.6116255140233924,0.4272847409014011,0.5925288465120222,1,1,0,1,1,1,0,0,1,0.735,0.507036,0.282598,Normal
2024-03-20 06:00:00,Dorm B,Room 107,14,Small,3,0.5800973906500876,0.605769513589578,0.4032764646858096,0,0,1,1,0,1,0,0,1,0.1065,0.090476,0.284174,Normal
2024-03-20 06:30:00,Dorm A,Room 105,18,Medium,1,0.2561025819659633,0.4908909334347561,0.3085619810358718,0,0,0,1,0,1,0,0,0,0.067,0.028075,0.262039,Normal
2024-03-20 07:00:00,Dorm B,Room 105,19,Medium,3,0.4100562221261171,0.3780584112738709,0.6578513552368679,1,0,1,1,1,1,1,1,0,1.136,0.767456,0.292575,Abnormal
2024-03-20 07:30:00,Dorm C,Room 101,21,Medium,1,0.5224095471147486,0.3605745919379191,0.5954905006476872,1,0,0,1,0,1,0,1,0,0.2878,0.185447,0.241345,Normal
2024-03-20 08:00:00,Dorm C,Room 106,15,Small,1,0.5917794828454086,0.7291154194994167,0.4880556027237536,0,0,1,1,0,1,1,1,0,0.9736,0.628773,0.221867,Abnormal
2024-03-20 08:30:00,Dorm A,Room 107,25,Medium,3,0.6293680009889929,0.6365675353875349,0.4667185026708806,0,0,1,1,1,1,0,0,0,0.1164,0.073281,0.283435,Normal
2024-03-20 09:00:00,Dorm A,Room 107,25,Medium,3,0.5457529481439245,0.7817137680109927,0.5153747440908882,0,0,1,1,0,0,0,0,0,0.0913,0.075166,0.283469,Normal
2024-03-20 09:30:00,Dorm B,Room 106,24,Medium,2,0.5707856797731298,0.5042306841551616,0.4859964670392608,0,0,0,1,0,0,0,0,0,0.0578,0.027477,0.209694,Normal
2024-03-20 10:00:00,Dorm B,Room 106,24,Medium,2,0.5377829529657207,0.5383943467513324,0.3675981324800826,0,0,1,1,1,0,0,1,0,0.3041,0.193081,0.201025,Normal
2024-03-20 10:30:00,Dorm A,Room 106,32,Large,3,0.6184053120149183,0.4568142105011583,0.413213335904103,1,0,1,1,0,1,0,0,0,0.1108,0.076718,0.303565,Normal
2024-03-20 11:00:00,Dorm B,Room 102,14,Small,2,0.5683810280653453,0.4538910467236006,0.6978731172844843,1,0,0,0,0,1,0,1,0,0.2147,0.138886,0.290481,Normal
2024-03-20 11:30:00,Dorm A,Room 107,25,Medium,3,0.5352159647484631,0.3429635890958969,0.7832240093065146,1,0,1,1,0,1,0,0,0,0.1186,0.095669,0.275076,Normal
2024-03-20 12:00:00,Dorm B,Room 107,14,Small,3,0.4903782197050546,0.508427450927823,0.6501193824153986,1,0,1,1,0,0,0,1,1,0.3228,0.255646,0.284199,Normal
2024-03-20 12:30:00,Dorm B,Room 102,14,Small,2,0.537303310653183,0.3800920665060319,0.5200192296133371,0,0,1,1,1,1,0,0,0,0.1183,0.077262,0.289105,Normal
2024-03-20 13:00:00,Dorm C,Room 107,21,Medium,2,0.5914269589911644,0.5610248907691922,0.4221274499211508,0,0,1,1,0,1,0,0,0,0.0996,0.066023,0.204755,Normal
2024-03-20 13:30:00,Dorm A,Room 103,17,Medium,2,0.5622895654023423,0.5210661693897576,0.3668891206171392,1,0,1,1,0,0,1,1,0,1.096,0.74304,0.272983,Abnormal
2024-03-20 14:00:00,Dorm B,Room 104,25,Medium,3,0.5775014968662352,0.5383594319252387,0.3747955213179219,1,1,1,1,0,1,0,1,0,0.8946,0.650951,0.315335,Normal
2024-03-20 14:30:00,Dorm C,Room 105,11,Small,1,0.7065897603411954,0.7422612646890738,0.3962718118595073,0,1,1,1,0,0,0,0,0,0.6887,0.435718,0.191032,Normal
2024-03-20 15:00:00,Dorm C,Room 104,13,Small,2,0.561979362091011,0.4905380649141852,0.720720832824721,0,0,1,1,1,1,1,0,0,0.9239,0.609587,0.215961,Normal
2024-03-20 15:30:00,Dorm A,Room 105,18,Medium,1,0.4392969612258102,0.6072911208915053,0.6793455802999946,0,0,0,1,1,1,0,0,0,0.0851,0.032185,0.261316,Normal
2024-03-20 16:00:00,Dorm A,Room 103,17,Medium,2,0.644975612728847,0.7975746750588939,0.5521775584003151,1,0,1,0,1,0,0,0,1,0.0779,0.040254,0.277289,Normal
2024-03-20 16:30:00,Dorm B,Room 107,14,Small,3,0.3430473328077361,0.6881039519089096,0.3474028186380142,1,1,1,1,1,1,0,0,0,0.7843,0.497182,0.279851,Normal
2024-03-20 17:00:00,Dorm C,Room 103,22,Medium,2,0.381266035080568,0.6655530509078804,0.5697863699316107,0,0,1,1,1,1,0,1,1,0.3324,0.207631,0.213697,Normal
2024-03-20 17:30:00,Dorm A,Room 103,17,Medium,2,0.5714652058366158,0.4510097119548114,0.4340202559790217,0,0,1,1,1,1,1,1,0,1.1032,0.748199,0.274458,Abnormal
2024-03-20 18:00:00,Dorm B,Room 107,14,Small,3,0.5956952914272724,0.5298299180739736,0.2043517665935398,1,1,1,1,1,1,1,0,0,1.4697,0.98711,0.281073,Abnormal
2024-03-20 18:30:00,Dorm B,Room 102,14,Small,2,0.3593055141997611,0.3023449127974369,0.4970902835941115,1,1,1,1,1,1,1,1,1,1.727,0.99058,0.280198,Abnormal
2024-03-20 19:00:00,Dorm A,Room 105,18,Medium,1,0.4750189811263122,0.5694025182378217,0.3616432014790259,1,0,1,1,1,1,1,1,1,1.1236,0.699105,0.258637,Abnormal
2024-03-20 19:30:00,Dorm C,Room 103,22,Medium,2,0.4450561969353603,0.5364163227603327,0.3657053184406603,1,1,1,1,0,1,0,1,1,0.8809,0.543665,0.216653,Normal
2024-03-20 20:00:00,Dorm B,Room 101,14,Small,4,0.4610809199324371,0.4995178824625372,0.4326057010952914,1,0,1,1,1,1,1,0,0,0.9588,0.682714,0.324472,Normal
2024-03-20 20:30:00,Dorm A,Room 101,20,Medium,2,0.6530265218120941,0.6470395520238728,0.4028634922839947,1,0,0,1,0,1,0,0,1,0.0993,0.028365,0.223042,Normal
2024-03-20 21:00:00,Dorm C,Room 106,15,Small,1,0.6212082663503795,0.3185844070807108,0.4585372256120347,1,0,1,1,1,1,0,0,1,0.139,0.08346,0.230356,Normal
2024-03-20 21:30:00,Dorm B,Room 104,25,Medium,3,0.5238276070519656,0.7363435410939096,0.452769849446357,1,1,0,1,1,1,0,0,1,0.7576,0.493337,0.318375,Normal
2024-03-20 22:00:00,Dorm B,Room 107,14,Small,3,0.4531246750461649,0.6286061193818877,0.2376073229461545,0,0,1,1,1,1,0,1,0,0.3289,0.211198,0.300163,Normal
2024-03-20 22:30:00,Dorm B,Room 108,20,Medium,3,0.3452681965817774,0.4857006660897521,0.645033818033537,1,0,1,1,1,1,0,1,1,0.3338,0.2203,0.22328,Normal
2024-03-20 23:00:00,Dorm A,Room 104,32,Large,3,0.7169854579418773,0.474223595360482,0.3446718898491872,0,0,1,1,1,1,0,0,1,0.1278,0.087899,0.267775,Normal
2024-03-20 23:30:00,Dorm B,Room 101,14,Small,4,0.6058566931985461,0.5667126492174475,0.3483883421359388,1,0,1,1,0,1,0,0,1,0.1221,0.0852,0.327812,Normal
2024-03-21 00:00:00,Dorm C,Room 106,15,Small,1,0.4315574552902742,0.7195881889419906,0.4232306621463541,1,0,0,1,0,1,0,0,0,0.0891,0.088316,0.228807,Normal
2024-03-21 00:30:00,Dorm A,Room 102,15,Small,3,0.6229655115200646,0.5110136151894416,0.4496501297594363,1,0,0,1,1,0,0,0,1,0.1013,0.081015,0.261241,Normal
2024-03-21 01:00:00,Dorm C,Room 108,20,Medium,1,0.5169696930326231,0.5172482023398455,0.6376799137333934,1,0,0,1,0,1,0,0,1,0.0947,0.033589,0.241988,Normal
2024-03-21 01:30:00,Dorm C,Room 105,11,Small,1,0.4878631800758298,0.4987438864897616,0.4949695624537671,0,0,0,1,1,0,0,0,1,0.0817,0.02966,0.198603,Normal
2024-03-21 02:00:00,Dorm C,Room 101,21,Medium,1,0.584800085764496,0.7579706241910613,0.5306055138004523,0,0,0,1,0,1,0,1,1,0.2668,0.187043,0.241575,Normal
2024-03-21 02:30:00,Dorm C,Room 106,15,Small,1,0.4268833153019425,0.4418694396828233,0.4955829342155934,1,0,0,1,0,1,0,0,0,0.0872,0.053524,0.219736,Normal
2024-03-21 03:00:00,Dorm B,Room 107,14,Small,3,0.4802610391102074,0.491744672853279,0.4904153001253887,0,0,0,1,1,1,0,0,0,0.0847,0.076545,0.303801,Normal
2024-03-21 03:30:00,Dorm B,Room 108,20,Medium,3,0.5426941553659896,0.7111502925879643,0.4998050548035265,1,0,0,1,0,1,0,0,0,0.0844,0.073345,0.226154,Normal
2024-03-21 04:00:00,Dorm C,Room 101,21,Medium,1,0.4593665072102687,0.5176861384406208,0.2307780594636618,0,0,0,1,0,1,0,0,0,0.0726,0.040568,0.231453,Normal
2024-03-21 04:30:00,Dorm B,Room 106,24,Medium,2,0.6161863946388575,0.6631853731821371,0.4326644271587754,0,0,1,1,0,1,0,0,1,0.1044,0.071361,0.194552,Normal
2024-03-21 05:00:00,Dorm A,Room 103,17,Medium,2,0.7772262482894308,0.3621578099222636,0.6020827515849327,0,0,0,1,0,1,0,0,0,0.0758,0.042412,0.289497,Normal
2024-03-21 05:30:00,Dorm B,Room 102,14,Small,2,0.4251655458273912,0.4659110050976572,0.9356060412685824,1,1,0,1,0,1,0,1,0,0.8997,0.592113,0.299177,Normal
2024-03-21 06:00:00,Dorm C,Room 101,21,Medium,1,0.3029307460449669,0.7142362528114248,0.3181667874654059,1,0,0,1,0,1,0,1,0,0.2917,0.177422,0.214418,Normal
2024-03-21 06:30:00,Dorm C,Room 108,20,Medium,1,0.2577563671710243,0.3966850640887771,0.5134036399980003,0,1,1,1,1,0,0,0,0,0.6731,0.4204,0.23828,Normal
2024-03-21 07:00:00,Dorm B,Room 105,19,Medium,3,0.5062007202359353,0.4738459840903361,0.3941388857723037,0,0,1,1,1,1,1,0,0,0.8413,0.562354,0.29622,Normal
2024-03-21 07:30:00,Dorm A,Room 106,32,Large,3,0.4373958467698983,0.5338040846904344,0.7083025448428588,0,0,0,1,0,1,0,0,0,0.0747,0.04641,0.292546,Normal
2024-03-21 08:00:00,Dorm B,Room 103,12,Small,1,0.5542891300085462,0.3507132393640719,0.3002345034908257,1,0,0,1,0,0,0,0,1,0.0837,0.044044,0.200873,Normal
2024-03-21 08:30:00,Dorm B,Room 105,19,Medium,3,0.5441887100764674,0.4352668848300828,0.5376206046473659,1,0,1,1,0,1,0,0,1,0.1256,0.108626,0.303414,Normal
2024-03-21 09:00:00,Dorm A,Room 107,25,Medium,3,0.311238981958767,0.5126344514048407,0.2938247382945315,0,0,0,1,0,0,0,1,1,0.2647,0.174723,0.267393,Normal
2024-03-21 09:30:00,Dorm C,Room 103,22,Medium,2,0.2828328558543139,0.5029415939309867,0.4244287465031071,1,0,1,1,0,0,0,0,0,0.1073,0.065968,0.218285,Normal
2024-03-21 10:00:00,Dorm C,Room 104,13,Small,2,0.566108665131285,0.6842439932513029,0.4585304459443683,1,0,0,0,0,1,0,1,1,0.2236,0.143606,0.227017,Normal
2024-03-21 10:30:00,Dorm A,Room 105,18,Medium,1,0.544568657687637,0.7226164782106719,0.5909772536888477,1,0,1,1,0,1,0,0,1,0.1341,0.101041,0.265008,Normal
2024-03-21 11:00:00,Dorm C,Room 102,22,Medium,2,0.4692482269789207,0.370269393350798,0.3334199483927269,1,0,1,0,0,0,0,0,0,0.051,0.077708,0.19058,Normal
2024-03-21 11:30:00,Dorm B,Room 102,14,Small,2,0.3040019074089285,0.5124333837652433,0.54223265490822,1,1,1,1,0,1,0,0,0,0.6781,0.46564,0.310911,Normal
2024-03-21 12:00:00,Dorm B,Room 108,20,Medium,3,0.589655477408538,0.5951699039389395,0.4648997473159981,1,0,1,1,0,0,0,0,1,0.1101,0.086494,0.226724,Normal
2024-03-21 12:30:00,Dorm A,Room 101,20,Medium,2,0.6970852660172043,0.7189263073691212,0.4953738514073188,1,1,1,1,0,1,0,0,0,0.7131,0.461176,0.222305,Normal
2024-03-21 13:00:00,Dorm B,Room 106,24,Medium,2,0.563699632389471,0.6016717860248784,0.5776175863565146,1,0,0,1,0,1,0,1,1,0.2779,0.173152,0.18697,Normal
2024-03-21 13:30:00,Dorm B,Room 103,12,Small,1,0.4126611755445213,0.5388343180837787,0.3087794513848587,0,1,1,1,0,0,0,1,1,0.8542,0.525938,0.182357,Normal
2024-03-21 14:00:00,Dorm A,Room 107,25,Medium,3,0.5323728296523695,0.5940374492039306,0.5598935796459179,1,0,1,1,0,1,0,0,0,0.1135,0.042668,0.266866,Normal
2024-03-21 14:30:00,Dorm A,Room 104,32,Large,3,0.343058640227598,0.5950994395664106,0.3943958271879861,1,1,1,1,0,1,0,0,0,0.7593,0.495116,0.261027,Normal
2024-03-21 15:00:00,Dorm C,Room 101,21,Medium,1,0.6683742533390636,0.3597426051971222,0.5941182650494212,1,0,0,1,0,1,0,0,0,0.0955,0.073507,0.216522,Normal
2024-03-21 15:30:00,Dorm C,Room 107,21,Medium,2,0.5373775121956293,0.5244152190523681,0.5027836705849108,1,1,1,1,0,1,1,0,1,1.4982,0.953169,0.204536,Abnormal
2024-03-21 16:00:00,Dorm A,Room 104,32,Large,3,0.2891037002698126,0.7105220808722748,0.4375100032105259,1,0,1,1,0,1,0,0,0,0.1227,0.088915,0.266937,Normal
2024-03-21 16:30:00,Dorm B,Room 107,14,Small,3,0.4860427497327858,0.4656076396443382,0.391861939788256,1,1,1,1,0,0,0,0,1,0.668,0.444914,0.3013,Normal
2024-03-21 17:00:00,Dorm B,Room 106,24,Medium,2,0.5885698166813444,0.515104873400297,0.5614171934412274,0,0,1,1,1,1,0,1,0,0.3097,0.193823,0.188617,Normal
2024-03-21 17:30:00,Dorm C,Room 106,15,Small,1,0.4816981943910761,0.4604405098503955,0.613922599641231,1,0,1,1,0,0,0,0,0,0.1156,0.080009,0.220239,Normal
2024-03-21 18:00:00,Dorm A,Room 102,15,Small,3,0.4893680919032822,0.1560322184891635,0.3987211210583558,1,1,1,1,0,1,0,0,1,0.7285,0.518143,0.247718,Normal
2024-03-21 18:30:00,Dorm A,Room 104,32,Large,3,0.362076652888738,0.499107131900076,0.3267208889005465,1,0,1,1,0,1,1,0,0,0.8396,0.558683,0.267759,Normal
2024-03-21 19:00:00,Dorm C,Room 101,21,Medium,1,0.6024247578656486,0.5404330462375282,0.5459310705505708,0,1,1,1,1,1,0,0,1,0.7377,0.482981,0.214962,Normal
2024-03-21 19:30:00,Dorm B,Room 104,25,Medium,3,0.4393679970735502,0.4207642140382325,0.2888676219973891,1,0,1,1,0,0,0,0,0,0.1082,0.077916,0.327832,Normal
2024-03-21 20:00:00,Dorm A,Room 106,32,Large,3,0.2369946232685991,0.3263936443393027,0.306025464714222,0,0,1,1,1,1,0,0,0,0.1186,0.060661,0.290157,Normal
2024-03-21 20:30:00,Dorm C,Room 108,20,Medium,1,0.4765703707052606,0.3666656568031882,0.3351554916451802,1,1,1,1,1,0,1,0,0,1.4202,0.891287,0.245201,Abnormal
2024-03-21 21:00:00,Dorm B,Room 104,25,Medium,3,0.6580660660466223,0.6083875460085417,0.4128056543334465,1,0,1,1,0,1,1,0,1,0.8233,0.591648,0.328061,Normal
2024-03-21 21:30:00,Dorm C,Room 107,21,Medium,2,0.4744671472400661,0.7859669431149889,0.3023280739062291,0,1,1,1,0,1,0,0,1,0.7376,0.482843,0.223539,Normal
2024-03-21 22:00:00,Dorm C,Room 105,11,Small,1,0.7596348502565909,0.6992460472474697,0.2300503531201508,1,0,1,1,0,1,0,0,1,0.1335,0.066329,0.197473,Normal
2024-03-21 22:30:00,Dorm B,Room 101,14,Small,4,0.5839621850628091,0.298513661018584,0.3264284480900246,1,0,1,1,1,1,0,0,1,0.1404,0.078757,0.328451,Normal
2024-03-21 23:00:00,Dorm A,Room 108,15,Small,1,0.5718558540239468,0.6216787258062262,0.5397242626506094,0,0,1,1,1,1,0,0,0,0.1172,0.080231,0.184924,Normal
2024-03-21 23:30:00,Dorm B,Room 107,14,Small,3,0.5091625410181281,0.3986216296169982,0.3101006287923519,0,0,1,1,1,1,1,0,1,0.9237,0.635751,0.309653,Normal
2024-03-22 00:00:00,Dorm C,Room 104,13,Small,2,0.5172296976486537,0.4105101500373764,0.421825049648201,1,0,0,1,0,1,0,0,1,0.0947,0.072203,0.227953,Normal
2024-03-22 00:30:00,Dorm B,Room 106,24,Medium,2,0.4910418704586871,0.428188399545338,0.6961912220586554,0,1,1,1,0,1,0,0,1,0.7204,0.434081,0.191395,Normal
2024-03-22 01:00:00,Dorm C,Room 102,22,Medium,2,0.4858286933444923,0.5998460285865062,0.4567476049223251,1,0,1,1,0,1,0,0,0,0.1211,0.065434,0.188463,Normal
2024-03-22 01:30:00,Dorm C,Room 102,22,Medium,2,0.5976372602679457,0.6370547602164709,0.5037402291423525,1,0,0,1,1,1,0,1,1,0.3283,0.207327,0.176025,Normal
2024-03-22 02:00:00,Dorm A,Room 108,15,Small,1,0.4008034465482758,0.48167434033629,0.3491511515308728,0,0,1,1,0,1,0,0,0,0.1057,0.080522,0.184894,Normal
2024-03-22 02:30:00,Dorm B,Room 101,14,Small,4,0.3820067698350159,0.4841668609106672,0.7221977534618889,1,1,0,1,0,1,0,0,0,0.6434,0.450044,0.325663,Normal
2024-03-22 03:00:00,Dorm C,Room 105,11,Small,1,0.375658852634525,0.5643101953926655,0.3977082257048431,0,0,0,1,0,1,0,1,1,0.2854,0.190364,0.197635,Normal
2024-03-22 03:30:00,Dorm B,Room 105,19,Medium,3,0.8009247116889673,0.579554659374357,0.4352814154817294,0,0,0,1,0,1,0,0,0,0.0653,0.031463,0.30408,Normal
2024-03-22 04:00:00,Dorm B,Room 102,14,Small,2,0.5975669034898844,0.6689414032653591,0.6206537212963904,0,0,0,1,1,1,1,0,0,0.8526,0.533034,0.311247,Normal
2024-03-22 04:30:00,Dorm A,Room 104,32,Large,3,0.567257294604265,0.3073275519992715,0.4408444488275663,0,0,0,1,1,1,0,0,1,0.0967,0.079019,0.27543,Normal
2024-03-22 05:00:00,Dorm A,Room 108,15,Small,1,0.384473289105086,0.4990244163011788,0.4683921833367049,0,0,0,1,1,0,0,0,0,0.0781,0.044193,0.177283,Normal
2024-03-22 05:30:00,Dorm C,Room 105,11,Small,1,0.6100476060537278,0.3391223835045764,0.4288530193241295,0,1,0,1,0,1,0,0,0,0.6843,0.43016,0.199753,Normal
2024-03-22 06:00:00,Dorm C,Room 103,22,Medium,2,0.5107497369103668,0.4885945937477059,0.4296755225905521,0,1,0,1,0,1,0,0,0,0.6354,0.394285,0.21578,Normal
2024-03-22 06:30:00,Dorm B,Room 104,25,Medium,3,0.555135735093439,0.4628420363216312,0.507095895477142,1,1,0,1,1,1,0,1,1,0.9596,0.659415,0.330911,Normal
2024-03-22 07:00:00,Dorm B,Room 107,14,Small,3,0.3953294708389838,0.4892107788579223,0.5289832523304978,0,0,1,1,0,1,1,1,0,1.0714,0.720843,0.320795,Abnormal
2024-03-22 07:30:00,Dorm B,Room 105,19,Medium,3,0.5479022376708146,0.3785495124167458,0.3854768734809648,1,0,1,1,0,1,0,0,0,0.1181,0.081153,0.302567,Normal
2024-03-22 08:00:00,Dorm A,Room 101,20,Medium,2,0.4695145454419731,0.2775063853464847,0.3707407903950173,0,0,1,0,0,0,0,0,1,0.0344,0.03228,0.22232,Normal
2024-03-22 08:30:00,Dorm C,Room 103,22,Medium,2,0.4236473156621074,0.1882788648203456,0.3895693103797967,1,1,0,1,0,0,1,0,1,1.4841,0.964559,0.222852,Abnormal
2024-03-22 09:00:00,Dorm A,Room 108,15,Small,1,0.6249123577839586,0.4768026916102307,0.2945394061838132,1,0,1,1,0,0,0,0,1,0.1124,0.089621,0.169409,Normal
2024-03-22 09:30:00,Dorm B,Room 105,19,Medium,3,0.3200304239285554,0.4327404664979636,0.2718440475778653,1,0,1,1,1,1,0,0,0,0.1371,0.091963,0.291192,Normal
2024-03-22 10:00:00,Dorm B,Room 103,12,Small,1,0.6021879285935813,0.3967441502193528,0.4982979566356174,1,0,1,1,0,0,0,0,0,0.1023,0.089531,0.192902,Normal
2024-03-22 10:30:00,Dorm B,Room 103,12,Small,1,0.6182532288850204,0.6904452580941209,0.5752497611250476,1,0,0,1,1,1,0,0,0,0.1097,0.049725,0.193341,Normal
2024-03-22 11:00:00,Dorm A,Room 107,25,Medium,3,0.4083439270219055,0.3697765841906297,0.5671457676524121,1,0,1,1,0,1,0,0,1,0.1247,0.097771,0.254667,Normal
2024-03-22 11:30:00,Dorm B,Room 104,25,Medium,3,0.4163041456533988,0.704301641915974,0.1768809556217445,1,0,1,1,0,0,0,1,0,0.3275,0.220737,0.335834,Normal
2024-03-22 12:00:00,Dorm B,Room 103,12,Small,1,0.496463355453503,0.7347241533698965,0.4332466863311139,1,0,0,1,0,1,0,0,0,0.0869,0.052126,0.181948,Normal
2024-03-22 12:30:00,Dorm C,Room 107,21,Medium,2,0.5642436563424263,0.2093733287439411,0.3304296958224859,1,0,1,1,1,0,0,1,1,0.3501,0.222585,0.224278,Normal
2024-03-22 13:00:00,Dorm B,Room 106,24,Medium,2,0.5058804002207755,0.5096577075074578,0.4798910880128858,0,0,0,1,0,0,0,0,0,0.0597,0.047049,0.196483,Normal
2024-03-22 13:30:00,Dorm B,Room 101,14,Small,4,0.584578777576964,0.4373410488983404,0.4125209626799413,1,0,1,1,0,1,0,0,0,0.1173,0.112252,0.324897,Normal
2024-03-22 14:00:00,Dorm C,Room 102,22,Medium,2,0.762989183865355,0.068157229154576,0.5336583055379704,1,0,1,0,0,1,1,0,0,0.8552,0.595138,0.172141,Abnormal
2024-03-22 14:30:00,Dorm A,Room 104,32,Large,3,0.458257250591618,0.2837740913439689,0.4603492107290189,1,0,1,1,0,1,0,0,1,0.1257,0.098582,0.276078,Normal
2024-03-22 15:00:00,Dorm B,Room 104,25,Medium,3,0.2962133101282027,0.609967163531562,0.2351848048023364,1,0,0,1,1,1,0,0,1,0.119,0.076607,0.339088,Normal
2024-03-22 15:30:00,Dorm A,Room 101,20,Medium,2,0.6372344132498636,0.7928263084102185,0.3466262932017878,1,0,1,1,0,1,0,0,0,0.1245,0.106978,0.210421,Normal
2024-03-22 16:00:00,Dorm B,Room 107,14,Small,3,0.7522979736366937,0.6287403623325851,0.4633410319942835,1,0,1,1,0,1,0,0,0,0.1184,0.089733,0.323466,Normal
2024-03-22 16:30:00,Dorm A,Room 101,20,Medium,2,0.5791041293725058,0.5436427714651371,0.4734574885126581,1,0,0,1,0,1,0,0,0,0.0935,0.045698,0.204473,Normal
2024-03-22 17:00:00,Dorm A,Room 104,32,Large,3,0.3804158260621979,0.4929461174133812,0.2940088063456586,1,0,1,0,1,1,0,1,1,0.2903,0.18191,0.267788,Normal
2024-03-22 17:30:00,Dorm C,Room 106,15,Small,1,0.5097672420351549,0.7433683242078419,0.2783188621280968,1,1,1,1,0,1,0,0,0,0.7823,0.508451,0.220456,Normal
2024-03-22 18:00:00,Dorm C,Room 102,22,Medium,2,0.3762857860842209,0.8117902509313533,0.4693947141290979,1,1,1,1,1,1,0,0,1,0.7944,0.523542,0.182767,Normal
2024-03-22 18:30:00,Dorm C,Room 103,22,Medium,2,0.6126663150358006,0.4098377091492197,0.2942498850329372,1,1,0,1,1,0,0,0,1,0.692,0.475126,0.234182,Normal
2024-03-22 19:00:00,Dorm C,Room 105,11,Small,1,0.3450480070507946,0.2021595483483809,0.2624625411080097,1,1,1,1,0,1,0,0,0,0.7304,0.444042,0.207476,Normal
2024-03-22 19:30:00,Dorm A,Room 103,17,Medium,2,0.4861159667868144,0.1877277674142564,0.4092437595984661,1,0,0,1,0,1,0,0,1,0.0946,0.048521,0.269547,Normal
2024-03-22 20:00:00,Dorm B,Room 108,20,Medium,3,0.3916097263331551,0.6903471654063169,0.4040484157436614,1,1,1,0,1,1,1,0,0,1.3777,0.895897,0.218413,Abnormal
2024-03-22 20:30:00,Dorm A,Room 101,20,Medium,2,0.543413963862355,0.4891653548965608,0.3572658259841429,1,0,0,1,0,1,1,0,1,0.8983,0.573937,0.204444,Normal
2024-03-22 21:00:00,Dorm B,Room 106,24,Medium,2,0.4772300664617143,0.5230107225155245,0.3782201019820546,1,0,1,1,0,1,0,0,1,0.129,0.061428,0.188286,Normal
2024-03-22 21:30:00,Dorm B,Room 107,14,Small,3,0.5501156637547908,0.2329238790080495,0.4643068585714768,1,1,1,1,1,1,0,0,1,0.7557,0.552236,0.320058,Normal
2024-03-22 22:00:00,Dorm A,Room 106,32,Large,3,0.5293933297699676,0.3853911681775704,0.3762494911481008,1,1,1,1,0,1,0,1,1,0.8818,0.59355,0.281808,Normal
2024-03-22 22:30:00,Dorm A,Room 106,32,Large,3,0.3939822559301007,0.4526567718100644,0.471128473851942,1,0,1,1,0,1,0,0,1,0.1238,0.074593,0.290656,Normal
2024-03-22 23:00:00,Dorm C,Room 102,22,Medium,2,0.6105219781925724,0.5266254643154391,0.4170024171615253,0,0,1,1,0,1,0,1,0,0.2951,0.186004,0.184644,Normal
2024-03-22 23:30:00,Dorm C,Room 105,11,Small,1,0.5198493947105878,0.437503361134922,0.4827598821490138,0,0,1,1,1,1,0,0,0,0.1234,0.050301,0.212729,Normal
2024-03-23 00:00:00,Dorm B,Room 105,19,Medium,3,0.3937313009110375,0.3436338427752686,0.5680047811504055,1,0,1,1,0,0,0,0,0,0.1121,0.047731,0.272275,Normal
2024-03-23 00:30:00,Dorm B,Room 104,25,Medium,3,0.8271305999375449,0.3807797892558287,0.5633310472463651,1,0,0,1,0,1,0,0,1,0.0884,0.087119,0.338851,Normal
2024-03-23 01:00:00,Dorm A,Room 104,32,Large,3,0.5903317082460242,0.6736585211064392,0.6171928195160522,0,1,1,1,0,1,0,0,1,0.7283,0.52818,0.261844,Normal
2024-03-23 01:30:00,Dorm B,Room 103,12,Small,1,0.5058259730570637,0.5320551494982739,0.5631989671273466,1,1,0,1,1,1,0,0,1,0.7591,0.48739,0.173221,Normal
2024-03-23 02:00:00,Dorm C,Room 101,21,Medium,1,0.716317076828849,0.5860448254513084,0.4912665968025185,1,0,1,1,1,1,0,0,0,0.1364,0.09461,0.223121,Normal
2024-03-23 02:30:00,Dorm C,Room 103,22,Medium,2,0.7735691245886924,0.3639810541029001,0.4106484661870406,0,1,1,0,0,1,0,0,0,0.6567,0.424249,0.224506,Normal
2024-03-23 03:00:00,Dorm A,Room 103,17,Medium,2,0.5068876624343918,0.0619819620459206,0.4161275539786776,1,1,0,1,0,1,0,0,0,0.7129,0.482428,0.268512,Normal
2024-03-23 03:30:00,Dorm C,Room 102,22,Medium,2,0.5730152683457395,0.4192048147796002,0.3573405874172096,1,0,1,1,0,1,0,0,1,0.1306,0.085805,0.18739,Normal
2024-03-23 04:00:00,Dorm A,Room 103,17,Medium,2,0.3938019166272896,0.3687283986436857,0.4631903715822209,1,0,0,0,0,1,0,0,0,0.0282,0.026183,0.277635,Normal
2024-03-23 04:30:00,Dorm C,Room 107,21,Medium,2,0.5066402841243194,0.5473726318497376,0.5463121456114144,0,0,0,1,0,1,0,0,0,0.0703,0.0502,0.217446,Normal
2024-03-23 05:00:00,Dorm A,Room 101,20,Medium,2,0.4996792543744717,0.978957016146309,0.3755890957433611,1,0,0,1,1,0,0,0,0,0.0976,0.075101,0.206736,Normal
2024-03-23 05:30:00,Dorm B,Room 102,14,Small,2,0.5511979932992949,0.5982440080217128,0.458181991502715,0,0,1,1,0,1,0,0,1,0.1102,0.086738,0.311379,Normal
2024-03-23 06:00:00,Dorm A,Room 107,25,Medium,3,0.5710509530630133,0.8981627775805223,0.3813842620081716,1,1,1,1,0,1,0,1,0,0.8973,0.61395,0.254921,Normal
2024-03-23 06:30:00,Dorm B,Room 102,14,Small,2,0.6015239220076909,0.5796685776640833,0.4877631065542632,1,0,0,1,0,1,0,0,1,0.0966,0.079344,0.303557,Normal
2024-03-23 07:00:00,Dorm A,Room 105,18,Medium,1,0.5582859539144167,0.4035119506108393,0.396737805929709,1,0,1,1,0,1,0,0,0,0.1188,0.069721,0.266131,Normal
2024-03-23 07:30:00,Dorm C,Room 102,22,Medium,2,0.3639097954914929,0.5472115337255359,0.3739283632693168,0,0,0,0,0,1,0,0,1,0.015,0.024862,0.185281,Normal
2024-03-23 08:00:00,Dorm A,Room 103,17,Medium,2,0.4004497068027951,0.7577670066812034,0.381071805786031,1,0,0,1,0,1,0,0,0,0.0876,0.071749,0.268494,Normal
2024-03-23 08:30:00,Dorm C,Room 102,22,Medium,2,0.4530648622549079,0.7649569650581511,0.5230310411926743,0,0,1,1,0,0,0,1,0,0.2824,0.156786,0.176136,Normal
2024-03-23 09:00:00,Dorm C,Room 101,21,Medium,1,0.4885165977844707,0.4115285503723426,0.4510400281720406,1,0,1,1,0,1,0,0,1,0.1238,0.077055,0.214326,Normal
2024-03-23 09:30:00,Dorm B,Room 106,24,Medium,2,0.6674098211653323,0.5332894927946066,0.4112495017498511,1,0,1,1,0,0,0,0,0,0.1064,0.038422,0.188774,Normal
2024-03-23 10:00:00,Dorm A,Room 107,25,Medium,3,0.3703251381270862,0.2860335368498533,0.4940075339740567,1,0,1,1,0,0,0,1,0,0.3184,0.189578,0.266808,Normal
2024-03-23 10:30:00,Dorm C,Room 108,20,Medium,1,0.4784280376553834,0.6172759435673767,0.4129177376039731,1,0,1,1,0,1,0,0,1,0.122,0.076229,0.254266,Normal
2024-03-23 11:00:00,Dorm B,Room 101,14,Small,4,0.6542895934385586,0.7243649567830814,0.5977946596637537,1,1,1,1,0,0,0,1,1,0.8888,0.643281,0.317272,Normal
2024-03-23 11:30:00,Dorm C,Room 106,15,Small,1,0.4861496933968222,0.5019301617042393,0.3458128670399277,0,0,1,0,1,1,0,0,0,0.0632,0.035187,0.221795,Normal
2024-03-23 12:00:00,Dorm B,Room 102,14,Small,2,0.588182528531404,0.3980012041607859,0.440216136985462,0,0,0,1,0,0,0,0,0,0.0567,0.047233,0.304067,Normal
2024-03-23 12:30:00,Dorm A,Room 108,15,Small,1,0.5076670241890685,0.5490066534059066,0.2941181687663173,0,0,1,0,0,1,0,0,0,0.0417,0.020258,0.167424,Normal
2024-03-23 13:00:00,Dorm A,Room 101,20,Medium,2,0.5608546602807057,0.5574316909383894,0.4210326861471457,1,1,1,1,0,1,0,1,1,0.8998,0.571423,0.197365,Normal
2024-03-23 13:30:00,Dorm A,Room 106,32,Large,3,0.4957323757693876,0.5080062056541261,0.2611421494607512,1,0,0,1,1,1,0,1,0,0.3085,0.186643,0.278387,Normal
2024-03-23 14:00:00,Dorm C,Room 105,11,Small,1,0.61591534188203,0.5223454579029843,0.5521821331479179,1,0,1,1,0,1,0,0,0,0.1181,0.049354,0.212432,Normal
2024-03-23 14:30:00,Dorm C,Room 103,22,Medium,2,0.3190442274819143,0.470537020142203,0.554603984546999,1,0,1,1,1,0,0,0,1,0.1414,0.076365,0.231946,Normal
2024-03-23 15:00:00,Dorm C,Room 104,13,Small,2,0.477636653976588,0.6424484861316413,0.5567234125819835,0,1,1,1,0,0,0,0,0,0.7017,0.442812,0.227783,Normal
2024-03-23 15:30:00,Dorm A,Room 104,32,Large,3,0.5661944787489641,0.6042784691043646,0.4661108091284049,0,0,1,1,0,1,0,0,0,0.1046,0.093125,0.267853,Normal
2024-03-23 16:00:00,Dorm C,Room 103,22,Medium,2,0.598016794972558,0.3516025596840319,0.3570894796943389,1,1,1,1,0,0,0,0,0,0.7685,0.508153,0.228736,Normal
2024-03-23 16:30:00,Dorm B,Room 106,24,Medium,2,0.7267510244900146,0.3475629538181392,0.3666306179973094,0,0,0,1,1,1,0,0,1,0.1019,0.053028,0.188891,Normal
2024-03-23 17:00:00,Dorm A,Room 101,20,Medium,2,0.4739175606124535,0.458697841665767,0.6462208031352477,0,1,1,1,1,1,0,0,0,0.6908,0.459312,0.194386,Normal
2024-03-23 17:30:00,Dorm A,Room 106,32,Large,3,0.7249432084193302,0.604368068615547,0.6348843014689887,1,0,1,1,0,1,0,0,1,0.1179,0.094808,0.269912,Normal
2024-03-23 18:00:00,Dorm C,Room 105,11,Small,1,0.4379515453847936,0.5178399457565004,0.4773498627011787,0,0,0,1,1,0,0,0,1,0.0814,0.043463,0.211322,Normal
2024-03-23 18:30:00,Dorm C,Room 105,11,Small,1,0.704700807247211,0.4015626240085232,0.400786694841548,1,1,1,1,1,1,1,0,0,1.5133,0.981203,0.20853,Abnormal
2024-03-23 19:00:00,Dorm A,Room 108,15,Small,1,0.6360995401500654,0.5345144048075887,0.6268399122597804,1,1,0,1,0,1,0,0,0,0.6776,0.442378,0.163543,Normal
2024-03-23 19:30:00,Dorm A,Room 103,17,Medium,2,0.4038059002757288,0.4474646548679279,0.3793278747750525,1,0,1,1,0,1,0,0,0,0.1195,0.071976,0.268697,Normal
2024-03-23 20:00:00,Dorm B,Room 106,24,Medium,2,0.5675991117958812,0.6254790328500239,0.4901018951622058,1,0,1,1,0,0,0,0,1,0.1222,0.079478,0.18609,Normal
2024-03-23 20:30:00,Dorm A,Room 101,20,Medium,2,0.5195178911930219,0.545028027838266,0.6248404883360524,1,0,1,1,1,1,0,0,1,0.1408,0.086507,0.202169,Normal
2024-03-23 21:00:00,Dorm B,Room 105,19,Medium,3,0.6103485261918769,0.4497473142638542,0.3623119757818399,0,0,1,0,1,1,1,0,0,0.8726,0.610611,0.260518,Normal
2024-03-23 21:30:00,Dorm A,Room 102,15,Small,3,0.4964303542272441,0.5301055767339087,0.5621284429199984,1,0,0,1,0,1,0,0,0,0.0841,0.022813,0.247462,Normal
2024-03-23 22:00:00,Dorm A,Room 101,20,Medium,2,0.4851607924733375,0.6893429853635542,0.5250983563577672,1,0,1,1,0,1,0,0,0,0.1221,0.093424,0.202767,Normal
2024-03-23 22:30:00,Dorm A,Room 101,20,Medium,2,0.710129031511357,0.4123673041732152,0.4579062198376195,1,0,1,1,0,1,0,0,1,0.1179,0.057421,0.20295,Normal
2024-03-23 23:00:00,Dorm B,Room 104,25,Medium,3,0.5131453027355043,0.5552563551478169,0.3434653725494999,1,1,1,1,1,1,0,0,1,0.7231,0.482872,0.339462,Normal
2024-03-23 23:30:00,Dorm C,Room 107,21,Medium,2,0.6373013452962515,0.4857261844161428,0.3757363992924841,0,1,1,1,1,1,0,0,1,0.777,0.545487,0.217854,Normal
2024-03-24 00:00:00,Dorm C,Room 102,22,Medium,2,0.4961512280044727,0.5588314509629277,0.497372263900868,1,0,0,0,0,1,0,0,1,0.0326,0.0165,0.175279,Normal
2024-03-24 00:30:00,Dorm B,Room 106,24,Medium,2,0.7500633341309089,0.3998851239782978,0.2918901484591524,0,0,1,1,1,0,1,0,0,0.8785,0.595621,0.177681,Normal
2024-03-24 01:00:00,Dorm C,Room 108,20,Medium,1,0.4353599976216193,0.5122962557709401,0.4783322562919129,0,1,0,1,1,1,0,0,0,0.6576,0.409521,0.254818,Normal
2024-03-24 01:30:00,Dorm B,Room 106,24,Medium,2,0.443974569447509,0.6588888602265666,0.5275565517362563,1,0,0,1,0,1,0,1,1,0.2713,0.180608,0.189017,Normal
2024-03-24 02:00:00,Dorm B,Room 105,19,Medium,3,0.7309870504073234,0.3583769349503001,0.58084325830238,1,0,1,1,1,1,0,1,1,0.3332,0.227984,0.259485,Normal
2024-03-24 02:30:00,Dorm C,Room 105,11,Small,1,0.466681159016855,0.300709402717325,0.2948869502768112,1,0,0,1,1,1,0,0,0,0.1133,0.076982,0.226467,Normal
2024-03-24 03:00:00,Dorm B,Room 104,25,Medium,3,0.7412611674134936,0.306286535050627,0.6205563804361443,0,1,1,1,1,1,0,0,1,0.6947,0.48769,0.347661,Normal
2024-03-24 03:30:00,Dorm B,Room 106,24,Medium,2,0.6460806040513932,0.3240384961490789,0.6660387192763678,0,0,0,1,0,1,0,0,0,0.0713,0.021686,0.190934,Normal
2024-03-24 04:00:00,Dorm A,Room 105,18,Medium,1,0.5056395459660256,0.5835709412797676,0.5118526286246903,1,1,1,1,0,1,0,0,1,0.7007,0.41652,0.264468,Normal
2024-03-24 04:30:00,Dorm B,Room 107,14,Small,3,0.2830462849591683,0.2894735000589557,0.3381129403456214,1,0,0,1,0,1,0,1,1,0.286,0.186667,0.330311,Normal
2024-03-24 05:00:00,Dorm C,Room 104,13,Small,2,0.5238012867686693,0.4523019280242074,0.4232839241681756,0,1,1,1,1,1,0,1,0,0.9598,0.633266,0.23579,Normal
2024-03-24 05:30:00,Dorm C,Room 108,20,Medium,1,0.5400327946656591,0.5869460681212679,0.4569367828426783,1,0,1,1,1,0,0,0,0,0.132,0.090671,0.262748,Normal
2024-03-24 06:00:00,Dorm A,Room 103,17,Medium,2,0.6830367605978434,0.5573141257918224,0.4950943374185593,0,0,1,1,0,0,0,1,0,0.2967,0.200787,0.259217,Normal
2024-03-24 06:30:00,Dorm A,Room 106,32,Large,3,0.7395665817010337,0.439418722868013,0.4652841087569965,0,1,1,1,1,1,1,0,0,1.4089,0.990325,0.269857,Abnormal
2024-03-24 07:00:00,Dorm A,Room 103,17,Medium,2,0.4344672123312092,0.5241396567593235,0.496378205939666,1,0,0,1,0,1,1,0,0,0.8904,0.571058,0.253014,Normal
2024-03-24 07:30:00,Dorm B,Room 105,19,Medium,3,0.6339140123906775,0.5118274324469931,0.451760162189059,1,0,1,0,1,1,0,0,0,0.079,0.060139,0.260415,Normal
2024-03-24 08:00:00,Dorm C,Room 105,11,Small,1,0.6291123185112965,0.4631263092432586,0.4944517316729812,1,0,0,1,0,0,1,0,1,0.868,0.532015,0.226654,Normal
2024-03-24 08:30:00,Dorm A,Room 101,20,Medium,2,0.6704479406472353,0.4650965138764738,0.4073982814479403,1,0,1,1,1,1,0,0,1,0.1497,0.100516,0.202954,Normal
2024-03-24 09:00:00,Dorm A,Room 107,25,Medium,3,0.5933190099349467,0.8246035900947832,0.4220749412050664,0,0,1,1,0,1,0,0,0,0.0998,0.082563,0.269726,Normal
2024-03-24 09:30:00,Dorm C,Room 107,21,Medium,2,0.2657068242324626,0.6150189453629318,0.3935416070554693,0,0,1,1,0,1,0,0,0,0.1066,0.068919,0.228201,Normal
2024-03-24 10:00:00,Dorm B,Room 103,12,Small,1,0.505535844618922,0.8606420732076583,0.6926594518451467,0,0,1,1,1,1,0,0,0,0.119,0.059171,0.174614,Normal
2024-03-24 10:30:00,Dorm B,Room 107,14,Small,3,0.3712956078554518,0.4230465686192708,0.638270279422903,1,0,0,1,0,0,0,0,1,0.0751,0.035475,0.330075,Normal
2024-03-24 11:00:00,Dorm A,Room 101,20,Medium,2,0.4992037473829691,0.4835943189388766,0.5292653004638816,1,0,1,1,0,0,1,0,1,0.8483,0.569984,0.203025,Normal
2024-03-24 11:30:00,Dorm A,Room 102,15,Small,3,0.6579123404495483,0.3003095693543218,0.6216435070689598,1,0,0,1,0,1,0,0,1,0.0882,0.059478,0.244032,Normal
2024-03-24 12:00:00,Dorm A,Room 102,15,Small,3,0.5673456846107815,0.377105772388025,0.5584379149577422,1,1,1,1,0,1,0,0,0,0.7283,0.478293,0.23526,Normal
2024-03-24 12:30:00,Dorm B,Room 104,25,Medium,3,0.6804698973772237,0.7755897320732124,0.4843939857033812,1,0,1,1,1,1,0,0,0,0.1358,0.079693,0.346584,Normal
2024-03-24 13:00:00,Dorm C,Room 104,13,Small,2,0.5722578907076016,0.4193620664044936,0.282024520133993,1,1,1,1,0,1,0,1,1,0.9779,0.61591,0.236276,Normal
2024-03-24 13:30:00,Dorm A,Room 105,18,Medium,1,0.3521559423342804,0.7781421867845308,0.4311953497590598,1,1,1,1,1,0,0,0,0,0.7099,0.40512,0.262548,Normal
2024-03-24 14:00:00,Dorm A,Room 103,17,Medium,2,0.1880912066754817,0.3133544132881444,0.4224527038147695,1,0,1,1,0,1,0,0,0,0.1134,0.074827,0.263145,Normal
2024-03-24 14:30:00,Dorm C,Room 108,20,Medium,1,0.5463642702453213,0.3412614626596923,0.3267126581233351,1,0,0,0,0,0,0,0,1,0.0215,0.004649,0.252494,Normal
2024-03-24 15:00:00,Dorm C,Room 106,15,Small,1,0.4976844880214283,0.4459332098739409,0.2843530139892109,0,1,1,1,1,1,0,0,1,0.7261,0.430166,0.212105,Normal
2024-03-24 15:30:00,Dorm B,Room 104,25,Medium,3,0.3952857983617098,0.4867123596038203,0.5217582346753639,1,0,1,1,0,1,0,0,0,0.1213,0.099824,0.334377,Normal
2024-03-24 16:00:00,Dorm B,Room 104,25,Medium,3,0.2981663139636019,0.6317397276069932,0.5015775808582126,1,0,1,1,0,1,0,0,1,0.1241,0.077662,0.327248,Normal
2024-03-24 16:30:00,Dorm A,Room 101,20,Medium,2,0.4277898545002432,0.5623271919808028,0.3225950918817916,1,0,1,1,1,0,0,0,1,0.1365,0.088061,0.213578,Normal
2024-03-24 17:00:00,Dorm C,Room 101,21,Medium,1,0.5002927008256244,0.4348987251476634,0.3731644059756827,0,0,0,1,0,1,0,0,0,0.0637,0.050454,0.207007,Normal
2024-03-24 17:30:00,Dorm B,Room 102,14,Small,2,0.6157559570435033,0.47648883232237,0.6019581228938581,1,1,1,1,1,1,0,0,0,0.726,0.456151,0.303517,Normal
2024-03-24 18:00:00,Dorm B,Room 102,14,Small,2,0.5517085040280204,0.4491911032080405,0.3573502800944366,1,1,1,0,1,1,0,1,0,0.9309,0.589048,0.311654,Normal
2024-03-24 18:30:00,Dorm C,Room 105,11,Small,1,0.7421996338735573,0.3616620080867245,0.4831376355910196,1,0,1,1,0,1,0,0,0,0.1229,0.078836,0.236469,Normal
2024-03-24 19:00:00,Dorm C,Room 107,21,Medium,2,0.3874137367031224,0.3655845357675184,0.4398794084915294,1,1,0,1,1,1,0,0,1,0.71,0.403452,0.227648,Normal
2024-03-24 19:30:00,Dorm B,Room 105,19,Medium,3,0.6446336803429488,0.6471408238654461,0.52339511196613,1,0,1,0,0,0,0,1,0,0.2348,0.193316,0.260706,Normal
2024-03-24 20:00:00,Dorm B,Room 108,20,Medium,3,0.5327414257716097,0.2274107638008942,0.3599402825594764,1,0,1,1,1,1,1,0,0,0.8645,0.596037,0.232667,Normal
2024-03-24 20:30:00,Dorm A,Room 103,17,Medium,2,0.6196198062803617,0.7337710992503057,0.4734542551347357,0,0,1,1,0,1,0,0,1,0.1061,0.068205,0.262871,Normal
2024-03-24 21:00:00,Dorm C,Room 106,15,Small,1,0.4678126866356564,0.4456741155570854,0.4828885399571279,1,1,0,1,1,1,0,0,0,0.6627,0.414772,0.219645,Normal
2024-03-24 21:30:00,Dorm B,Room 108,20,Medium,3,0.6702154587470223,0.3825519113337316,0.4902616461777904,1,0,0,1,0,1,0,0,0,0.0933,0.07472,0.2357,Normal
2024-03-24 22:00:00,Dorm A,Room 108,15,Small,1,0.566013585450995,0.6047975154621494,0.4721334377914955,1,0,0,1,1,1,0,0,1,0.1164,0.077508,0.171407,Normal
2024-03-24 22:30:00,Dorm B,Room 102,14,Small,2,0.4352109857149767,0.7143512571328949,0.5039895652280839,1,1,1,1,1,1,0,0,1,0.7569,0.498947,0.323601,Normal
2024-03-24 23:00:00,Dorm C,Room 105,11,Small,1,0.5247801928922015,0.6603304318645926,0.725592344735255,1,0,1,1,1,1,0,0,0,0.1467,0.108426,0.236649,Normal
2024-03-24 23:30:00,Dorm A,Room 102,15,Small,3,0.4942449730441067,0.5698342403180339,0.7699243268127791,0,1,0,0,1,1,0,0,1,0.6828,0.489842,0.244355,Normal
2024-03-25 00:00:00,Dorm B,Room 106,24,Medium,2,0.5920425396432869,0.6558085714768915,0.385960624903069,1,0,0,1,1,1,0,0,1,0.1117,0.060817,0.190163,Normal
2024-03-25 00:30:00,Dorm C,Room 104,13,Small,2,0.3680654772247286,0.2438215980743807,0.1845287994113154,0,0,0,1,0,1,0,0,1,0.074,0.028366,0.234503,Normal
2024-03-25 01:00:00,Dorm B,Room 104,25,Medium,3,0.5224547850112958,0.4193920096281942,0.5340882031870298,0,0,1,1,1,1,0,1,1,0.3246,0.202545,0.317731,Normal
2024-03-25 01:30:00,Dorm B,Room 104,25,Medium,3,0.5794448533584339,0.3621739752608757,0.4849915892715161,0,0,1,1,0,1,0,0,1,0.1016,0.072915,0.320692,Normal
2024-03-25 02:00:00,Dorm B,Room 105,19,Medium,3,0.5308256341451018,0.6760562682233202,0.5899395397544528,1,0,1,1,0,1,0,0,0,0.1201,0.054417,0.259522,Normal
2024-03-25 02:30:00,Dorm B,Room 104,25,Medium,3,0.7071560098574469,0.4397245446368154,0.4968245828652418,0,1,0,1,0,1,0,0,1,0.6491,0.432902,0.317634,Normal
2024-03-25 03:00:00,Dorm A,Room 106,32,Large,3,0.6302692224380602,0.6203236272844785,0.4696776741662534,0,0,1,1,0,1,0,0,1,0.1037,0.079641,0.27996,Normal
2024-03-25 03:30:00,Dorm C,Room 104,13,Small,2,0.5253899036003333,0.5748316604386792,0.598081230808214,1,1,1,1,0,1,0,0,0,0.7276,0.466446,0.233675,Normal
2024-03-25 04:00:00,Dorm B,Room 106,24,Medium,2,0.5554739450426885,0.3693549876350898,0.6148618283493216,1,0,0,0,0,1,0,0,0,0.025,0.014123,0.187062,Normal
2024-03-25 04:30:00,Dorm B,Room 107,14,Small,3,0.5660727407583513,0.4098207305866441,0.2963022310499498,0,0,0,1,0,1,0,0,0,0.0731,0.074076,0.320698,Normal
2024-03-25 05:00:00,Dorm A,Room 102,15,Small,3,0.5805174426777581,0.6862229322772013,0.3646792492758844,1,0,0,1,1,1,0,1,1,0.3119,0.229484,0.252984,Normal
2024-03-25 05:30:00,Dorm A,Room 101,20,Medium,2,0.2813869415264179,0.3821148407411351,0.4499790723995166,0,0,1,1,0,1,0,0,0,0.1029,0.068226,0.211188,Normal
2024-03-25 06:00:00,Dorm B,Room 106,24,Medium,2,0.4859284183336898,0.5144319305881506,0.4744564969792352,1,1,1,1,0,1,1,0,0,1.563,0.984129,0.185832,Abnormal
2024-03-25 06:30:00,Dorm C,Room 103,22,Medium,2,0.3271791938261011,0.381077490685569,0.435535928274796,0,0,0,1,1,1,0,1,0,0.2958,0.184273,0.230248,Normal
2024-03-25 07:00:00,Dorm C,Room 101,21,Medium,1,0.6979416627423303,0.4499421856823563,0.5147385654967546,1,1,0,1,0,1,1,0,0,1.5059,0.943,0.207051,Abnormal
2024-03-25 07:30:00,Dorm C,Room 104,13,Small,2,0.5182277157971958,0.4892971203720036,0.5821490791036431,0,0,0,1,0,1,0,1,0,0.2701,0.171442,0.242013,Normal
2024-03-25 08:00:00,Dorm A,Room 106,32,Large,3,0.5004471049141334,0.381029695187125,0.6693194281895912,0,0,1,1,0,0,0,0,1,0.1003,0.054001,0.267965,Normal
2024-03-25 08:30:00,Dorm B,Room 103,12,Small,1,0.6467458099938932,0.3549321544905109,0.5320988375390538,1,1,1,1,0,1,0,0,0,0.7344,0.463993,0.171143,Normal
2024-03-25 09:00:00,Dorm C,Room 107,21,Medium,2,0.5830706610977452,0.5381524058313498,0.3603930439419748,0,1,1,1,0,1,0,0,0,0.698,0.453041,0.222193,Normal
2024-03-25 09:30:00,Dorm A,Room 103,17,Medium,2,0.3749288659160616,0.3719370369086798,0.4449663594822759,0,0,1,0,0,1,1,0,0,0.834,0.517354,0.26267,Normal
2024-03-25 10:00:00,Dorm B,Room 108,20,Medium,3,0.5168782019194699,0.3769454732801247,0.4536070328902273,1,1,0,1,1,0,0,0,1,0.6761,0.441326,0.236256,Normal
2024-03-25 10:30:00,Dorm A,Room 103,17,Medium,2,0.4814137731436891,0.3580762272436673,0.5243880708833193,1,0,1,0,0,1,0,1,1,0.2602,0.192196,0.265132,Normal
2024-03-25 11:00:00,Dorm B,Room 101,14,Small,4,0.2922740907176886,0.4846316561962453,0.5092152774303187,1,0,1,1,0,1,0,1,0,0.3266,0.214098,0.328471,Normal
2024-03-25 11:30:00,Dorm C,Room 103,22,Medium,2,0.4337574108519383,0.6347692482951866,0.708631830491506,1,0,1,1,0,1,0,1,1,0.3084,0.213486,0.213775,Normal
2024-03-25 12:00:00,Dorm C,Room 108,20,Medium,1,0.5017623684546779,0.7174833145664858,0.4072795460520016,1,0,1,1,1,0,0,0,0,0.1291,0.077344,0.242273,Normal
2024-03-25 12:30:00,Dorm B,Room 107,14,Small,3,0.5109671997905666,0.3893989378245566,0.5088052820804246,0,0,1,1,0,1,0,0,1,0.111,0.076361,0.320452,Normal
2024-03-25 13:00:00,Dorm A,Room 107,25,Medium,3,0.3274754640694293,0.812094695717368,0.7451402849686926,1,0,1,1,0,1,0,0,1,0.1276,0.085661,0.259997,Normal
2024-03-25 13:30:00,Dorm C,Room 108,20,Medium,1,0.6809496313941841,0.3484279330916276,0.3924400809382207,1,0,0,1,0,0,0,0,0,0.0762,0.043184,0.234317,Normal
2024-03-25 14:00:00,Dorm A,Room 101,20,Medium,2,0.5126914096050457,0.6553213980664725,0.480060395816002,1,1,1,1,0,1,0,0,1,0.7297,0.473507,0.211731,Normal
2024-03-25 14:30:00,Dorm B,Room 101,14,Small,4,0.5314335381317118,0.3900193564363904,0.3492902580931892,1,1,1,1,0,1,0,0,0,0.7418,0.537056,0.321823,Normal
2024-03-25 15:00:00,Dorm C,Room 102,22,Medium,2,0.5801607384273362,0.3680887157704151,0.4724949105616295,1,0,1,1,0,0,0,0,1,0.1124,0.053901,0.174756,Normal
2024-03-25 15:30:00,Dorm C,Room 107,21,Medium,2,0.4206324554033538,0.3866304611336669,0.3690448200823329,1,0,0,1,0,1,0,0,0,0.0841,0.050442,0.229864,Normal
2024-03-25 16:00:00,Dorm B,Room 101,14,Small,4,0.5876377119189639,0.4883733544367455,0.5882310609891129,1,0,1,1,0,1,0,0,0,0.1205,0.08641,0.312738,Normal
2024-03-25 16:30:00,Dorm A,Room 105,18,Medium,1,0.4771317005939443,0.5813149135964764,0.4803207489303255,1,1,1,1,0,1,0,0,0,0.7488,0.470408,0.260914,Normal
2024-03-25 17:00:00,Dorm A,Room 106,32,Large,3,0.4060702953489775,0.5945261715223324,0.3504279567468031,1,0,1,1,0,1,0,1,0,0.3192,0.207199,0.266795,Normal
2024-03-25 17:30:00,Dorm C,Room 104,13,Small,2,0.6033516246140452,0.3573514305356631,0.56348938913362,1,0,1,1,1,1,0,0,0,0.143,0.090335,0.245073,Normal
2024-03-25 18:00:00,Dorm B,Room 101,14,Small,4,0.7265794118483695,0.3506390575297869,0.4842014203592617,1,0,1,1,0,1,0,1,1,0.3112,0.239144,0.303729,Normal
2024-03-25 18:30:00,Dorm C,Room 102,22,Medium,2,0.6236673711639451,0.3613702950912074,0.5769560826435413,1,1,1,1,1,1,0,1,1,0.9299,0.588784,0.174565,Normal
2024-03-25 19:00:00,Dorm B,Room 105,19,Medium,3,0.6502592488543751,0.4797163196864478,0.3249626100647822,1,1,1,1,1,1,0,0,1,0.7685,0.549469,0.249296,Normal
2024-03-25 19:30:00,Dorm C,Room 108,20,Medium,1,0.4565241881693873,0.4651963177568241,0.5068946349991472,1,0,1,1,0,1,0,0,1,0.1229,0.061996,0.234312,Normal
2024-03-25 20:00:00,Dorm C,Room 108,20,Medium,1,0.3119901261468142,0.356441671375806,0.5554243265537335,0,0,1,1,1,0,0,0,0,0.1049,0.078242,0.222859,Normal
2024-03-25 20:30:00,Dorm A,Room 101,20,Medium,2,0.7263732324362394,0.535702605222111,0.411854656116653,1,1,1,1,1,0,0,1,1,0.8693,0.6,0.219851,Normal
2024-03-25 21:00:00,Dorm B,Room 103,12,Small,1,0.80211378700451,0.8285923350647764,0.3116052063189836,1,1,1,1,1,0,0,1,1,0.9641,0.614924,0.179446,Abnormal
2024-03-25 21:30:00,Dorm B,Room 101,14,Small,4,0.7334415497736606,0.4219072724493565,0.4576553694653396,1,0,1,1,1,1,0,0,1,0.138,0.115571,0.306859,Normal
2024-03-25 22:00:00,Dorm A,Room 103,17,Medium,2,0.4813307067201675,0.432371487261278,0.6099832377639642,1,0,1,1,1,0,0,0,1,0.1336,0.080321,0.267456,Normal
2024-03-25 22:30:00,Dorm C,Room 108,20,Medium,1,0.3714396382662661,0.5783300312660875,0.5977241700829466,1,0,0,0,0,0,0,1,1,0.2098,0.115806,0.216036,Normal
2024-03-25 23:00:00,Dorm C,Room 101,21,Medium,1,0.3833771237193041,0.4139565173956515,0.4112486973844197,1,0,0,0,1,1,0,1,1,0.2693,0.168867,0.225895,Normal
2024-03-25 23:30:00,Dorm B,Room 104,25,Medium,3,0.3004336135771078,0.5943933832835884,0.3087160183652317,1,0,1,1,0,1,0,0,1,0.1231,0.093849,0.324155,Normal
2024-03-26 00:00:00,Dorm A,Room 105,18,Medium,1,0.5119834191243053,0.3904828367900843,0.410918627330393,0,0,0,1,0,1,0,0,1,0.0725,0.029791,0.267495,Normal
2024-03-26 00:30:00,Dorm A,Room 105,18,Medium,1,0.7418789865705204,0.7653327480212495,0.4064440173795943,0,0,0,1,1,1,0,0,1,0.0938,0.033203,0.265739,Normal
2024-03-26 01:00:00,Dorm A,Room 108,15,Small,1,0.5073824369749804,0.5467499112199097,0.516206943493796,0,0,0,1,0,1,0,0,0,0.0689,0.045079,0.172223,Normal
2024-03-26 01:30:00,Dorm A,Room 107,25,Medium,3,0.5669661700918024,0.404961477189236,0.4500500290610973,1,0,1,1,0,1,0,0,1,0.1145,0.102645,0.252163,Normal
2024-03-26 02:00:00,Dorm C,Room 106,15,Small,1,0.7110016639245041,0.4095659738597696,0.3722783474170835,1,0,1,1,0,1,0,0,0,0.1189,0.074747,0.216339,Normal
2024-03-26 02:30:00,Dorm C,Room 106,15,Small,1,0.4721634543075185,0.4205722287596715,0.5951247617162281,0,0,0,1,0,1,0,0,0,0.0748,0.064916,0.216573,Normal
2024-03-26 03:00:00,Dorm C,Room 103,22,Medium,2,0.7995661729390313,0.6978229170412593,0.4794938009354148,0,1,0,1,0,1,0,0,1,0.6509,0.455989,0.216102,Normal
2024-03-26 03:30:00,Dorm C,Room 105,11,Small,1,0.7937368353583893,0.3096232374769881,0.5148835454894494,1,0,0,0,1,1,0,0,0,0.0462,0.042626,0.237125,Normal
2024-03-26 04:00:00,Dorm A,Room 101,20,Medium,2,0.5087984413083445,0.3979192558981029,0.2557015452579547,1,1,0,1,0,1,0,0,0,0.7335,0.473649,0.228273,Normal
2024-03-26 04:30:00,Dorm C,Room 103,22,Medium,2,0.4488876052331672,0.4135385190791062,0.1718094179154485,1,1,1,0,0,0,0,0,0,0.7069,0.445184,0.224004,Normal
2024-03-26 05:00:00,Dorm A,Room 105,18,Medium,1,0.6199645607102436,0.4937756307529629,0.2901855050107383,1,0,0,1,0,1,0,0,0,0.084,0.054466,0.26557,Normal
2024-03-26 05:30:00,Dorm C,Room 108,20,Medium,1,0.4797553093182894,0.4562383955268702,0.4049964937297373,0,0,1,1,0,1,0,0,1,0.1079,0.048758,0.218161,Normal
2024-03-26 06:00:00,Dorm C,Room 101,21,Medium,1,0.3711818526089313,0.2769276441877563,0.5317920750702939,1,0,1,1,0,1,1,0,1,0.9132,0.566374,0.220643,Normal
2024-03-26 06:30:00,Dorm A,Room 105,18,Medium,1,0.6983385927230075,0.4373225033839374,0.1816490673673107,0,0,1,1,0,1,1,0,0,0.8374,0.525486,0.266305,Normal
2024-03-26 07:00:00,Dorm A,Room 106,32,Large,3,0.6896434771479817,0.4814510154435528,0.653740485589213,0,1,0,1,0,1,0,1,1,0.8162,0.566832,0.270115,Normal
2024-03-26 07:30:00,Dorm B,Room 107,14,Small,3,0.547263804858213,0.4037747774507341,0.4831096974597824,0,0,1,0,0,1,0,1,0,0.2253,0.150952,0.320432,Normal
2024-03-26 08:00:00,Dorm B,Room 102,14,Small,2,0.356914903349363,0.5970109208850245,0.6258407556243962,0,0,1,1,0,0,1,0,0,0.7967,0.494616,0.329737,Normal
2024-03-26 08:30:00,Dorm B,Room 103,12,Small,1,0.3613889960662646,0.6311990751959324,0.3563577050746793,1,1,1,1,0,1,0,1,0,0.8684,0.517783,0.190989,Normal
2024-03-26 09:00:00,Dorm C,Room 107,21,Medium,2,0.5407842230183377,0.4845613124338552,0.5230947641730103,1,0,1,0,0,1,0,0,1,0.0672,0.049191,0.229664,Normal
2024-03-26 09:30:00,Dorm C,Room 106,15,Small,1,0.459310163637762,0.529961967843851,0.4728678990349605,1,0,1,1,1,1,0,0,1,0.1483,0.073697,0.208801,Normal
2024-03-26 10:00:00,Dorm C,Room 102,22,Medium,2,0.4806184977825755,0.1784884948199362,0.5607443233676858,1,0,1,1,1,1,0,0,0,0.1311,0.068013,0.178191,Normal
2024-03-26 10:30:00,Dorm C,Room 108,20,Medium,1,0.6635433100324084,0.434195143378187,0.4345991875741448,1,0,1,1,0,1,0,0,0,0.1195,0.06221,0.217412,Normal
2024-03-26 11:00:00,Dorm B,Room 105,19,Medium,3,0.6247879500904207,0.6437515616128546,0.5194183351927233,1,0,1,1,0,1,0,1,0,0.304,0.210859,0.258865,Normal
2024-03-26 11:30:00,Dorm C,Room 103,22,Medium,2,0.7113433040529569,0.4338521623227192,0.5948766951915745,1,0,0,1,0,1,0,0,0,0.0837,0.031361,0.231835,Normal
2024-03-26 12:00:00,Dorm A,Room 108,15,Small,1,0.3934502530636138,0.387731863422011,0.3845257726324913,1,0,1,1,1,1,0,0,0,0.1391,0.073543,0.171667,Normal
2024-03-26 12:30:00,Dorm A,Room 103,17,Medium,2,0.4803368566237131,0.8308144146964485,0.4917088880658069,1,0,0,1,1,1,0,0,1,0.1084,0.034936,0.267786,Normal
2024-03-26 13:00:00,Dorm B,Room 104,25,Medium,3,0.628250680056147,0.7634160109564578,0.2361613145696935,1,0,1,1,0,0,0,1,0,0.3196,0.19664,0.321483,Normal
2024-03-26 13:30:00,Dorm A,Room 101,20,Medium,2,0.5865268373807803,0.5647968107674588,0.5469258538661499,1,0,1,1,0,1,0,0,0,0.1171,0.070251,0.236214,Normal
2024-03-26 14:00:00,Dorm A,Room 105,18,Medium,1,0.7320423075360668,0.663457509896177,0.6971466680086043,0,0,1,1,0,0,0,0,0,0.0849,0.058488,0.276102,Normal
2024-03-26 14:30:00,Dorm B,Room 104,25,Medium,3,0.5828306956895913,0.1689536987322473,0.3133527619371455,1,1,0,1,0,1,0,0,1,0.7417,0.511071,0.313807,Normal
2024-03-26 15:00:00,Dorm C,Room 106,15,Small,1,0.7744137239787453,0.3803411894178994,0.4516840412406325,1,1,1,1,0,0,0,0,0,0.7185,0.460403,0.208867,Normal
2024-03-26 15:30:00,Dorm C,Room 107,21,Medium,2,0.5988652941373919,0.427015310056384,0.5682777997471073,1,0,1,1,0,1,0,0,0,0.1239,0.072664,0.226588,Normal
2024-03-26 16:00:00,Dorm C,Room 103,22,Medium,2,0.668938805295953,0.4614011036736309,0.4664161304208395,1,0,0,1,0,1,0,0,1,0.0979,0.082504,0.231387,Normal
2024-03-26 16:30:00,Dorm B,Room 105,19,Medium,3,0.4829774980477727,0.4240781099076934,0.4824538877561588,1,1,0,1,0,1,0,0,1,0.7506,0.501628,0.261998,Normal
2024-03-26 17:00:00,Dorm A,Room 105,18,Medium,1,0.5283112132427762,0.121324722328601,0.4157390308653172,1,0,1,1,1,1,0,1,0,0.3152,0.173351,0.27684,Normal
2024-03-26 17:30:00,Dorm B,Room 103,12,Small,1,0.6486443749013391,0.5528120332413036,0.4112818307305781,0,0,0,1,0,0,0,0,0,0.0655,0.061793,0.200452,Normal
2024-03-26 18:00:00,Dorm B,Room 106,24,Medium,2,0.742858689471541,0.5759775488557859,0.4522463505887172,1,1,1,1,1,1,1,1,1,1.6697,0.986407,0.20446,Abnormal
2024-03-26 18:30:00,Dorm B,Room 108,20,Medium,3,0.6242588765229842,0.7314990837409228,0.4676462903867135,1,1,1,1,0,1,1,0,1,1.5336,0.995444,0.243939,Abnormal
2024-03-26 19:00:00,Dorm C,Room 107,21,Medium,2,0.5152320256110485,0.3802298182213462,0.3209102079981307,1,0,1,1,1,1,0,0,0,0.1386,0.104522,0.226824,Normal
2024-03-26 19:30:00,Dorm A,Room 105,18,Medium,1,0.7112349157017331,0.3682004232073028,0.4547263779273763,0,0,0,1,0,1,0,1,1,0.2741,0.164297,0.26075,Normal
2024-03-26 20:00:00,Dorm C,Room 101,21,Medium,1,0.2322259871860466,0.1022258328447007,0.6508230548910627,1,0,1,1,0,1,0,0,1,0.1292,0.093336,0.231073,Normal
2024-03-26 20:30:00,Dorm B,Room 105,19,Medium,3,0.3355271692242233,0.4529380533504216,0.4123637698141003,0,1,1,1,1,1,1,0,1,1.4697,0.977727,0.259324,Abnormal
2024-03-26 21:00:00,Dorm C,Room 104,13,Small,2,0.6178704969599781,0.6285101670153495,0.3142142699085917,1,0,1,1,1,1,0,0,0,0.139,0.099131,0.245624,Normal
2024-03-26 21:30:00,Dorm C,Room 108,20,Medium,1,0.528287210464752,0.4061746595725931,0.4444817020078191,1,0,1,1,0,1,0,0,1,0.1196,0.077551,0.217444,Normal
2024-03-26 22:00:00,Dorm C,Room 108,20,Medium,1,0.6076549661599295,0.8110856597406544,0.3769153322456525,0,0,1,1,1,1,0,0,1,0.1306,0.077929,0.217087,Normal
2024-03-26 22:30:00,Dorm C,Room 101,21,Medium,1,0.5350374576599889,0.4583715249395161,0.3020869430978868,1,1,0,1,1,1,0,0,0,0.7624,0.496687,0.231218,Normal
2024-03-26 23:00:00,Dorm A,Room 102,15,Small,3,0.603015878292814,0.5176834123986314,0.4793429507393212,1,1,0,1,1,0,1,0,1,1.559,1.0,0.25625,Abnormal
2024-03-26 23:30:00,Dorm C,Room 102,22,Medium,2,0.4170993782341524,0.2957570875040659,0.377434892676786,0,0,1,1,1,1,0,0,1,0.1227,0.052337,0.170123,Normal
2024-03-27 00:00:00,Dorm C,Room 101,21,Medium,1,0.6029541979233972,0.5382915798850325,0.387700417867548,1,0,0,1,0,1,0,0,1,0.09,0.04941,0.240172,Normal
2024-03-27 00:30:00,Dorm B,Room 108,20,Medium,3,0.6598462300354544,0.2051967732893743,0.4810535845100764,1,0,1,1,0,1,0,1,0,0.3336,0.243418,0.263429,Normal
2024-03-27 01:00:00,Dorm A,Room 102,15,Small,3,0.6901941369066877,0.5980282589066261,0.2787129745525112,0,0,0,0,0,0,0,0,0,0.0,0.0,0.276239,Normal
2024-03-27 01:30:00,Dorm B,Room 104,25,Medium,3,0.796616794492062,0.6025444273670473,0.253711946968843,0,1,1,1,0,1,0,0,0,0.6673,0.459823,0.311331,Normal
2024-03-27 02:00:00,Dorm C,Room 104,13,Small,2,0.5591523332754842,0.6958450696571574,0.5431311231429261,0,0,1,1,0,1,0,0,0,0.1002,0.081447,0.243973,Normal
2024-03-27 02:30:00,Dorm B,Room 106,24,Medium,2,0.563153248746038,0.346184729117912,0.2310060663091818,0,0,0,0,0,1,0,0,0,0.0092,0.010649,0.222792,Normal
2024-03-27 03:00:00,Dorm A,Room 106,32,Large,3,0.3219810957771328,0.5196776595575021,0.3454755681079343,1,0,1,1,1,1,1,0,0,0.948,0.620375,0.279688,Normal
2024-03-27 03:30:00,Dorm A,Room 102,15,Small,3,0.4550773842981024,0.5789406559153567,0.2467213444020376,0,0,0,1,0,1,0,0,0,0.0672,0.055989,0.271765,Normal
2024-03-27 04:00:00,Dorm B,Room 107,14,Small,3,0.5004818465394606,0.5610796658058537,0.4043254999844977,1,0,1,1,1,1,0,0,0,0.1343,0.12383,0.313877,Normal
2024-03-27 04:30:00,Dorm B,Room 108,20,Medium,3,0.6673487944035849,0.3689152281297239,0.5140009420758125,0,0,1,0,1,1,0,0,0,0.0592,0.027058,0.266884,Normal
2024-03-27 05:00:00,Dorm C,Room 106,15,Small,1,0.4443962866788876,0.1445512112730286,0.4761241104652032,1,0,0,1,0,0,0,0,0,0.0737,0.026712,0.210018,Normal
2024-03-27 05:30:00,Dorm C,Room 105,11,Small,1,0.6332642407750698,0.5470710703997537,0.749598586440296,0,0,0,1,0,1,0,0,1,0.0729,0.071678,0.225833,Normal
2024-03-27 06:00:00,Dorm C,Room 101,21,Medium,1,0.5261762036493886,0.4736695360957559,0.5930435987875834,0,0,0,1,0,1,1,0,0,0.7512,0.481036,0.240185,Normal
2024-03-27 06:30:00,Dorm A,Room 101,20,Medium,2,0.5026175311747274,0.4128022351920569,0.3509365561569338,0,0,0,1,0,0,1,0,0,0.8514,0.548308,0.233677,Normal
2024-03-27 07:00:00,Dorm A,Room 108,15,Small,1,0.5597959022627788,0.6083519441581289,0.3190370367471939,1,1,0,1,1,1,0,1,0,0.9729,0.607088,0.172145,Abnormal
2024-03-27 07:30:00,Dorm C,Room 107,21,Medium,2,0.4738998854900105,0.4894797065603228,0.7873666961032015,1,0,1,1,1,1,0,0,0,0.1397,0.102999,0.227818,Normal
2024-03-27 08:00:00,Dorm A,Room 105,18,Medium,1,0.4688161973234546,0.3022098900705592,0.5901231105024178,1,1,0,1,1,1,0,0,0,0.6716,0.425928,0.263458,Normal
2024-03-27 08:30:00,Dorm B,Room 108,20,Medium,3,0.2976082141168437,0.21223146784015,0.5333533074811105,1,1,1,1,0,1,1,1,0,1.7012,1.0,0.265928,Abnormal
2024-03-27 09:00:00,Dorm A,Room 104,32,Large,3,0.4931178981445346,0.3301666949783789,0.4716269215392914,0,0,1,1,0,1,0,0,0,0.0981,0.05434,0.268291,Normal
2024-03-27 09:30:00,Dorm B,Room 107,14,Small,3,0.4619811704657209,0.8477625439294723,0.495461210860271,1,0,1,1,0,1,0,0,0,0.1236,0.07959,0.314864,Normal
2024-03-27 10:00:00,Dorm C,Room 106,15,Small,1,0.4571481759595801,0.6023017343209836,0.2848435687192548,1,0,1,1,1,0,0,0,0,0.1334,0.111142,0.200851,Normal
2024-03-27 10:30:00,Dorm B,Room 104,25,Medium,3,0.5823390275391302,0.523799970769135,0.4814868887300295,1,0,1,1,1,1,0,0,0,0.1367,0.103783,0.316122,Normal
2024-03-27 11:00:00,Dorm A,Room 105,18,Medium,1,0.6147835468915519,0.4693839466270952,0.4711925825899221,1,0,0,1,1,0,0,0,0,0.09,0.081566,0.26066,Normal
2024-03-27 11:30:00,Dorm A,Room 103,17,Medium,2,0.5575548012285966,0.4597238520665336,0.3541780099478066,1,0,1,1,0,0,0,1,1,0.3077,0.204214,0.267196,Normal
2024-03-27 12:00:00,Dorm A,Room 103,17,Medium,2,0.6599805208797138,0.667614378909501,0.3980403052432651,1,0,1,1,0,0,0,0,0,0.1116,0.0664,0.269917,Normal
2024-03-27 12:30:00,Dorm B,Room 103,12,Small,1,0.6036353856178146,0.423982331830296,0.6444217827414032,1,0,1,1,1,1,0,1,1,0.3333,0.194715,0.200969,Normal
2024-03-27 13:00:00,Dorm A,Room 102,15,Small,3,0.4867967193007301,0.580866421418738,0.4476298364854534,1,1,1,1,0,1,0,1,0,0.9433,0.63383,0.271311,Normal
2024-03-27 13:30:00,Dorm A,Room 101,20,Medium,2,0.4642776158479682,0.4448755656251726,0.7111241527469919,1,0,1,1,1,1,0,1,0,0.3309,0.231991,0.243659,Normal
2024-03-27 14:00:00,Dorm C,Room 104,13,Small,2,0.5683752017238448,0.7812100629934278,0.253818745370919,1,0,1,1,0,0,0,0,0,0.1156,0.077332,0.235679,Normal
2024-03-27 14:30:00,Dorm B,Room 106,24,Medium,2,0.6033945177842602,0.605169213714013,0.400007355432261,1,0,1,1,0,0,0,0,1,0.1122,0.052062,0.220304,Normal
2024-03-27 15:00:00,Dorm B,Room 103,12,Small,1,0.7139873011478425,0.6791304273102134,0.2770209315705052,1,0,1,1,0,0,0,1,1,0.3133,0.184693,0.203607,Normal
2024-03-27 15:30:00,Dorm A,Room 101,20,Medium,2,0.6862516106135513,0.4101952532100919,0.3175533214287604,1,0,1,1,1,1,1,0,1,0.961,0.674857,0.246294,Abnormal
2024-03-27 16:00:00,Dorm C,Room 105,11,Small,1,0.4537270970353178,0.6515867445750607,0.3632876621164704,1,0,1,1,1,1,0,0,0,0.1452,0.076532,0.226253,Normal
2024-03-27 16:30:00,Dorm B,Room 101,14,Small,4,0.5127043975058615,0.4501442231027054,0.5004744988371577,1,0,1,1,1,1,0,1,0,0.3429,0.248091,0.295283,Normal
2024-03-27 17:00:00,Dorm B,Room 105,19,Medium,3,0.6164457526483119,0.5122520776995252,0.4946579682399743,1,0,1,1,0,1,0,1,1,0.3143,0.23052,0.270063,Normal
2024-03-27 17:30:00,Dorm B,Room 104,25,Medium,3,0.6697212471313626,0.7363707024933046,0.3811529501186148,0,1,1,1,0,0,0,0,0,0.6628,0.456569,0.30539,Normal
2024-03-27 18:00:00,Dorm B,Room 102,14,Small,2,0.6524053938182511,0.3428330687579867,0.1953792416868723,1,0,1,1,1,0,0,0,1,0.1311,0.051246,0.329046,Normal
2024-03-27 18:30:00,Dorm A,Room 103,17,Medium,2,0.5178213102495638,0.5259508138503421,0.6399249076680548,1,1,1,1,1,0,1,1,0,1.7815,0.981558,0.269808,Abnormal
2024-03-27 19:00:00,Dorm B,Room 108,20,Medium,3,0.3581015307635402,0.5604512013541934,0.4283639766735146,0,0,0,1,1,0,0,0,1,0.0813,0.039921,0.284629,Normal
2024-03-27 19:30:00,Dorm B,Room 104,25,Medium,3,0.3923346115709984,0.5725019395234396,0.3287263446668768,1,1,0,1,1,1,0,0,0,0.726,0.464689,0.31281,Normal
2024-03-27 20:00:00,Dorm A,Room 107,25,Medium,3,0.5629817959958751,0.4298330644021549,0.4956302733554459,1,1,1,1,1,1,0,0,0,0.7811,0.55703,0.242157,Normal
2024-03-27 20:30:00,Dorm B,Room 107,14,Small,3,0.5723211882358034,0.802682278843595,0.4871741576646228,0,1,1,1,0,1,0,0,1,0.6678,0.470523,0.302883,Normal
2024-03-27 21:00:00,Dorm B,Room 102,14,Small,2,0.378948904845273,0.3057756486992921,0.4239356966718942,1,0,1,1,0,1,0,0,1,0.1304,0.101789,0.328979,Normal
2024-03-27 21:30:00,Dorm A,Room 104,32,Large,3,0.5323751708484301,0.7104815773851203,0.4804661706192482,0,0,0,1,1,1,0,1,1,0.3024,0.193037,0.267952,Normal
2024-03-27 22:00:00,Dorm C,Room 106,15,Small,1,0.6111053935371636,0.6746493845013983,0.3240787700809964,1,1,1,1,0,1,0,0,0,0.704,0.438234,0.201599,Normal
2024-03-27 22:30:00,Dorm A,Room 105,18,Medium,1,0.3718969557996675,0.7754391904275757,0.553813275436646,1,1,1,1,1,1,0,0,1,0.7226,0.45392,0.260704,Normal
2024-03-27 23:00:00,Dorm A,Room 101,20,Medium,2,0.6746866426903099,0.2626724577843084,0.3430534581744505,1,0,0,1,1,1,0,0,1,0.1093,0.046131,0.258275,Normal
2024-03-27 23:30:00,Dorm B,Room 105,19,Medium,3,0.4757284173525724,0.3683961278042296,0.3899971732372419,1,0,1,1,1,1,0,0,1,0.1517,0.130403,0.273273,Normal
2024-03-28 00:00:00,Dorm B,Room 103,12,Small,1,0.6951679985834951,0.715339791972611,0.5404833533183796,0,0,0,0,1,0,0,0,1,0.0254,0.033425,0.206515,Normal
2024-03-28 00:30:00,Dorm B,Room 101,14,Small,4,0.4548034720867052,0.2202281197330933,0.6070852177402234,1,1,1,1,1,1,0,0,1,0.7734,0.552422,0.289739,Normal
2024-03-28 01:00:00,Dorm A,Room 102,15,Small,3,0.3886186789099823,0.2599930793940406,0.6528914026733287,1,0,0,1,0,1,0,0,1,0.0967,0.055376,0.282257,Normal
2024-03-28 01:30:00,Dorm A,Room 102,15,Small,3,0.4649109546515314,0.4243185738313528,0.5893104657764058,0,0,1,1,0,1,0,0,1,0.1011,0.048495,0.279052,Normal
2024-03-28 02:00:00,Dorm C,Room 106,15,Small,1,0.5136247756931714,0.5242969142368854,0.423768253138832,0,0,0,1,0,0,0,0,0,0.0583,0.04617,0.209955,Normal
2024-03-28 02:30:00,Dorm B,Room 103,12,Small,1,0.4742590724304953,0.7300774167914694,0.2777701982529617,1,0,0,1,1,1,0,0,0,0.1142,0.093152,0.195512,Normal
2024-03-28 03:00:00,Dorm C,Room 102,22,Medium,2,0.4974060249427879,0.4688541511585106,0.6312106566144928,0,0,0,1,1,1,0,0,0,0.0911,0.064649,0.169649,Normal
2024-03-28 03:30:00,Dorm A,Room 104,32,Large,3,0.5712126222897854,0.406693245733632,0.6270885567630028,1,0,0,1,1,1,0,0,0,0.1097,0.084952,0.271103,Normal
2024-03-28 04:00:00,Dorm B,Room 107,14,Small,3,0.5034212325948373,0.541843586577589,0.3820304261838129,0,1,0,1,1,1,1,0,1,1.4222,0.977269,0.300627,Abnormal
2024-03-28 04:30:00,Dorm B,Room 108,20,Medium,3,0.5175214277448777,0.565093904442012,0.5731614821066043,1,1,1,1,0,1,0,0,0,0.677,0.463999,0.281445,Normal
2024-03-28 05:00:00,Dorm A,Room 105,18,Medium,1,0.2970122911527033,0.5609265586332923,0.422795828037264,1,0,1,1,1,1,1,0,1,0.8211,0.500588,0.269616,Normal
2024-03-28 05:30:00,Dorm B,Room 101,14,Small,4,0.578960486690967,0.4699239899605791,0.6427542670156077,0,1,0,1,1,1,0,1,0,0.8954,0.666338,0.291649,Normal
2024-03-28 06:00:00,Dorm A,Room 106,32,Large,3,0.5144225829717853,0.2087581985301794,0.4008789958921544,1,0,0,1,0,1,0,0,1,0.097,0.074672,0.290955,Normal
2024-03-28 06:30:00,Dorm A,Room 107,25,Medium,3,0.74249833166868,0.3612266699549565,0.7000245829999749,1,0,1,1,0,1,1,0,0,0.8705,0.613853,0.252666,Normal
2024-03-28 07:00:00,Dorm A,Room 106,32,Large,3,0.4003023447844841,0.7048067500639354,0.5569573977456076,1,0,0,1,1,1,1,1,1,0.9904,0.651913,0.291219,Normal
2024-03-28 07:30:00,Dorm C,Room 107,21,Medium,2,0.283717045666044,0.5235731493476781,0.6782973535510705,0,1,0,0,0,1,0,0,1,0.5934,0.385863,0.228887,Normal
2024-03-28 08:00:00,Dorm A,Room 102,15,Small,3,0.6093398507986872,0.4486827330676193,0.4070055198422916,0,1,0,1,0,1,0,0,0,0.6224,0.43085,0.268021,Normal
2024-03-28 08:30:00,Dorm C,Room 107,21,Medium,2,0.5728984498088958,0.6604092190776312,0.511238149816404,0,0,1,1,0,0,0,1,0,0.2953,0.19511,0.23529,Normal
2024-03-28 09:00:00,Dorm C,Room 108,20,Medium,1,0.3910601431986037,0.3299971940595327,0.3463631612744232,0,0,0,1,0,1,0,0,0,0.0693,0.050582,0.209675,Normal
2024-03-28 09:30:00,Dorm C,Room 104,13,Small,2,0.321098517751415,0.4629635963531734,0.5638998709186467,0,1,0,1,0,1,0,0,1,0.6247,0.395646,0.226372,Normal
2024-03-28 10:00:00,Dorm C,Room 103,22,Medium,2,0.7327155113333125,0.5163263849524993,0.5705044594464659,1,0,1,1,0,1,0,0,0,0.1183,0.085059,0.231988,Normal
2024-03-28 10:30:00,Dorm B,Room 102,14,Small,2,0.7161702416093444,0.4312155325051253,0.7502164922311292,1,0,0,0,1,1,0,0,0,0.0469,0.034288,0.330506,Normal
2024-03-28 11:00:00,Dorm C,Room 101,21,Medium,1,0.1925722437210767,0.5108894477880952,0.5204770156562399,0,1,1,1,0,1,0,0,0,0.7049,0.41168,0.240499,Normal
2024-03-28 11:30:00,Dorm C,Room 101,21,Medium,1,0.4648994079925621,0.4684973254975249,0.5495161349700077,0,0,0,1,0,1,0,0,0,0.0753,0.059626,0.247499,Normal
2024-03-28 12:00:00,Dorm B,Room 102,14,Small,2,0.7497316936260717,0.2904311968861331,0.4061617623042486,0,0,1,1,0,0,0,1,1,0.2807,0.14967,0.330905,Normal
2024-03-28 12:30:00,Dorm C,Room 107,21,Medium,2,0.462505308119463,0.522751477709666,0.5275959483130632,0,0,1,0,0,1,0,0,0,0.0397,0.03446,0.235335,Normal
2024-03-28 13:00:00,Dorm B,Room 107,14,Small,3,0.4605527129026593,0.3008641993115604,0.4170716787810186,1,0,1,1,0,1,0,1,1,0.3231,0.203135,0.320987,Normal
2024-03-28 13:30:00,Dorm B,Room 104,25,Medium,3,0.4884469824307491,0.5204202585050415,0.4765467398446273,0,0,1,1,0,0,0,0,0,0.0941,0.081121,0.320685,Normal
2024-03-28 14:00:00,Dorm C,Room 102,22,Medium,2,0.3759672591097396,0.6980266292940753,0.4835835327339668,0,1,1,1,0,1,0,0,0,0.7393,0.44392,0.16948,Normal
2024-03-28 14:30:00,Dorm C,Room 104,13,Small,2,0.2976095778184928,0.4547814890954104,0.4203811945998851,1,0,1,1,0,0,0,0,0,0.1068,0.059373,0.232827,Normal
2024-03-28 15:00:00,Dorm C,Room 105,11,Small,1,0.6676477639775928,0.3239178993340836,0.4701984801247577,0,1,0,1,0,1,0,0,1,0.6722,0.431139,0.226373,Normal
2024-03-28 15:30:00,Dorm B,Room 103,12,Small,1,0.2790680776851079,0.4774188055761187,0.4176230627724957,1,0,1,1,0,1,0,0,0,0.1289,0.075129,0.192959,Normal
2024-03-28 16:00:00,Dorm C,Room 104,13,Small,2,0.5595781572815813,0.3738131953722877,0.4170908839192839,0,0,1,1,0,1,0,0,0,0.0989,0.05403,0.232406,Normal
2024-03-28 16:30:00,Dorm A,Room 106,32,Large,3,0.6453745558330151,0.583451272456436,0.5918137966167472,1,1,1,1,1,0,0,0,1,0.7786,0.556468,0.304215,Normal
2024-03-28 17:00:00,Dorm A,Room 107,25,Medium,3,0.3316364128973708,0.4743324705797071,0.4836912628803336,0,1,1,1,0,0,0,0,0,0.673,0.42698,0.264359,Normal
2024-03-28 17:30:00,Dorm C,Room 106,15,Small,1,0.402355200737757,0.7473510383710524,0.5042843242131775,1,0,1,1,0,1,0,0,0,0.1257,0.078119,0.201817,Normal
2024-03-28 18:00:00,Dorm C,Room 101,21,Medium,1,0.6892048784188929,0.6669962006268504,0.2878150313312899,1,0,1,1,0,1,0,0,1,0.125,0.069866,0.246846,Normal
2024-03-28 18:30:00,Dorm A,Room 107,25,Medium,3,0.5979089599615711,0.4735841768392225,0.5134490329967178,1,0,1,1,1,1,1,0,0,0.9208,0.645974,0.27095,Normal
2024-03-28 19:00:00,Dorm B,Room 108,20,Medium,3,0.4435528832873561,0.6012483553897172,0.5262815746358231,1,1,1,1,1,1,0,0,1,0.7961,0.528235,0.277931,Normal
2024-03-28 19:30:00,Dorm B,Room 106,24,Medium,2,0.6877380260543288,0.4382904340945283,0.4148585537789081,1,0,0,1,1,1,0,0,1,0.1146,0.076396,0.220177,Normal
2024-03-28 20:00:00,Dorm C,Room 103,22,Medium,2,0.6883133123360646,0.5010715272859314,0.7127867333874631,0,0,1,1,1,0,0,0,0,0.1139,0.071294,0.232694,Normal
2024-03-28 20:30:00,Dorm A,Room 101,20,Medium,2,0.5625012427223662,0.4429641443628909,0.1880097971762289,1,0,1,1,0,1,0,1,0,0.3067,0.199788,0.257481,Normal
2024-03-28 21:00:00,Dorm C,Room 103,22,Medium,2,0.4055905652807184,0.6087209058716263,0.5567470419984751,0,0,0,1,0,1,0,0,1,0.0761,0.050974,0.232884,Normal
2024-03-28 21:30:00,Dorm A,Room 103,17,Medium,2,0.4709082107224595,0.706675691341013,0.5481617528339636,1,0,0,1,0,1,0,0,1,0.0942,0.061494,0.279124,Normal
2024-03-28 22:00:00,Dorm A,Room 103,17,Medium,2,0.5648275065081657,0.6134519363143267,0.5276203692057823,1,0,1,1,1,1,0,0,0,0.1393,0.090312,0.271036,Normal
2024-03-28 22:30:00,Dorm A,Room 102,15,Small,3,0.5010840436398452,0.6315706199683448,0.4837871260783393,1,0,0,1,0,0,0,0,0,0.0739,0.039771,0.276997,Normal
2024-03-28 23:00:00,Dorm C,Room 101,21,Medium,1,0.6524037444129717,0.6317318129480343,0.5287116576390153,0,0,0,0,0,1,0,0,1,0.0152,0.013105,0.247747,Normal
2024-03-28 23:30:00,Dorm A,Room 102,15,Small,3,0.3210951459127924,0.5770947221524392,0.5668014778671053,1,0,0,1,0,1,0,1,1,0.285,0.171228,0.275772,Normal
2024-03-29 00:00:00,Dorm C,Room 102,22,Medium,2,0.3258607318218672,0.3286496239389588,0.3755627047631332,0,0,1,1,0,1,0,0,1,0.1055,0.072409,0.177955,Normal
2024-03-29 00:30:00,Dorm B,Room 104,25,Medium,3,0.5506671007546766,0.7460589896219063,0.4985413115383252,0,0,1,1,0,1,1,0,1,0.8422,0.576313,0.320841,Normal
2024-03-29 01:00:00,Dorm A,Room 105,18,Medium,1,0.4604276125396686,0.7612606158560822,0.440654585610734,0,0,1,0,0,1,0,0,1,0.0473,0.0,0.278904,Normal
2024-03-29 01:30:00,Dorm A,Room 106,32,Large,3,0.4422426818242286,0.461709796269812,0.3314282676812897,0,0,0,1,1,1,0,0,1,0.0931,0.065672,0.303794,Normal
2024-03-29 02:00:00,Dorm C,Room 101,21,Medium,1,0.2891171463112808,0.4416027316133487,0.5486854395744958,0,0,0,1,0,1,0,0,0,0.0725,0.068958,0.246198,Normal
2024-03-29 02:30:00,Dorm B,Room 103,12,Small,1,0.5290169321398572,0.5860822780709201,0.3949410194910175,0,0,0,1,0,1,0,0,0,0.0738,0.044316,0.19076,Normal
2024-03-29 03:00:00,Dorm C,Room 101,21,Medium,1,0.5193140018346311,0.5770296052695174,0.2829498039969819,1,0,1,1,0,1,0,0,1,0.1218,0.07817,0.237816,Normal
2024-03-29 03:30:00,Dorm B,Room 102,14,Small,2,0.6140920080531569,0.4664028058179086,0.3979702182699501,1,0,1,1,0,1,0,0,0,0.1194,0.067989,0.324572,Normal
2024-03-29 04:00:00,Dorm B,Room 101,14,Small,4,0.5356411800771386,0.3123751488141308,0.3668035819387618,1,1,0,1,0,1,0,0,0,0.7397,0.563893,0.303958,Normal
2024-03-29 04:30:00,Dorm C,Room 102,22,Medium,2,0.5085981127185548,0.5410075581170728,0.5860329945088181,0,0,0,1,0,0,0,1,0,0.2709,0.209652,0.16895,Normal
2024-03-29 05:00:00,Dorm A,Room 104,32,Large,3,0.6843496455188903,0.5771212657805482,0.4810254829009142,0,0,1,1,1,1,0,0,1,0.1263,0.114077,0.271246,Normal
2024-03-29 05:30:00,Dorm C,Room 104,13,Small,2,0.3502581434552487,0.6027491410031516,0.6284906098438708,1,0,0,1,1,1,0,0,0,0.1046,0.097941,0.231999,Normal
2024-03-29 06:00:00,Dorm A,Room 104,32,Large,3,0.5983783311668449,0.5474138551807317,0.3826806509336612,0,1,0,1,0,1,0,1,0,0.9302,0.627779,0.269587,Normal
2024-03-29 06:30:00,Dorm C,Room 107,21,Medium,2,0.3021225994297924,0.4562375937451859,0.5675206214587553,1,0,0,1,0,1,1,1,0,1.0917,0.66977,0.226677,Abnormal
2024-03-29 07:00:00,Dorm B,Room 108,20,Medium,3,0.4138840253137537,0.6421614861006046,0.8033148238041776,1,0,0,1,0,1,0,0,1,0.0873,0.101186,0.287901,Normal
2024-03-29 07:30:00,Dorm C,Room 101,21,Medium,1,0.3636528650153231,0.505758375878218,0.5053599931478683,0,0,1,1,1,1,0,0,0,0.1183,0.069301,0.229815,Normal
2024-03-29 08:00:00,Dorm A,Room 108,15,Small,1,0.6313320700180396,0.4277552419426156,0.5660184835798806,1,1,1,1,1,0,1,0,0,1.5877,0.986703,0.171464,Abnormal
2024-03-29 08:30:00,Dorm A,Room 105,18,Medium,1,0.5176156590480565,0.4695320172690598,0.5458478863286161,1,1,0,1,1,0,0,1,0,0.897,0.562635,0.27744,Normal
2024-03-29 09:00:00,Dorm C,Room 105,11,Small,1,0.5245816792337812,0.2394904201083512,0.292041485940117,0,1,0,1,0,1,0,0,0,0.6872,0.409356,0.23402,Normal
2024-03-29 09:30:00,Dorm C,Room 105,11,Small,1,0.3778680939405052,0.4692985769625437,0.5329271390415764,1,0,1,1,0,0,0,0,0,0.1122,0.072121,0.231471,Normal
2024-03-29 10:00:00,Dorm C,Room 104,13,Small,2,0.4861743836825287,0.5972550289563086,0.4994123731036249,1,0,1,1,1,0,0,0,1,0.1316,0.072835,0.213254,Normal
2024-03-29 10:30:00,Dorm A,Room 106,32,Large,3,0.4239352934590074,0.5460162852225876,0.4314852601957384,0,1,1,1,0,0,0,1,0,0.8612,0.592785,0.302946,Normal
2024-03-29 11:00:00,Dorm B,Room 105,19,Medium,3,0.5778542596963178,0.7195606984035094,0.3565896908758973,1,0,1,1,0,0,0,1,1,0.3201,0.206859,0.274876,Normal
2024-03-29 11:30:00,Dorm C,Room 103,22,Medium,2,0.3933874583575092,0.4574338971934712,0.5459037412094595,1,1,1,0,0,1,0,1,1,0.8825,0.546329,0.232251,Normal
2024-03-29 12:00:00,Dorm B,Room 106,24,Medium,2,0.7048548648900167,0.5676975794943939,0.3459883119651358,1,0,0,1,1,1,0,0,0,0.1146,0.062389,0.208311,Normal
2024-03-29 12:30:00,Dorm A,Room 105,18,Medium,1,0.3015276438717911,0.6125836814926406,0.718619156657357,1,1,1,1,0,0,0,0,1,0.7195,0.437358,0.287631,Normal
2024-03-29 13:00:00,Dorm C,Room 105,11,Small,1,0.4181572908259893,0.840391633017922,0.4763437905845917,1,1,0,1,0,0,0,0,1,0.7298,0.43658,0.232154,Normal
2024-03-29 13:30:00,Dorm B,Room 101,14,Small,4,0.7514774539393901,0.5173561588779478,0.3158875951708418,1,1,1,1,1,1,0,0,1,0.7222,0.544442,0.314895,Normal
2024-03-29 14:00:00,Dorm A,Room 106,32,Large,3,0.4679973640204625,0.3426255407588064,0.4009831753998445,0,0,1,1,1,1,0,0,1,0.12,0.080726,0.314463,Normal
2024-03-29 14:30:00,Dorm B,Room 108,20,Medium,3,0.3499345340643665,0.6206942938193076,0.429279388436125,1,0,1,0,0,0,0,1,0,0.2365,0.166609,0.276926,Normal
2024-03-29 15:00:00,Dorm B,Room 103,12,Small,1,0.5557936765447338,0.7702718030385276,0.7520583505683713,1,0,1,1,0,1,0,0,0,0.1176,0.059075,0.183534,Normal
2024-03-29 15:30:00,Dorm C,Room 104,13,Small,2,0.4625952657886452,0.4486788251889667,0.3565233990776714,1,1,0,1,0,1,0,0,0,0.6951,0.446212,0.20486,Normal
2024-03-29 16:00:00,Dorm B,Room 103,12,Small,1,0.4142184062146173,0.6196880148515482,0.4487044811354835,0,0,1,1,0,1,0,0,0,0.1006,0.060987,0.18406,Normal
2024-03-29 16:30:00,Dorm C,Room 103,22,Medium,2,0.3793258194841093,0.676657242619233,0.398124053919236,1,0,1,1,1,1,0,0,0,0.1357,0.074427,0.233539,Normal
2024-03-29 17:00:00,Dorm C,Room 106,15,Small,1,0.8979150330895157,0.6455509401072377,0.5225427311931228,1,0,0,1,0,1,1,1,1,0.995,0.641554,0.202007,Abnormal
2024-03-29 17:30:00,Dorm B,Room 102,14,Small,2,0.4926350806754365,0.5145334682964771,0.4000369605810027,0,1,1,1,0,1,0,0,0,0.7661,0.502587,0.315027,Normal
2024-03-29 18:00:00,Dorm C,Room 104,13,Small,2,0.2679789079571874,0.3934322054878087,0.3259950620520022,1,0,1,1,1,0,0,0,1,0.1359,0.059882,0.204505,Normal
2024-03-29 18:30:00,Dorm C,Room 102,22,Medium,2,0.7268526336666226,0.4841361742583972,0.4392176237182846,0,0,0,1,1,1,1,0,1,0.8927,0.590854,0.171188,Normal
2024-03-29 19:00:00,Dorm B,Room 102,14,Small,2,0.6084007605932128,0.5634779082250405,0.4267288985875801,1,0,1,0,0,0,0,1,1,0.2481,0.161543,0.319723,Normal
2024-03-29 19:30:00,Dorm A,Room 107,25,Medium,3,0.4235325362077337,0.629555174572177,0.3915957986700813,1,0,1,1,0,1,0,0,1,0.133,0.069996,0.282553,Normal
2024-03-29 20:00:00,Dorm A,Room 104,32,Large,3,0.4011674212276599,0.5451583260658999,0.3980062452942119,0,0,1,1,1,0,0,0,1,0.1173,0.047621,0.273805,Normal
2024-03-29 20:30:00,Dorm C,Room 105,11,Small,1,0.616775217309343,0.4402492059420153,0.6047742273330676,1,0,1,1,1,1,1,0,0,0.935,0.586019,0.236716,Abnormal
2024-03-29 21:00:00,Dorm B,Room 104,25,Medium,3,0.4932569152596322,0.5777007534745062,0.4242879568807268,1,1,1,1,0,1,0,0,1,0.7429,0.489517,0.319269,Normal
2024-03-29 21:30:00,Dorm C,Room 103,22,Medium,2,0.2679238236698862,0.6224808075978736,0.3265863916138355,1,1,0,1,1,1,0,0,1,0.7091,0.419478,0.233696,Normal
2024-03-29 22:00:00,Dorm C,Room 108,20,Medium,1,0.7662449655398557,0.5518693376547539,0.4072072250792774,0,0,1,0,1,1,0,0,1,0.0616,0.026904,0.208805,Normal
2024-03-29 22:30:00,Dorm A,Room 105,18,Medium,1,0.4681514662298159,0.3731936034967546,0.4691656112116886,0,1,0,1,1,1,0,0,0,0.6894,0.427861,0.293944,Normal
2024-03-29 23:00:00,Dorm B,Room 102,14,Small,2,0.7271025147122905,0.4694214060817223,0.3023355423203569,0,0,1,1,0,1,0,0,0,0.1021,0.074227,0.314117,Normal
2024-03-29 23:30:00,Dorm C,Room 101,21,Medium,1,0.6979623312556811,0.6353746047977273,0.6577145790768516,0,0,1,1,0,1,0,0,0,0.1017,0.06093,0.230083,Normal
2024-03-30 00:00:00,Dorm A,Room 106,32,Large,3,0.3920563883092288,0.292830383313538,0.5667299758648603,0,1,1,1,1,1,0,0,1,0.6798,0.472091,0.314377,Normal
2024-03-30 00:30:00,Dorm B,Room 106,24,Medium,2,0.6650499565385527,0.1884639638361162,0.6342239467365336,0,1,1,1,1,0,0,0,1,0.6642,0.450931,0.199136,Normal
2024-03-30 01:00:00,Dorm B,Room 102,14,Small,2,0.4389689676666364,0.7177117246204503,0.5096903672577728,1,0,1,1,0,1,0,0,1,0.1245,0.061792,0.30397,Normal
2024-03-30 01:30:00,Dorm C,Room 107,21,Medium,2,0.2758789449377942,0.5712396661846038,0.211467389666614,0,0,0,1,0,1,0,0,1,0.0797,0.041091,0.239162,Normal
2024-03-30 02:00:00,Dorm B,Room 105,19,Medium,3,0.4694119308827237,0.5852472925323304,0.6468400445061989,0,0,0,1,1,1,0,0,0,0.092,0.030268,0.274925,Normal
2024-03-30 02:30:00,Dorm C,Room 104,13,Small,2,0.5797575773820781,0.337830207561789,0.3590452260863906,0,0,0,1,0,1,0,0,0,0.0663,0.063722,0.204941,Normal
2024-03-30 03:00:00,Dorm B,Room 103,12,Small,1,0.464293671465427,0.6044696103040779,0.3688085288682144,1,0,1,1,0,1,0,0,0,0.124,0.068947,0.176604,Normal
2024-03-30 03:30:00,Dorm C,Room 102,22,Medium,2,0.4851873489948446,0.5365322035983386,0.4814012274375179,0,0,0,1,1,1,0,0,0,0.0935,0.093152,0.179676,Normal
2024-03-30 04:00:00,Dorm B,Room 103,12,Small,1,0.6798626574217886,0.2632455383680342,0.6279923890823399,0,0,1,1,1,1,0,0,1,0.1232,0.071175,0.176357,Normal
2024-03-30 04:30:00,Dorm A,Room 106,32,Large,3,0.5406855432187923,0.7053964091353899,0.5890092100999801,0,0,0,1,0,1,0,1,0,0.2808,0.188874,0.306612,Normal
2024-03-30 05:00:00,Dorm C,Room 104,13,Small,2,0.4132215465101923,0.5194015485197672,0.5713729883223104,1,1,0,1,0,1,0,0,1,0.719,0.469384,0.204391,Normal
2024-03-30 05:30:00,Dorm A,Room 105,18,Medium,1,0.6206076937620513,0.4378719520197594,0.4252372940248581,1,0,1,1,0,1,0,0,0,0.1219,0.103177,0.301844,Normal
2024-03-30 06:00:00,Dorm B,Room 108,20,Medium,3,0.5529222917853354,0.4405311110773407,0.4233441202813349,1,0,0,1,0,1,0,0,0,0.0871,0.088608,0.270779,Normal
2024-03-30 06:30:00,Dorm C,Room 106,15,Small,1,0.18798950910841,0.1999205346873228,0.5041496460698309,1,1,0,1,0,1,1,1,1,1.668,0.985879,0.202304,Abnormal
2024-03-30 07:00:00,Dorm C,Room 104,13,Small,2,0.5838796461840507,0.5832789740075024,0.4470424758316677,0,0,1,1,0,1,0,0,0,0.0985,0.063325,0.213498,Normal
2024-03-30 07:30:00,Dorm B,Room 103,12,Small,1,0.5789780257753373,0.5345641676172754,0.5693379220271265,1,0,0,1,0,1,0,0,1,0.0936,0.049469,0.176881,Normal
2024-03-30 08:00:00,Dorm A,Room 102,15,Small,3,0.5290941364910572,0.4675587979506824,0.562235705015088,1,1,0,0,0,1,0,1,1,0.8646,0.618002,0.268267,Normal
2024-03-30 08:30:00,Dorm A,Room 105,18,Medium,1,0.6460618159734962,0.6839696430059226,0.5335898527950368,1,0,1,1,0,1,0,1,0,0.3208,0.212309,0.294631,Normal
2024-03-30 09:00:00,Dorm C,Room 103,22,Medium,2,0.4361572975662376,0.2927067575453292,0.1596089615287542,1,0,1,1,1,0,0,0,0,0.134,0.076808,0.232458,Normal
2024-03-30 09:30:00,Dorm B,Room 107,14,Small,3,0.5715527758564806,0.408378408384727,0.4780016811971084,0,1,1,1,0,0,0,0,1,0.6941,0.490611,0.314691,Normal
2024-03-30 10:00:00,Dorm C,Room 108,20,Medium,1,0.3161048065943217,0.3711624239257887,0.4495878616435144,1,0,0,0,0,0,0,0,1,0.0237,0.024254,0.208304,Normal
2024-03-30 10:30:00,Dorm A,Room 108,15,Small,1,0.5810261727188815,0.455108951938714,0.4828049242212907,1,0,1,1,0,0,0,1,0,0.3301,0.195914,0.190643,Normal
2024-03-30 11:00:00,Dorm C,Room 105,11,Small,1,0.7884983001116691,0.5059966784977861,0.3721511286597908,1,0,1,0,1,0,0,0,1,0.0727,0.038819,0.240597,Normal
2024-03-30 11:30:00,Dorm B,Room 101,14,Small,4,0.3928821588000395,0.559276721679334,0.3037132379400821,0,0,1,1,0,1,0,1,0,0.3142,0.202317,0.324508,Normal
2024-03-30 12:00:00,Dorm B,Room 106,24,Medium,2,0.4244268982671192,0.4450893211419919,0.518209436158961,0,0,0,1,0,1,0,0,0,0.0767,0.066415,0.207799,Normal
2024-03-30 12:30:00,Dorm B,Room 101,14,Small,4,0.4311083700282444,0.3671433891282075,0.4199017436056828,1,0,0,1,1,1,0,1,0,0.2992,0.202364,0.326758,Normal
2024-03-30 13:00:00,Dorm B,Room 108,20,Medium,3,0.5438398592719877,0.7438597696107494,0.5315925631069528,1,0,1,1,0,1,0,1,0,0.3312,0.208228,0.270645,Normal
2024-03-30 13:30:00,Dorm A,Room 103,17,Medium,2,0.3837322791634245,0.8505001331061095,0.3821578067629519,1,1,0,1,0,0,0,1,0,0.9066,0.600732,0.271613,Normal
2024-03-30 14:00:00,Dorm B,Room 107,14,Small,3,0.5829260693776863,0.5171388289491379,0.6325129309264554,1,0,1,1,0,1,0,0,0,0.1157,0.08428,0.323089,Normal
2024-03-30 14:30:00,Dorm C,Room 108,20,Medium,1,0.640041430296293,0.3848633616182196,0.58274413366613,1,0,0,1,0,1,0,0,0,0.0882,0.023156,0.208081,Normal
2024-03-30 15:00:00,Dorm B,Room 102,14,Small,2,0.5981042900200574,0.7129165495045489,0.4982571624027675,0,0,1,1,0,0,0,1,0,0.295,0.204564,0.295454,Normal
2024-03-30 15:30:00,Dorm A,Room 105,18,Medium,1,0.2890690071971705,0.283463141751683,0.4370589144813821,0,0,1,0,0,1,0,0,0,0.0457,0.0,0.287162,Normal
2024-03-30 16:00:00,Dorm B,Room 101,14,Small,4,0.6599473024980315,0.4468822739065022,0.5649099682741582,1,1,0,1,0,0,0,0,0,0.6486,0.458809,0.320658,Normal
2024-03-30 16:30:00,Dorm A,Room 107,25,Medium,3,0.6521903949547155,0.3937785513583938,0.5097407171809754,1,0,1,1,0,0,0,0,0,0.108,0.081516,0.281601,Normal
2024-03-30 17:00:00,Dorm B,Room 104,25,Medium,3,0.6378031329248635,0.325673737061986,0.4912697947532186,1,0,1,1,1,1,0,0,0,0.1348,0.099495,0.316587,Normal
2024-03-30 17:30:00,Dorm B,Room 105,19,Medium,3,0.5764300055643564,0.4549282986896947,0.5877589221833469,1,1,1,1,0,1,0,1,0,0.8593,0.578655,0.274502,Normal
2024-03-30 18:00:00,Dorm B,Room 108,20,Medium,3,0.5559436810205823,0.3690808828710436,0.6337876673476023,1,0,1,1,0,1,0,0,1,0.1264,0.066448,0.273438,Normal
2024-03-30 18:30:00,Dorm B,Room 106,24,Medium,2,0.6649425323925877,0.4979408852632283,0.3123959896488208,1,0,1,1,1,1,0,0,1,0.146,0.123704,0.207913,Normal
2024-03-30 19:00:00,Dorm A,Room 101,20,Medium,2,0.7845331407978187,0.5000751678360706,0.3366330548268493,0,0,1,1,1,0,1,0,1,0.8974,0.62763,0.249055,Abnormal
2024-03-30 19:30:00,Dorm A,Room 107,25,Medium,3,0.3984939334988147,0.4047691373479843,0.3690395921353029,1,1,1,1,1,1,0,0,0,0.78,0.518134,0.28178,Normal
2024-03-30 20:00:00,Dorm B,Room 104,25,Medium,3,0.6710803933838566,0.4416298546796994,0.2824020330168557,0,0,1,1,1,1,1,1,0,1.0688,0.742819,0.309227,Abnormal
2024-03-30 20:30:00,Dorm B,Room 108,20,Medium,3,0.5148233368524984,0.4621551838885063,0.4551190929715026,1,1,1,1,1,1,0,1,0,0.9746,0.652612,0.274367,Normal
2024-03-30 21:00:00,Dorm A,Room 103,17,Medium,2,0.5089914622105858,0.6150975930237119,0.5346426002755206,1,1,1,1,1,1,0,0,1,0.7431,0.478051,0.283496,Normal
2024-03-30 21:30:00,Dorm C,Room 103,22,Medium,2,0.3201883955030445,0.4742677113444598,0.4600774555211407,1,0,1,1,0,1,0,0,1,0.1163,0.073257,0.23161,Normal
2024-03-30 22:00:00,Dorm B,Room 104,25,Medium,3,0.4881745414421942,0.6172808103680802,0.3985687478459995,0,1,1,1,0,1,0,0,1,0.7094,0.492491,0.323968,Normal
2024-03-30 22:30:00,Dorm C,Room 101,21,Medium,1,0.3925589191966451,0.5821732898867082,0.5977874451177569,1,1,1,1,1,1,0,0,0,0.6992,0.399926,0.23007,Normal
2024-03-30 23:00:00,Dorm A,Room 103,17,Medium,2,0.4641436629847039,0.5800743394085268,0.4795094612311259,1,1,1,1,0,1,0,1,0,0.9408,0.613079,0.272622,Normal
2024-03-30 23:30:00,Dorm B,Room 102,14,Small,2,0.3790150650283752,0.7000414969837572,0.5037944526236582,0,0,1,1,0,1,0,0,0,0.1047,0.08963,0.299167,Normal
2024-03-31 00:00:00,Dorm A,Room 107,25,Medium,3,0.4661494512920908,0.3315734699138485,0.6011198405907507,0,0,1,1,1,1,0,0,1,0.1246,0.078544,0.290924,Normal
2024-03-31 00:30:00,Dorm C,Room 107,21,Medium,2,0.4718930312730592,0.4265413240068937,0.4478617350898572,0,0,1,1,1,1,0,0,1,0.1339,0.071061,0.238531,Normal
2024-03-31 01:00:00,Dorm C,Room 101,21,Medium,1,0.5393785419314906,0.7552187186753361,0.709809620560384,1,0,0,1,1,1,0,0,1,0.1115,0.085212,0.235959,Normal
2024-03-31 01:30:00,Dorm C,Room 107,21,Medium,2,0.3096912285337675,0.4582654677854192,0.4089229025161817,1,0,1,1,0,1,0,1,1,0.3149,0.181822,0.239928,Normal
2024-03-31 02:00:00,Dorm C,Room 104,13,Small,2,0.3324024580280729,0.082365532907639,0.7023396223542633,0,0,0,1,0,1,0,1,0,0.2557,0.141671,0.213333,Normal
2024-03-31 02:30:00,Dorm A,Room 104,32,Large,3,0.5749634493976475,0.4662525705382275,0.3457086102547084,0,0,0,1,0,1,0,0,1,0.069,0.019198,0.273163,Normal
2024-03-31 03:00:00,Dorm A,Room 101,20,Medium,2,0.4193760749226773,0.515912118022056,0.5247293433556875,0,1,0,1,0,1,0,0,0,0.705,0.459204,0.261054,Normal
2024-03-31 03:30:00,Dorm B,Room 103,12,Small,1,0.6705978560333773,0.1114655219956422,0.3855628030448279,1,0,0,1,1,0,0,0,0,0.0989,0.042915,0.176821,Normal
2024-03-31 04:00:00,Dorm C,Room 102,22,Medium,2,0.5566254817575491,0.6921187380701641,0.5969606592540979,1,1,0,1,0,1,0,0,0,0.732,0.452619,0.180022,Normal
2024-03-31 04:30:00,Dorm B,Room 108,20,Medium,3,0.6078225171964258,0.3911926979571765,0.4052737211250711,0,1,0,1,1,1,0,0,0,0.6905,0.477881,0.286504,Normal
2024-03-31 05:00:00,Dorm B,Room 108,20,Medium,3,0.715711529856482,0.5443673875613018,0.4975426345660667,0,1,1,1,0,1,0,1,0,0.8349,0.567744,0.292327,Normal
2024-03-31 05:30:00,Dorm B,Room 107,14,Small,3,0.4848300401572356,0.4628705090431296,0.3846018689585664,1,1,1,1,1,1,0,0,0,0.796,0.548292,0.306148,Normal
2024-03-31 06:00:00,Dorm A,Room 101,20,Medium,2,0.4492965936016555,0.3067427258122199,0.5750853275391967,0,0,1,0,1,1,1,0,1,0.7418,0.484932,0.266107,Normal
2024-03-31 06:30:00,Dorm B,Room 103,12,Small,1,0.6433780455834073,0.3387573658620768,0.3839769166632062,0,0,1,1,1,1,0,0,1,0.1258,0.079768,0.177322,Normal
2024-03-31 07:00:00,Dorm A,Room 107,25,Medium,3,0.5947715653293221,0.3586597107259775,0.6646052470937955,1,0,1,1,0,1,0,0,0,0.1263,0.07455,0.278893,Normal
2024-03-31 07:30:00,Dorm C,Room 104,13,Small,2,0.5012537446246402,0.6556334546625433,0.343157830079455,1,0,1,1,1,1,0,1,0,0.3238,0.221573,0.206694,Normal
2024-03-31 08:00:00,Dorm C,Room 108,20,Medium,1,0.7131302417280185,0.4743986856010581,0.3012128349655102,0,0,1,1,0,0,0,1,0,0.3015,0.169736,0.207536,Normal
2024-03-31 08:30:00,Dorm B,Room 101,14,Small,4,0.4979102367392408,0.4193868696300801,0.5768041175200623,1,1,1,0,0,1,0,0,0,0.6832,0.50189,0.328059,Normal
2024-03-31 09:00:00,Dorm B,Room 103,12,Small,1,0.5307921279879101,0.3587293594236309,0.3916678687646822,0,0,1,1,0,1,0,0,1,0.1124,0.065504,0.177542,Normal
2024-03-31 09:30:00,Dorm B,Room 102,14,Small,2,0.5292419628133627,0.6718695457128796,0.4617787392195673,0,0,1,1,1,1,0,0,0,0.118,0.074716,0.290421,Normal
2024-03-31 10:00:00,Dorm C,Room 105,11,Small,1,0.4009694993284598,0.7112628092218418,0.4239879206866653,1,0,1,1,0,1,0,0,0,0.1133,0.073886,0.239913,Normal
2024-03-31 10:30:00,Dorm B,Room 102,14,Small,2,0.5368059533803207,0.6701932520411231,0.3051741823702326,0,0,1,1,1,1,0,0,0,0.1202,0.097111,0.282694,Normal
2024-03-31 11:00:00,Dorm A,Room 107,25,Medium,3,0.7138418088152567,0.5684506376102116,0.453410112388967,1,1,1,1,0,1,0,1,1,0.9714,0.683924,0.280102,Abnormal
2024-03-31 11:30:00,Dorm A,Room 104,32,Large,3,0.586109465813293,0.5386751055948518,0.614398183435166,1,0,1,1,0,0,0,0,0,0.111,0.068866,0.268976,Normal
2024-03-31 12:00:00,Dorm A,Room 107,25,Medium,3,0.5305626142813857,0.3173847586048465,0.5829927295251643,1,0,1,1,0,1,0,0,1,0.1244,0.093065,0.290205,Normal
2024-03-31 12:30:00,Dorm B,Room 102,14,Small,2,0.5046843534317721,0.4599551424841754,0.4904550316031749,1,0,0,1,1,1,0,1,0,0.2893,0.204238,0.28327,Normal
2024-03-31 13:00:00,Dorm B,Room 105,19,Medium,3,0.5707968483117857,0.3955798397370488,0.5960851437680338,1,1,1,1,0,1,0,0,0,0.7058,0.499293,0.282257,Normal
2024-03-31 13:30:00,Dorm C,Room 107,21,Medium,2,0.6270139999141088,0.2278006268335212,0.335537197153207,1,0,1,1,0,1,0,0,0,0.1256,0.085563,0.231951,Normal
2024-03-31 14:00:00,Dorm C,Room 101,21,Medium,1,0.6081548926234223,0.6514261603917062,0.423602438034108,0,0,1,1,1,0,0,0,0,0.1057,0.069332,0.235912,Normal
2024-03-31 14:30:00,Dorm C,Room 108,20,Medium,1,0.4818569229996273,0.3938207448176867,0.5101314725390258,0,0,1,1,0,1,0,0,1,0.1031,0.068985,0.209638,Normal
2024-03-31 15:00:00,Dorm C,Room 104,13,Small,2,0.5699801710403587,0.6718389315002444,0.4470012080970854,0,0,1,1,0,0,0,0,0,0.0896,0.070998,0.208148,Normal
2024-03-31 15:30:00,Dorm C,Room 104,13,Small,2,0.5908027000488734,0.6256641959723133,0.433035750939206,1,1,0,1,0,1,0,0,0,0.6414,0.419033,0.207953,Normal
2024-03-31 16:00:00,Dorm A,Room 108,15,Small,1,0.3912262896668034,0.5778974354545829,0.3186064992993031,1,0,1,1,0,1,0,0,0,0.1148,0.072086,0.193298,Normal
2024-03-31 16:30:00,Dorm A,Room 104,32,Large,3,0.5489707113174856,0.5861517055926142,0.2129497388242587,1,1,1,1,1,1,0,0,0,0.7888,0.54165,0.26867,Normal
2024-03-31 17:00:00,Dorm C,Room 103,22,Medium,2,0.236342601749182,0.405653530127064,0.5607659312818443,1,1,0,1,1,1,0,0,1,0.664,0.393585,0.231557,Normal
2024-03-31 17:30:00,Dorm C,Room 107,21,Medium,2,0.5911508157551372,0.7691141549023552,0.491826139040773,0,1,1,1,1,1,0,0,0,0.6786,0.436317,0.232715,Normal
2024-03-31 18:00:00,Dorm A,Room 108,15,Small,1,0.6150131801204071,0.5024189532291312,0.5708591903817545,1,0,1,1,0,1,1,0,1,0.8448,0.545221,0.192699,Normal
2024-03-31 18:30:00,Dorm B,Room 104,25,Medium,3,0.626716004076806,0.5404535848046355,0.4101920660951686,1,0,1,1,1,1,0,0,0,0.1366,0.12379,0.332208,Normal
2024-03-31 19:00:00,Dorm B,Room 108,20,Medium,3,0.4733777754205784,0.400691739664313,0.377135467353865,1,1,1,1,1,1,0,0,1,0.6873,0.466395,0.302358,Normal
2024-03-31 19:30:00,Dorm A,Room 103,17,Medium,2,0.5678685353720666,0.3592354446742146,0.4634325508604763,1,1,0,1,0,1,0,0,1,0.6352,0.414116,0.265323,Normal
2024-03-31 20:00:00,Dorm A,Room 107,25,Medium,3,0.7174912526540613,0.5662254405295544,0.565124805956157,1,0,1,1,1,1,0,1,0,0.3243,0.218738,0.290497,Normal
2024-03-31 20:30:00,Dorm C,Room 101,21,Medium,1,0.7161245133193072,0.5280473362227358,0.4348798142857901,1,0,0,1,1,0,1,0,1,0.8797,0.523665,0.225774,Normal
2024-03-31 21:00:00,Dorm C,Room 104,13,Small,2,0.5224788075516699,0.380076522207644,0.5588366746564242,1,1,1,1,0,1,0,0,0,0.7526,0.513115,0.205723,Normal
2024-03-31 21:30:00,Dorm B,Room 108,20,Medium,3,0.5450908101773559,0.2846873904565039,0.3419208378617605,1,0,1,1,1,1,0,1,0,0.347,0.225451,0.308065,Normal
2024-03-31 22:00:00,Dorm B,Room 106,24,Medium,2,0.6754803054825366,0.3094509865369586,0.4432782812381727,1,1,0,1,1,1,0,0,1,0.752,0.474859,0.208927,Normal
2024-03-31 22:30:00,Dorm A,Room 101,20,Medium,2,0.3249832540929461,0.6718671201914896,0.4542354442130926,0,0,0,1,1,1,0,0,1,0.0878,0.060006,0.27194,Normal
2024-03-31 23:00:00,Dorm B,Room 107,14,Small,3,0.483036440104263,0.4059562813327151,0.6097762485940937,1,0,0,1,1,1,0,0,1,0.1092,0.073934,0.30665,Normal
2024-03-31 23:30:00,Dorm C,Room 103,22,Medium,2,0.7056300275919638,0.4462745544113819,0.4875559275553037,0,0,1,1,1,1,0,0,1,0.125,0.115419,0.229503,Normal
2024-04-01 00:00:00,Dorm B,Room 104,25,Medium,3,0.6572676751907501,0.7092257697635167,0.6721228498064133,1,0,1,0,0,1,0,1,1,0.2498,0.180803,0.330237,Normal
2024-04-01 00:30:00,Dorm B,Room 108,20,Medium,3,0.5759497677054408,0.3311679021326367,0.3009660721326359,0,0,1,1,0,1,0,0,1,0.1066,0.097016,0.300386,Normal
2024-04-01 01:00:00,Dorm A,Room 103,17,Medium,2,0.324308165835424,0.3892406982224666,0.4782332869910571,0,0,1,1,1,1,0,0,0,0.1195,0.086391,0.270272,Normal
2024-04-01 01:30:00,Dorm C,Room 101,21,Medium,1,0.5196957896588784,0.3831018097189775,0.4841692685998343,0,0,0,1,0,1,0,0,0,0.0694,0.034054,0.235639,Normal
2024-04-01 02:00:00,Dorm A,Room 102,15,Small,3,0.4472260328958216,0.733875410339746,0.5370391978656108,0,0,1,1,0,1,0,0,1,0.1039,0.107847,0.267642,Normal
2024-04-01 02:30:00,Dorm B,Room 102,14,Small,2,0.5708199141963319,0.7890323791474547,0.3650686999905611,0,0,0,1,1,1,0,0,0,0.085,0.080165,0.275873,Normal
2024-04-01 03:00:00,Dorm C,Room 106,15,Small,1,0.4177779216730246,0.6065322428901616,0.6647289948797735,1,0,0,1,0,1,0,0,1,0.0895,0.06335,0.221467,Normal
2024-04-01 03:30:00,Dorm A,Room 105,18,Medium,1,0.388739740884644,0.6112087874548096,0.4642022714467669,1,0,0,1,0,1,0,0,0,0.0907,0.071975,0.285409,Normal
2024-04-01 04:00:00,Dorm C,Room 101,21,Medium,1,0.2492848530188506,0.4107911497558823,0.3322321690410245,1,1,0,1,1,1,0,0,1,0.7318,0.441749,0.225518,Normal
2024-04-01 04:30:00,Dorm C,Room 108,20,Medium,1,0.6903624370536461,0.7822640516852779,0.4607244869759493,1,1,0,1,1,1,0,0,1,0.6877,0.439833,0.209401,Normal
2024-04-01 05:00:00,Dorm B,Room 107,14,Small,3,0.4727438510400276,0.5354222844599634,0.4250771984725121,0,1,0,1,0,1,0,0,0,0.7087,0.48737,0.296779,Normal
2024-04-01 05:30:00,Dorm B,Room 105,19,Medium,3,0.54748311502551,0.6214557779886813,0.7965500171348395,1,0,0,1,0,1,0,0,0,0.0864,0.090815,0.281915,Normal
2024-04-01 06:00:00,Dorm C,Room 103,22,Medium,2,0.5260934816206746,0.4805730281210151,0.5886080883147696,1,1,0,1,0,1,0,0,0,0.6672,0.453132,0.227564,Normal
2024-04-01 06:30:00,Dorm A,Room 105,18,Medium,1,0.3831421045132948,0.4566906124468651,0.4686048378419465,1,0,1,1,0,1,0,1,0,0.3237,0.196792,0.28607,Normal
2024-04-01 07:00:00,Dorm C,Room 106,15,Small,1,0.3574248496693799,0.7404848375294439,0.4492204188604247,0,0,1,1,1,1,0,0,1,0.1271,0.080479,0.213607,Normal
2024-04-01 07:30:00,Dorm B,Room 108,20,Medium,3,0.391478570787597,0.5753999230842808,0.5767447068069693,0,1,0,1,0,1,0,1,0,0.9306,0.599583,0.301987,Normal
2024-04-01 08:00:00,Dorm A,Room 106,32,Large,3,0.4293432120607598,0.7093779049530009,0.5824798792214485,0,0,1,1,0,1,0,1,1,0.301,0.204809,0.290969,Normal
2024-04-01 08:30:00,Dorm B,Room 103,12,Small,1,0.5755931218584935,0.5336046488428456,0.1133501279469652,1,0,0,1,1,1,1,0,1,0.8954,0.568615,0.167438,Normal
2024-04-01 09:00:00,Dorm B,Room 102,14,Small,2,0.4196069631784721,0.3714036937989263,0.5397864917521628,1,0,0,1,1,0,0,0,0,0.0947,0.067069,0.267616,Normal
2024-04-01 09:30:00,Dorm B,Room 108,20,Medium,3,0.7607763247699282,0.4103520381970468,0.4660021245157429,0,0,1,1,0,0,0,0,1,0.0985,0.072562,0.310183,Normal
2024-04-01 10:00:00,Dorm B,Room 101,14,Small,4,0.6642395338608249,0.5112131193196192,0.3053498709872323,1,1,1,1,0,1,0,1,0,0.9358,0.670398,0.329002,Normal
2024-04-01 10:30:00,Dorm C,Room 101,21,Medium,1,0.6348772853695073,0.4040095664114783,0.568245748570161,1,0,0,1,0,1,0,0,0,0.0906,0.070732,0.233673,Normal
2024-04-01 11:00:00,Dorm B,Room 101,14,Small,4,0.510335380809734,0.3333266463984541,0.7321208007829917,1,0,0,1,0,0,0,1,0,0.2834,0.2171,0.329413,Normal
2024-04-01 11:30:00,Dorm C,Room 108,20,Medium,1,0.7296132992685079,0.6726435656008347,0.5294454653125866,1,1,1,1,1,1,0,1,1,0.9612,0.614364,0.216855,Abnormal
2024-04-01 12:00:00,Dorm C,Room 103,22,Medium,2,0.4971370560729655,0.4160060790494738,0.5946647240942016,0,1,1,0,1,1,0,1,1,0.8209,0.53382,0.235125,Normal
2024-04-01 12:30:00,Dorm C,Room 105,11,Small,1,0.5221984978934117,0.5163902167230225,0.6790860619858137,1,0,1,1,0,0,0,1,0,0.2981,0.184485,0.231937,Normal
2024-04-01 13:00:00,Dorm B,Room 101,14,Small,4,0.5492047593608254,0.539601486323702,0.3630409516572627,1,1,1,1,0,1,0,0,1,0.7184,0.518834,0.332614,Normal
2024-04-01 13:30:00,Dorm A,Room 102,15,Small,3,0.6205798759584458,0.4096451236832085,0.2397952824107881,1,1,0,0,1,1,0,0,1,0.6198,0.436403,0.258893,Normal
2024-04-01 14:00:00,Dorm B,Room 106,24,Medium,2,0.6118681602312126,0.7092932557291283,0.5414508161295506,1,0,0,1,0,1,0,0,1,0.0962,0.038608,0.217167,Normal
2024-04-01 14:30:00,Dorm B,Room 101,14,Small,4,0.4626310928525144,0.3319040044110293,0.4329411903505181,1,0,1,1,0,1,0,0,0,0.1198,0.07767,0.338672,Normal
2024-04-01 15:00:00,Dorm C,Room 104,13,Small,2,0.4548650340666017,0.5345300807600191,0.2977882446632579,0,0,1,1,1,1,0,1,0,0.3111,0.181502,0.21485,Normal
2024-04-01 15:30:00,Dorm B,Room 106,24,Medium,2,0.6122700787790103,0.5322510623228534,0.4532689957551294,1,1,1,1,0,1,0,0,1,0.6678,0.431934,0.216642,Normal
2024-04-01 16:00:00,Dorm A,Room 104,32,Large,3,0.6223799999016614,0.4881078086975292,0.549930409822075,1,1,0,1,0,1,0,0,0,0.7184,0.515037,0.277678,Normal
2024-04-01 16:30:00,Dorm B,Room 107,14,Small,3,0.4736053453712456,0.3054845573677583,0.4447749555709284,1,0,1,1,0,1,0,1,0,0.334,0.211323,0.304185,Normal
2024-04-01 17:00:00,Dorm C,Room 101,21,Medium,1,0.3133900754017127,0.6240580727251583,0.3682517645184807,0,1,1,1,1,1,0,0,1,0.7383,0.420419,0.216137,Normal
2024-04-01 17:30:00,Dorm A,Room 101,20,Medium,2,0.4985716127444931,0.6053488249460164,0.435832989646385,1,1,1,1,1,1,0,1,1,0.9831,0.617785,0.272124,Normal
2024-04-01 18:00:00,Dorm C,Room 104,13,Small,2,0.6100722318671045,0.3967983991396236,0.4603104156395712,1,1,1,1,1,0,1,0,0,1.5237,1.0,0.207639,Abnormal
2024-04-01 18:30:00,Dorm C,Room 108,20,Medium,1,0.7686843388895929,0.6000547521554986,0.2311681855162858,1,1,1,1,0,1,1,0,0,1.4389,0.933252,0.226454,Abnormal
2024-04-01 19:00:00,Dorm C,Room 102,22,Medium,2,0.3656255226259888,0.5511782689037956,0.4455183712799239,0,0,0,0,0,1,0,0,1,0.0139,0.009185,0.187424,Normal
2024-04-01 19:30:00,Dorm B,Room 103,12,Small,1,0.4691471387458675,0.3078801033853657,0.3013672890985855,1,1,0,1,0,1,0,1,1,0.9366,0.544966,0.178003,Normal
2024-04-01 20:00:00,Dorm A,Room 108,15,Small,1,0.4741351161428367,0.3705862367238066,0.5417099366604339,0,0,1,1,0,1,1,0,1,0.8173,0.492565,0.202327,Normal
2024-04-01 20:30:00,Dorm B,Room 105,19,Medium,3,0.7083455888752435,0.6633650464449161,0.2753696699685121,1,1,1,1,0,1,1,0,0,1.4135,1.0,0.282705,Abnormal
2024-04-01 21:00:00,Dorm B,Room 104,25,Medium,3,0.5217046230612504,0.5415535203600281,0.5841390611885068,0,1,1,1,1,1,0,0,0,0.7415,0.507008,0.313171,Normal
2024-04-01 21:30:00,Dorm A,Room 102,15,Small,3,0.4046288294752659,0.413150188866408,0.4135597115949907,0,1,1,1,0,0,0,0,1,0.6801,0.424852,0.266365,Normal
2024-04-01 22:00:00,Dorm C,Room 103,22,Medium,2,0.601371848910631,0.3699180048823087,0.3975065310511297,1,0,1,1,1,1,0,0,1,0.1495,0.085968,0.241527,Normal
2024-04-01 22:30:00,Dorm A,Room 101,20,Medium,2,0.4720905546957609,0.420337964985869,0.4979725336764132,1,0,1,1,1,1,0,0,1,0.1476,0.064118,0.280192,Normal
2024-04-01 23:00:00,Dorm B,Room 104,25,Medium,3,0.3620786570192651,0.4307596531114644,0.3587493713120075,1,0,1,1,0,1,0,0,0,0.1215,0.073686,0.318806,Normal
2024-04-01 23:30:00,Dorm B,Room 104,25,Medium,3,0.4065819045778258,0.371756917029886,0.4960879533457621,1,1,0,1,0,1,0,0,1,0.6375,0.429393,0.318871,Normal
2024-04-02 00:00:00,Dorm C,Room 107,21,Medium,2,0.7591056877683925,0.2401083827113303,0.3748163522919263,1,0,1,1,0,1,0,0,1,0.124,0.080926,0.232134,Normal
2024-04-02 00:30:00,Dorm B,Room 108,20,Medium,3,0.5779554757340973,0.6636195609814299,0.3958558955438411,1,0,0,1,0,1,0,0,1,0.0933,0.058204,0.311247,Normal
2024-04-02 01:00:00,Dorm B,Room 108,20,Medium,3,0.5408554529998792,0.638727228964,0.5112770876676186,0,1,1,1,1,1,0,1,0,0.9042,0.649405,0.302844,Normal
2024-04-02 01:30:00,Dorm B,Room 101,14,Small,4,0.4928576096009091,0.3089612562726937,0.3260521593722812,1,0,1,1,0,1,1,1,1,1.0647,0.759198,0.337788,Abnormal
2024-04-02 02:00:00,Dorm C,Room 102,22,Medium,2,0.5656007914335649,0.5161137151271227,0.3109652206357904,0,0,1,1,1,1,0,0,1,0.1224,0.074838,0.179896,Normal
2024-04-02 02:30:00,Dorm B,Room 103,12,Small,1,0.5640020573052426,0.3634866170406077,0.4924264579685934,1,0,1,1,0,1,0,0,0,0.1213,0.087249,0.188433,Normal
2024-04-02 03:00:00,Dorm A,Room 103,17,Medium,2,0.5656034736060198,0.4576407739581417,0.4594198364079697,1,0,1,1,0,1,0,0,1,0.1271,0.094958,0.270406,Normal
2024-04-02 03:30:00,Dorm B,Room 107,14,Small,3,0.5418062786316006,0.445413647192624,0.482884960965928,1,0,0,1,0,1,0,0,0,0.0855,0.064635,0.306923,Normal
2024-04-02 04:00:00,Dorm A,Room 103,17,Medium,2,0.6429882898750138,0.4332058783526925,0.5019536746201005,1,0,0,1,0,1,0,0,1,0.094,0.103341,0.263313,Normal
2024-04-02 04:30:00,Dorm A,Room 104,32,Large,3,0.529494490011818,0.7904378605408764,0.4695303054810706,0,0,1,0,0,0,0,1,0,0.2528,0.161323,0.283768,Normal
2024-04-02 05:00:00,Dorm C,Room 101,21,Medium,1,0.3951525228991025,0.4313701096569237,0.5355994963705416,0,0,1,1,0,1,0,0,0,0.1001,0.079931,0.223068,Normal
2024-04-02 05:30:00,Dorm A,Room 108,15,Small,1,0.4442054827718064,0.3772972602296442,0.4743363671967939,1,0,1,1,0,1,1,0,1,0.9446,0.596697,0.210578,Abnormal
2024-04-02 06:00:00,Dorm C,Room 106,15,Small,1,0.2608056337434381,0.3840108270659177,0.2218319712020255,0,0,0,1,1,1,0,0,0,0.0908,0.032432,0.214069,Normal
2024-04-02 06:30:00,Dorm B,Room 106,24,Medium,2,0.7983966912520883,0.6494764972154792,0.2529543469409236,0,0,1,1,0,1,1,0,0,0.8247,0.565624,0.224299,Normal
2024-04-02 07:00:00,Dorm C,Room 102,22,Medium,2,0.6421772072077166,0.2532852389119497,0.6939418821220947,0,0,1,1,0,1,0,0,0,0.0991,0.051168,0.179965,Normal
2024-04-02 07:30:00,Dorm A,Room 104,32,Large,3,0.4149967454983185,0.3840047300709858,0.4626556171454952,1,0,0,1,0,1,0,0,1,0.0919,0.062922,0.274146,Normal
2024-04-02 08:00:00,Dorm B,Room 104,25,Medium,3,0.4885697072111269,0.7087088436065858,0.5766469064689654,1,1,0,1,0,1,1,0,1,1.3225,0.916204,0.318074,Abnormal
2024-04-02 08:30:00,Dorm B,Room 107,14,Small,3,0.4409237637163641,0.5319378105565828,0.4211731086699529,0,0,1,1,0,1,0,0,0,0.0984,0.068475,0.297854,Normal
2024-04-02 09:00:00,Dorm A,Room 105,18,Medium,1,0.7334067159888137,0.5242863647922387,0.4556869598215114,0,0,1,1,0,1,0,0,1,0.1074,0.035685,0.281213,Normal
2024-04-02 09:30:00,Dorm C,Room 103,22,Medium,2,0.3358435285254609,0.8094252327137443,0.4082571143438995,1,0,1,0,0,1,0,0,0,0.0621,0.051261,0.241783,Normal
2024-04-02 10:00:00,Dorm B,Room 101,14,Small,4,0.5417567538827799,0.5322848997722711,0.7584827926788336,1,0,1,1,0,0,0,0,1,0.1137,0.057726,0.352211,Normal
2024-04-02 10:30:00,Dorm B,Room 107,14,Small,3,0.5118291909786524,0.3920048532911689,0.4930283341945519,1,0,1,1,0,0,0,0,0,0.1124,0.069428,0.288367,Normal
2024-04-02 11:00:00,Dorm B,Room 103,12,Small,1,0.6373572144510422,0.4546266119972557,0.3984804187159483,0,0,0,0,0,0,0,0,0,0.0,0.018534,0.189003,Normal
2024-04-02 11:30:00,Dorm A,Room 107,25,Medium,3,0.5124355979922928,0.3292159926776302,0.2645127835578745,1,0,1,1,0,1,0,0,0,0.1135,0.059763,0.294063,Normal
2024-04-02 12:00:00,Dorm B,Room 104,25,Medium,3,0.2904387461784921,0.6806559238537526,0.699434592158403,0,1,0,1,0,0,0,0,0,0.7097,0.475781,0.335568,Normal
2024-04-02 12:30:00,Dorm B,Room 102,14,Small,2,0.4926933331262815,0.5805197836407718,0.4430585870460526,1,0,1,1,1,1,0,1,0,0.3235,0.198804,0.267603,Normal
2024-04-02 13:00:00,Dorm A,Room 102,15,Small,3,0.3959277563627468,0.6613270838969025,0.5519317086839242,1,1,1,1,0,1,0,1,0,0.9481,0.601223,0.270394,Normal
2024-04-02 13:30:00,Dorm B,Room 104,25,Medium,3,0.5370735731878126,0.6743434575074114,0.5653404679333305,1,0,1,1,0,0,0,0,0,0.1126,0.065968,0.326201,Normal
2024-04-02 14:00:00,Dorm B,Room 106,24,Medium,2,0.7188632250241025,0.4352080027786031,0.4071214997963901,1,0,1,1,1,0,0,0,0,0.1222,0.071696,0.234587,Normal
2024-04-02 14:30:00,Dorm B,Room 103,12,Small,1,0.2929595466551842,0.3572385878819742,0.543320744467222,0,1,1,0,0,0,0,1,0,0.8155,0.470023,0.188049,Normal
2024-04-02 15:00:00,Dorm C,Room 107,21,Medium,2,0.4190023736568601,0.488481310857669,0.3901688936490597,1,0,1,1,1,1,0,0,0,0.1411,0.090836,0.221979,Normal
2024-04-02 15:30:00,Dorm B,Room 108,20,Medium,3,0.4522213580064939,0.3678186292492424,0.3438261489487784,1,0,1,1,0,1,0,0,0,0.1225,0.083839,0.313299,Normal
2024-04-02 16:00:00,Dorm B,Room 105,19,Medium,3,0.4751781964075711,0.5203235209496182,0.6023471139658951,1,0,1,1,0,0,0,0,0,0.1111,0.068779,0.292525,Normal
2024-04-02 16:30:00,Dorm B,Room 108,20,Medium,3,0.6257201635001867,0.6624561518123608,0.4436691119195883,0,0,1,0,1,0,0,0,0,0.052,0.029916,0.30638,Normal
2024-04-02 17:00:00,Dorm C,Room 105,11,Small,1,0.5031038385254116,0.471371058368729,0.524852663577244,1,0,1,1,0,1,0,0,0,0.1129,0.079969,0.226714,Normal
2024-04-02 17:30:00,Dorm A,Room 102,15,Small,3,0.5821953862225673,0.5181247101013731,0.5119449362126245,0,0,1,1,0,1,0,0,0,0.102,0.049409,0.282489,Normal
2024-04-02 18:00:00,Dorm B,Room 107,14,Small,3,0.4424138659608547,0.4822894423227549,0.5391793033147038,1,1,1,1,1,1,0,1,1,0.8992,0.624553,0.288448,Normal
2024-04-02 18:30:00,Dorm B,Room 102,14,Small,2,0.5572501413882585,0.6140514471519407,0.2759102090163914,0,1,1,1,0,1,0,0,1,0.6948,0.444881,0.25167,Normal
2024-04-02 19:00:00,Dorm B,Room 108,20,Medium,3,0.6307758156583336,0.3979426634100675,0.3924300473687501,1,0,1,1,0,1,1,0,0,0.9306,0.63873,0.306173,Normal
2024-04-02 19:30:00,Dorm B,Room 107,14,Small,3,0.4281177989878086,0.173287478066632,0.4237199086305584,1,1,1,1,0,0,0,0,0,0.6582,0.428841,0.300158,Normal
2024-04-02 20:00:00,Dorm C,Room 108,20,Medium,1,0.6312536402870732,0.5652808951143262,0.3628950062334112,1,1,1,1,0,1,0,0,0,0.7576,0.458905,0.244174,Normal
2024-04-02 20:30:00,Dorm B,Room 105,19,Medium,3,0.5334223700032769,0.6412550818615479,0.5141146850981488,1,1,1,0,1,1,0,0,1,0.6466,0.456903,0.282924,Normal
2024-04-02 21:00:00,Dorm C,Room 101,21,Medium,1,0.6666966651875198,0.5616811225912892,0.6050378336398027,0,1,1,1,1,1,0,0,0,0.7045,0.432902,0.216524,Normal
2024-04-02 21:30:00,Dorm A,Room 104,32,Large,3,0.4993628938545246,0.4019917399063566,0.6240279776415978,0,0,1,1,1,1,0,0,1,0.1182,0.088154,0.256106,Normal
2024-04-02 22:00:00,Dorm C,Room 103,22,Medium,2,0.5775576250710213,0.3292777476174638,0.421952806580381,1,1,1,1,0,1,0,0,1,0.7612,0.50542,0.24116,Normal
2024-04-02 22:30:00,Dorm A,Room 102,15,Small,3,0.5209444049714923,0.5687534072158498,0.4976739616756616,0,1,1,1,1,1,0,0,1,0.6996,0.473164,0.282074,Normal
2024-04-02 23:00:00,Dorm C,Room 107,21,Medium,2,0.5134819661478494,0.5168731633284356,0.5161105746245161,1,0,1,0,0,1,0,0,1,0.0666,0.060205,0.223208,Normal
2024-04-02 23:30:00,Dorm A,Room 101,20,Medium,2,0.561142814845742,0.4775944521889789,0.5371787098631755,1,0,1,1,0,1,0,0,1,0.1195,0.079712,0.272332,Normal
2024-04-03 00:00:00,Dorm C,Room 102,22,Medium,2,0.5984344611914745,0.7639136460485656,0.3572976663720785,1,0,0,1,1,0,0,1,1,0.2976,0.162775,0.179995,Normal
2024-04-03 00:30:00,Dorm A,Room 108,15,Small,1,0.3586997683214095,0.3569377214982552,0.6810608992628766,1,0,0,1,0,1,0,0,0,0.0896,0.044578,0.22151,Normal
2024-04-03 01:00:00,Dorm A,Room 102,15,Small,3,0.7187902959558309,0.7569437886740511,0.5738010565020588,1,1,1,1,1,0,1,0,1,1.4552,1.0,0.291931,Abnormal
2024-04-03 01:30:00,Dorm B,Room 108,20,Medium,3,0.2768233975097215,0.5007521822021361,0.5769357558062046,1,0,1,1,1,1,0,0,1,0.1471,0.097588,0.317334,Normal
2024-04-03 02:00:00,Dorm C,Room 107,21,Medium,2,0.4344907069902433,0.2263224310378496,0.6070253640386929,1,1,1,0,0,1,0,0,0,0.668,0.428246,0.215832,Normal
2024-04-03 02:30:00,Dorm C,Room 102,22,Medium,2,0.513742746245313,0.4697452188192878,0.5267269583912115,0,0,0,1,1,1,0,0,1,0.0874,0.0722,0.181484,Normal
2024-04-03 03:00:00,Dorm B,Room 106,24,Medium,2,0.5817328246917863,0.6370904278661327,0.3394008307457024,0,0,1,1,1,1,0,0,1,0.1282,0.106062,0.23485,Normal
2024-04-03 03:30:00,Dorm B,Room 101,14,Small,4,0.7379192996903037,0.4424320197394267,0.4459745214872367,0,0,0,1,0,1,0,0,0,0.0653,0.033703,0.339421,Normal
2024-04-03 04:00:00,Dorm B,Room 104,25,Medium,3,0.2770074625337807,0.2793450613890115,0.2645711268757915,1,1,1,1,0,1,0,0,1,0.7428,0.4895,0.317904,Normal
2024-04-03 04:30:00,Dorm A,Room 106,32,Large,3,0.4582602890262149,0.4719038116651141,0.5124429910321981,0,0,0,1,0,1,0,0,0,0.0667,0.045055,0.293684,Normal
2024-04-03 05:00:00,Dorm C,Room 108,20,Medium,1,0.2409685971381914,0.3701095721212555,0.4423465359731526,1,0,0,1,1,1,0,0,0,0.1108,0.044015,0.252511,Normal
2024-04-03 05:30:00,Dorm C,Room 108,20,Medium,1,0.530637572457795,0.5683590895140547,0.4577855496711235,0,1,1,1,0,1,0,0,0,0.7596,0.468235,0.244619,Normal
2024-04-03 06:00:00,Dorm B,Room 104,25,Medium,3,0.5628543135426636,0.6097413874431115,0.6070902762585945,0,0,0,1,1,1,0,1,0,0.2785,0.194291,0.313943,Normal
2024-04-03 06:30:00,Dorm B,Room 107,14,Small,3,0.7398817638758863,0.3408497677569901,0.4078216993256073,1,0,0,1,1,1,0,0,0,0.116,0.078464,0.299157,Normal
2024-04-03 07:00:00,Dorm C,Room 103,22,Medium,2,0.5425832638344177,0.3923549318997937,0.4323999337722598,1,1,0,1,0,1,0,0,0,0.747,0.518187,0.241908,Normal
2024-04-03 07:30:00,Dorm A,Room 104,32,Large,3,0.6665040704586664,0.6072786970725665,0.4652831182080884,0,1,0,1,1,1,0,0,0,0.7146,0.508866,0.252865,Normal
2024-04-03 08:00:00,Dorm A,Room 106,32,Large,3,0.6047459278167483,0.3698638660491039,0.2419042477994395,0,0,1,1,0,1,1,1,0,1.1407,0.791939,0.292724,Abnormal
2024-04-03 08:30:00,Dorm C,Room 106,15,Small,1,0.4679826757432491,0.3370452607792909,0.4307275008541121,0,0,1,1,1,1,0,0,0,0.125,0.077371,0.212857,Normal
2024-04-03 09:00:00,Dorm C,Room 107,21,Medium,2,0.3373085332574865,0.3228585984500943,0.1644276963683168,0,0,1,1,0,1,1,0,1,0.7955,0.515986,0.223366,Normal
2024-04-03 09:30:00,Dorm C,Room 107,21,Medium,2,0.5632996914716957,0.5478173888436704,0.3924023307711054,0,0,1,1,1,1,0,0,1,0.1225,0.076655,0.22481,Normal
2024-04-03 10:00:00,Dorm C,Room 102,22,Medium,2,0.3261508109800284,0.5415155357879871,0.5652435042439339,1,0,1,1,1,1,0,0,1,0.1432,0.067022,0.181613,Normal
2024-04-03 10:30:00,Dorm A,Room 106,32,Large,3,0.7002131820915757,0.3955525302628451,0.5163052913939205,1,0,1,1,1,0,0,0,0,0.1331,0.074296,0.299213,Normal
2024-04-03 11:00:00,Dorm A,Room 106,32,Large,3,0.5046447878900385,0.4968285214432166,0.3912867655801529,1,0,1,0,0,1,0,1,0,0.2755,0.191228,0.299254,Normal
2024-04-03 11:30:00,Dorm B,Room 107,14,Small,3,0.6867890044963975,0.7205112783257244,0.4675415326457474,1,0,1,1,0,0,0,1,0,0.325,0.246137,0.287583,Normal
2024-04-03 12:00:00,Dorm C,Room 107,21,Medium,2,0.4619481181331017,0.3529315337565205,0.3336811528298856,1,0,0,1,0,0,0,1,0,0.2711,0.168362,0.225332,Normal
2024-04-03 12:30:00,Dorm C,Room 102,22,Medium,2,0.5624741464568968,0.2092495660117931,0.4623658586522621,0,0,1,1,0,1,0,0,0,0.0956,0.076401,0.182197,Normal
2024-04-03 13:00:00,Dorm B,Room 105,19,Medium,3,0.5544888703518597,0.5629598858051723,0.8141957320266008,1,1,1,1,0,1,0,0,0,0.6916,0.480623,0.283241,Normal
2024-04-03 13:30:00,Dorm A,Room 106,32,Large,3,0.5203488318826359,0.4798564093247623,0.6840866534956336,1,0,1,1,0,1,0,0,1,0.122,0.100993,0.290776,Normal
2024-04-03 14:00:00,Dorm C,Room 107,21,Medium,2,0.4683300821834677,0.3917346015060218,0.4689600401292988,1,0,1,1,0,0,0,0,0,0.1149,0.057222,0.228736,Normal
2024-04-03 14:30:00,Dorm B,Room 107,14,Small,3,0.5790622121144408,0.5919120444308692,0.4818593930519217,1,0,1,1,0,1,0,0,0,0.1272,0.069898,0.290494,Normal
2024-04-03 15:00:00,Dorm A,Room 101,20,Medium,2,0.4021009066735167,0.6194151958669212,0.345129142179119,1,0,1,1,0,0,1,0,0,0.81,0.545437,0.272743,Normal
2024-04-03 15:30:00,Dorm C,Room 104,13,Small,2,0.3640852374143193,0.1715486616424106,0.3664568452255561,0,1,1,1,0,0,0,0,1,0.7456,0.448247,0.227354,Normal
2024-04-03 16:00:00,Dorm B,Room 104,25,Medium,3,0.6931836588299405,0.4001742025699601,0.5060980274359977,1,0,1,1,0,1,0,0,0,0.1267,0.094265,0.316815,Normal
2024-04-03 16:30:00,Dorm B,Room 102,14,Small,2,0.6239812179587565,0.8366675069391942,0.3996759544598087,1,1,1,1,0,1,0,0,0,0.763,0.527765,0.248037,Normal
2024-04-03 17:00:00,Dorm B,Room 103,12,Small,1,0.5352366249478308,0.5818193959276103,0.5711172705296784,1,1,1,1,1,1,1,0,0,1.4717,0.920377,0.196062,Abnormal
2024-04-03 17:30:00,Dorm C,Room 107,21,Medium,2,0.7498592294836821,0.595442566546629,0.6509612287082758,1,0,0,1,1,1,0,0,0,0.1077,0.094058,0.228466,Normal
2024-04-03 18:00:00,Dorm B,Room 102,14,Small,2,0.4904591811249356,0.6684518106091031,0.502551307901343,1,1,1,1,1,1,1,0,1,1.4461,0.957506,0.255488,Abnormal
2024-04-03 18:30:00,Dorm B,Room 101,14,Small,4,0.7039032192318002,0.49858962768547,0.4748523458083933,1,0,1,1,1,0,0,0,0,0.1249,0.103896,0.338932,Normal
2024-04-03 19:00:00,Dorm A,Room 103,17,Medium,2,0.549956229355144,0.6131632964278289,0.261004889218169,1,0,1,1,1,1,0,0,1,0.141,0.097774,0.263541,Normal
2024-04-03 19:30:00,Dorm A,Room 107,25,Medium,3,0.3888702717461858,0.6016088491249088,0.552337340272428,1,0,1,1,0,1,1,1,1,1.1423,0.747333,0.293925,Abnormal
2024-04-03 20:00:00,Dorm A,Room 105,18,Medium,1,0.7744044758076644,0.5752996682484537,0.3254414470587422,0,0,0,1,1,0,0,0,1,0.0863,0.033508,0.271819,Normal
2024-04-03 20:30:00,Dorm A,Room 105,18,Medium,1,0.6593491886703513,0.44875770540519,0.4124986951826004,1,0,1,1,0,1,0,0,0,0.1161,0.070045,0.268112,Normal
2024-04-03 21:00:00,Dorm A,Room 106,32,Large,3,0.5101525804766273,0.5213672505160507,0.5777667296266634,1,0,0,1,0,1,0,1,1,0.2905,0.169611,0.288741,Normal
2024-04-03 21:30:00,Dorm C,Room 106,15,Small,1,0.623981656885336,0.4096144911157228,0.5861864539679642,0,0,1,1,1,1,0,0,1,0.1262,0.088426,0.205102,Normal
2024-04-03 22:00:00,Dorm C,Room 102,22,Medium,2,0.4722160450849433,0.4979643756978896,0.4066803718796461,0,0,1,1,1,1,0,0,1,0.126,0.118117,0.182678,Normal
2024-04-03 22:30:00,Dorm B,Room 105,19,Medium,3,0.6376672752665813,0.3243576439816928,0.4135896480719842,1,0,0,1,0,1,0,0,1,0.0952,0.066629,0.28259,Normal
2024-04-03 23:00:00,Dorm A,Room 104,32,Large,3,0.2055063871523446,0.3798896418611076,0.3787501367600709,1,1,1,1,1,1,0,0,1,0.6906,0.455786,0.252683,Normal
2024-04-03 23:30:00,Dorm A,Room 106,32,Large,3,0.389534493175434,0.4545920781728033,0.3189412123368169,0,1,0,1,1,1,0,0,0,0.7065,0.45456,0.282679,Normal
2024-04-04 00:00:00,Dorm A,Room 104,32,Large,3,0.6578124281769719,0.3573925186899765,0.3864909686279604,1,1,0,1,0,1,0,0,1,0.6362,0.439987,0.249864,Normal
2024-04-04 00:30:00,Dorm B,Room 106,24,Medium,2,0.4928895761871782,0.4218629180703017,0.2691207711733906,0,0,1,1,1,1,0,0,1,0.129,0.084628,0.227391,Normal
2024-04-04 01:00:00,Dorm C,Room 101,21,Medium,1,0.5542464261125174,0.4719903067701314,0.5445935964341642,1,0,1,1,0,1,0,1,1,0.3104,0.189559,0.221221,Normal
2024-04-04 01:30:00,Dorm A,Room 103,17,Medium,2,0.3456525521117916,0.5551983585885969,0.5099777514926943,1,0,0,1,0,1,0,0,1,0.0878,0.061894,0.261503,Normal
2024-04-04 02:00:00,Dorm C,Room 104,13,Small,2,0.7743812325540262,0.6355857191544969,0.5298933515996931,1,0,1,0,0,1,0,0,0,0.0601,0.030396,0.236568,Normal
2024-04-04 02:30:00,Dorm C,Room 105,11,Small,1,0.6861652649019424,0.4279225789593793,0.3481477236762899,0,0,0,1,0,0,0,1,0,0.2539,0.162838,0.223794,Normal
2024-04-04 03:00:00,Dorm C,Room 102,22,Medium,2,0.4994614895862765,0.6922905330839184,0.3192751089605188,1,0,1,0,1,1,0,0,0,0.0795,0.058812,0.184004,Normal
2024-04-04 03:30:00,Dorm A,Room 108,15,Small,1,0.4720828599812385,0.634021131082888,0.4690670701361878,1,0,1,1,0,1,0,0,0,0.1212,0.095711,0.220991,Normal
2024-04-04 04:00:00,Dorm C,Room 101,21,Medium,1,0.6645687749797666,0.5701636967097723,0.4703373409034689,0,0,0,1,1,0,1,0,1,0.8795,0.557329,0.223989,Normal
2024-04-04 04:30:00,Dorm B,Room 105,19,Medium,3,0.7924452813248094,0.5186617142876377,0.4449791239476119,0,0,0,1,0,1,0,0,0,0.0732,0.042678,0.272793,Normal
2024-04-04 05:00:00,Dorm A,Room 107,25,Medium,3,0.6543903465871791,0.5429797341288909,0.4279178641207891,1,1,0,1,0,1,0,1,0,0.947,0.655363,0.298796,Abnormal
2024-04-04 05:30:00,Dorm B,Room 107,14,Small,3,0.817854037878856,0.6705323299298009,0.6678877215258585,0,0,0,1,0,1,0,0,0,0.0675,0.054919,0.287209,Normal
2024-04-04 06:00:00,Dorm C,Room 107,21,Medium,2,0.4026124757827195,0.6759006251815118,0.5137569560257809,0,1,1,1,0,1,0,0,0,0.739,0.459044,0.229219,Normal
2024-04-04 06:30:00,Dorm C,Room 103,22,Medium,2,0.4164305143395381,0.6922673294500283,0.6990680795216438,1,1,1,0,1,0,1,1,0,1.6755,0.988955,0.2513,Abnormal
2024-04-04 07:00:00,Dorm A,Room 107,25,Medium,3,0.3668356008933688,0.5021546278810827,0.6148839551458125,0,0,1,1,0,0,0,1,1,0.2833,0.190878,0.298858,Normal
2024-04-04 07:30:00,Dorm B,Room 101,14,Small,4,0.5856789907533702,0.5776401330346601,0.6669873690492165,0,0,1,1,1,1,0,1,0,0.3118,0.19336,0.328807,Normal
2024-04-04 08:00:00,Dorm C,Room 101,21,Medium,1,0.5499601835998937,0.6935311682934264,0.3337443527973656,1,0,1,1,0,0,0,0,1,0.113,0.068227,0.234318,Normal
2024-04-04 08:30:00,Dorm C,Room 105,11,Small,1,0.5060017011330088,0.4044187346664874,0.5338093571676158,1,1,1,1,0,0,0,0,0,0.7135,0.434435,0.225156,Normal
2024-04-04 09:00:00,Dorm C,Room 106,15,Small,1,0.6349979434697841,0.4492860502366122,0.4108483530236005,1,0,1,1,0,1,0,0,0,0.1147,0.080949,0.197876,Normal
2024-04-04 09:30:00,Dorm C,Room 101,21,Medium,1,0.6917747678826832,0.4984379392782225,0.2630915064446859,1,0,1,1,0,0,0,0,0,0.1067,0.054282,0.226355,Normal
2024-04-04 10:00:00,Dorm B,Room 102,14,Small,2,0.3216469402375453,0.628287807488543,0.6421215827700159,1,0,1,1,1,1,0,0,0,0.139,0.081195,0.271828,Normal
2024-04-04 10:30:00,Dorm B,Room 101,14,Small,4,0.4462790190260116,0.6305765041733233,0.4274128821846107,0,0,1,1,0,0,0,0,0,0.0875,0.061004,0.331119,Normal
2024-04-04 11:00:00,Dorm A,Room 103,17,Medium,2,0.6364587273513485,0.4621529584028103,0.3360670964808877,0,0,0,1,0,0,0,1,0,0.2744,0.170607,0.243369,Normal
2024-04-04 11:30:00,Dorm C,Room 103,22,Medium,2,0.4636223883982375,0.2743732096795501,0.4129120215686923,1,0,1,1,0,1,0,1,0,0.324,0.194014,0.266736,Normal
2024-04-04 12:00:00,Dorm A,Room 102,15,Small,3,0.4192730132732689,0.5322607967663591,0.3671244731018169,1,1,1,1,0,1,0,1,1,0.9455,0.625336,0.301896,Normal
2024-04-04 12:30:00,Dorm A,Room 103,17,Medium,2,0.663083570665037,0.3611237749157293,0.3794244733801311,1,0,0,1,0,0,0,1,0,0.287,0.158265,0.23421,Normal
2024-04-04 13:00:00,Dorm C,Room 102,22,Medium,2,0.3533403914686743,0.277117463972973,0.4360613717884288,1,1,1,1,0,1,0,0,0,0.7628,0.469555,0.184807,Normal
2024-04-04 13:30:00,Dorm A,Room 103,17,Medium,2,0.4859212369149462,0.3103403297454823,0.6702918379584782,1,0,0,1,1,1,1,1,0,1.1102,0.727728,0.227563,Abnormal
2024-04-04 14:00:00,Dorm A,Room 103,17,Medium,2,0.5704985169831366,0.5440467011502372,0.3827093253799972,0,0,1,1,0,1,0,1,0,0.3212,0.187025,0.241341,Normal
2024-04-04 14:30:00,Dorm B,Room 101,14,Small,4,0.4493860783354232,0.6961016556326718,0.6617086844878611,0,0,1,1,0,1,0,0,0,0.1107,0.061483,0.327646,Normal
2024-04-04 15:00:00,Dorm B,Room 106,24,Medium,2,0.6314948731873206,0.5017971704093929,0.5644814277978619,1,0,1,1,1,1,0,0,0,0.1441,0.090609,0.228367,Normal
2024-04-04 15:30:00,Dorm C,Room 103,22,Medium,2,0.4500494304487236,0.527146042860118,0.5101874529983376,1,0,1,0,0,1,0,0,0,0.0582,0.047708,0.26671,Normal
2024-04-04 16:00:00,Dorm A,Room 101,20,Medium,2,0.7154333523927783,0.6699215255864772,0.5523984991053533,1,1,1,1,0,0,0,0,1,0.6679,0.426958,0.283297,Normal
2024-04-04 16:30:00,Dorm B,Room 105,19,Medium,3,0.5095184404049632,0.2691052973266883,0.4642852569569283,0,1,1,1,0,0,1,0,0,1.4247,0.959433,0.272875,Abnormal
2024-04-04 17:00:00,Dorm C,Room 105,11,Small,1,0.6164796160713227,0.5725272229480793,0.616933641580888,1,0,1,1,1,0,0,1,1,0.3232,0.222952,0.225299,Normal
2024-04-04 17:30:00,Dorm C,Room 107,21,Medium,2,0.626511725487735,0.4943779069988188,0.5306672715418953,1,1,1,1,1,1,0,0,0,0.7983,0.529173,0.237093,Normal
2024-04-04 18:00:00,Dorm B,Room 105,19,Medium,3,0.4421767365803308,0.579269982519478,0.2629380327635215,1,0,1,0,1,1,0,0,1,0.0821,0.06503,0.291209,Normal
2024-04-04 18:30:00,Dorm B,Room 105,19,Medium,3,0.2508119008715305,0.4250274996445601,0.4981881588102989,1,0,1,1,0,1,0,0,1,0.1197,0.062164,0.288021,Normal
2024-04-04 19:00:00,Dorm A,Room 101,20,Medium,2,0.574807974259113,0.3758756304000433,0.5566997749252997,1,1,0,1,0,1,0,1,0,0.8816,0.567939,0.27922,Normal
2024-04-04 19:30:00,Dorm C,Room 104,13,Small,2,0.5360950798597379,0.5167306032380832,0.4279756954355462,1,0,1,1,0,0,0,0,0,0.1106,0.087034,0.232328,Normal
2024-04-04 20:00:00,Dorm C,Room 105,11,Small,1,0.6009867891904048,0.7384492790790262,0.4777938353133094,1,0,1,1,1,1,0,0,0,0.1435,0.094841,0.228713,Normal
2024-04-04 20:30:00,Dorm A,Room 105,18,Medium,1,0.4959934081868229,0.6226020564864438,0.3891227956098547,0,1,1,1,1,0,0,0,0,0.6906,0.434999,0.25088,Normal
2024-04-04 21:00:00,Dorm B,Room 105,19,Medium,3,0.4686295960991169,0.4214697218717959,0.2973740858926736,1,0,1,1,0,1,0,1,1,0.3101,0.219976,0.279885,Normal
2024-04-04 21:30:00,Dorm A,Room 105,18,Medium,1,0.7959348762133489,0.299009505535723,0.2766492280484036,1,0,0,1,1,1,0,0,1,0.1109,0.083837,0.249184,Normal
2024-04-04 22:00:00,Dorm C,Room 107,21,Medium,2,0.3288010255315007,0.2488815357891006,0.278245886725015,1,1,1,1,1,0,0,0,0,0.7499,0.468838,0.238388,Normal
2024-04-04 22:30:00,Dorm C,Room 101,21,Medium,1,0.624891441408053,0.6894974998666923,0.5429118848377311,1,1,1,1,0,0,0,0,0,0.7299,0.442259,0.227098,Normal
2024-04-04 23:00:00,Dorm C,Room 107,21,Medium,2,0.449281139873447,0.3557205554111696,0.1638894181789812,0,1,1,1,0,1,0,0,0,0.7129,0.448526,0.246986,Normal
2024-04-04 23:30:00,Dorm C,Room 101,21,Medium,1,0.4813316892449087,0.4482431271495694,0.3826898051103242,0,1,1,1,1,1,0,0,1,0.7035,0.427022,0.232562,Normal
2024-04-05 00:00:00,Dorm A,Room 108,15,Small,1,0.4838380164072825,0.6902487206847066,0.3707920378274399,1,1,0,1,0,1,0,0,0,0.6417,0.361528,0.221921,Normal
2024-04-05 00:30:00,Dorm C,Room 105,11,Small,1,0.4185713788267142,0.2588993082370625,0.4287964879242951,0,0,0,1,1,1,0,0,0,0.0873,0.06021,0.229783,Normal
2024-04-05 01:00:00,Dorm B,Room 107,14,Small,3,0.6030532556393794,0.7153870328875578,0.2399320349461147,1,0,1,1,1,1,0,0,1,0.1403,0.109613,0.279136,Normal
2024-04-05 01:30:00,Dorm B,Room 104,25,Medium,3,0.7130209515346286,0.458805706205146,0.5111012035937533,0,0,0,1,1,1,0,1,1,0.2748,0.193679,0.317159,Normal
2024-04-05 02:00:00,Dorm A,Room 103,17,Medium,2,0.5894706005707749,0.3272832972039931,0.3099065996548391,1,0,0,0,0,1,0,0,0,0.0259,0.006711,0.244497,Normal
2024-04-05 02:30:00,Dorm B,Room 105,19,Medium,3,0.5402679088246268,0.4597300263428021,0.5985009970848485,1,0,1,1,0,1,0,0,0,0.1185,0.082157,0.282346,Normal
2024-04-05 03:00:00,Dorm B,Room 105,19,Medium,3,0.394011582902079,0.3898870427079777,0.3880541451259013,1,0,1,1,0,1,0,0,0,0.1211,0.055261,0.282409,Normal
2024-04-05 03:30:00,Dorm A,Room 104,32,Large,3,0.5957528101283329,0.560864831260544,0.4511763592174367,0,0,1,1,0,1,0,0,1,0.0996,0.041385,0.257593,Normal
2024-04-05 04:00:00,Dorm B,Room 102,14,Small,2,0.8157802100483851,0.4008304568550759,0.4630997425666185,0,0,0,1,0,1,1,0,1,0.7525,0.534914,0.272311,Normal
2024-04-05 04:30:00,Dorm B,Room 105,19,Medium,3,0.4753038727436589,0.2151427924809705,0.4919484453873551,0,0,0,1,0,1,0,0,0,0.0719,0.017736,0.272678,Normal
2024-04-05 05:00:00,Dorm B,Room 104,25,Medium,3,0.475936104189136,0.4636668966153063,0.4670875875823428,1,0,1,1,0,1,0,0,1,0.117,0.091232,0.319907,Normal
2024-04-05 05:30:00,Dorm A,Room 107,25,Medium,3,0.4510945744853387,0.2967208671115884,0.41140680336649,1,0,1,1,1,1,0,0,0,0.1403,0.115127,0.301328,Normal
2024-04-05 06:00:00,Dorm A,Room 107,25,Medium,3,0.4607134868000554,0.526108379332749,0.5038023182160821,0,0,1,1,0,0,0,1,0,0.3112,0.209586,0.303044,Normal
2024-04-05 06:30:00,Dorm A,Room 108,15,Small,1,0.1579692326622969,0.3216183584012118,0.51857038212612,0,0,1,1,1,0,1,1,1,1.0487,0.615599,0.220077,Abnormal
2024-04-05 07:00:00,Dorm B,Room 103,12,Small,1,0.5807503880000584,0.4243619251416924,0.3708542561287542,1,1,1,1,1,0,0,0,0,0.7366,0.462411,0.213324,Normal
2024-04-05 07:30:00,Dorm C,Room 102,22,Medium,2,0.4129190733775197,0.5229145938879667,0.5137980823940725,0,0,1,1,0,1,1,0,1,0.9233,0.559028,0.192997,Normal
2024-04-05 08:00:00,Dorm A,Room 104,32,Large,3,0.3102933583507069,0.4648578469844125,0.6056169528544441,1,1,1,1,0,1,1,1,1,1.6182,0.990021,0.257127,Abnormal
2024-04-05 08:30:00,Dorm B,Room 102,14,Small,2,0.6274734163692298,0.5328848463230944,0.5473326913066701,1,1,1,1,0,1,0,0,0,0.6961,0.480536,0.282393,Normal
2024-04-05 09:00:00,Dorm C,Room 107,21,Medium,2,0.3811849228324198,0.596057385244275,0.574503484153991,0,1,1,0,0,1,0,0,0,0.6461,0.413545,0.25273,Normal
2024-04-05 09:30:00,Dorm C,Room 101,21,Medium,1,0.4809437870200448,0.3259091479184179,0.4832722346449577,0,0,1,1,1,1,0,0,0,0.1274,0.075639,0.240408,Normal
2024-04-05 10:00:00,Dorm A,Room 107,25,Medium,3,0.7231932991863345,0.4866171843613443,0.3503375974708288,1,0,1,0,1,1,0,0,0,0.0769,0.054465,0.294501,Normal
2024-04-05 10:30:00,Dorm C,Room 106,15,Small,1,0.3372743048796139,0.0067713091687555,0.3655144434687062,1,0,1,1,0,1,1,0,0,0.8072,0.476458,0.198888,Normal
2024-04-05 11:00:00,Dorm C,Room 102,22,Medium,2,0.3207161388165984,0.5324297083905669,0.5010237596235286,0,0,1,1,0,1,0,1,1,0.3083,0.175997,0.204029,Normal
2024-04-05 11:30:00,Dorm A,Room 106,32,Large,3,0.562535262458336,0.4518729780496687,0.5757497841816125,1,0,0,0,0,1,0,0,1,0.0308,0.034631,0.280966,Normal
2024-04-05 12:00:00,Dorm C,Room 108,20,Medium,1,0.68065731010811,0.3515516203255629,0.7968711478080737,0,0,1,1,0,0,0,1,1,0.2911,0.169842,0.249935,Normal
2024-04-05 12:30:00,Dorm C,Room 107,21,Medium,2,0.315114081141441,0.5424798554042731,0.5804355749181858,1,0,1,0,0,1,0,1,1,0.2627,0.198967,0.257798,Normal
2024-04-05 13:00:00,Dorm C,Room 106,15,Small,1,0.5811066071310894,0.6684229030115307,0.3222305316076246,1,0,1,1,1,1,0,0,0,0.1348,0.0792,0.200203,Normal
2024-04-05 13:30:00,Dorm A,Room 102,15,Small,3,0.6043651241468446,0.4261247400354939,0.3705977729403019,1,1,1,1,0,1,0,1,0,0.9817,0.681984,0.314102,Abnormal
2024-04-05 14:00:00,Dorm C,Room 101,21,Medium,1,0.2500504476114611,0.3572295294166592,0.7359993274660639,1,0,1,1,0,1,0,0,0,0.1255,0.099419,0.238073,Normal
2024-04-05 14:30:00,Dorm B,Room 105,19,Medium,3,0.6335542939299234,0.5203335712302308,0.4369268859375167,1,1,0,1,0,0,0,1,0,0.8526,0.59693,0.263265,Normal
2024-04-05 15:00:00,Dorm B,Room 107,14,Small,3,0.6440360773308131,0.2997980098420739,0.4683472970397559,1,0,1,1,0,1,0,0,1,0.1297,0.068668,0.280092,Normal
2024-04-05 15:30:00,Dorm A,Room 103,17,Medium,2,0.4845516030832461,0.399030331142924,0.347426363351021,1,0,1,1,0,1,0,0,0,0.1177,0.066823,0.243287,Normal
2024-04-05 16:00:00,Dorm C,Room 103,22,Medium,2,0.6944611903201129,0.675727577946265,0.6504114959239717,1,0,1,1,0,0,0,0,0,0.1132,0.04916,0.266225,Normal
2024-04-05 16:30:00,Dorm B,Room 103,12,Small,1,0.678908418258474,0.5052191337041403,0.5226716649044091,0,1,1,1,0,1,0,0,1,0.6595,0.414072,0.222009,Normal
2024-04-05 17:00:00,Dorm B,Room 105,19,Medium,3,0.5402324700439691,0.2198713245189982,0.3697185442121488,0,0,1,1,1,1,0,0,0,0.1178,0.064394,0.273424,Normal
2024-04-05 17:30:00,Dorm A,Room 106,32,Large,3,0.4658089804897581,0.2319920450696135,0.3434183817722807,1,0,0,1,1,1,0,0,1,0.1174,0.075408,0.280962,Normal
2024-04-05 18:00:00,Dorm A,Room 103,17,Medium,2,0.3958384215146672,0.5199015667781468,0.4995020652485036,1,0,0,1,1,1,0,1,0,0.3047,0.214927,0.22963,Normal
2024-04-05 18:30:00,Dorm C,Room 105,11,Small,1,0.5213527443002545,0.6228196292168029,0.4679503831264945,1,1,1,1,0,1,0,1,1,0.9237,0.597443,0.222739,Abnormal
2024-04-05 19:00:00,Dorm B,Room 107,14,Small,3,0.6028566107632182,0.2583526098985002,0.5624747503498669,1,0,1,1,0,0,0,1,0,0.305,0.183244,0.27965,Normal
2024-04-05 19:30:00,Dorm B,Room 107,14,Small,3,0.48288866785056,0.5621717343704113,0.5282664692889184,1,1,1,1,0,1,0,0,0,0.6833,0.436062,0.270684,Normal
2024-04-05 20:00:00,Dorm C,Room 105,11,Small,1,0.2314848770731007,0.6915908318463457,0.4309174492280602,1,1,1,1,0,1,0,0,1,0.7288,0.433939,0.233523,Normal
2024-04-05 20:30:00,Dorm A,Room 102,15,Small,3,0.6966577453974582,0.7735243073940536,0.3974074496889803,1,0,1,0,1,1,0,1,1,0.262,0.179217,0.317662,Normal
2024-04-05 21:00:00,Dorm A,Room 101,20,Medium,2,0.5519221723898469,0.544758253715449,0.4434588333548905,1,0,1,1,0,1,0,0,0,0.1171,0.05547,0.283823,Normal
2024-04-05 21:30:00,Dorm B,Room 107,14,Small,3,0.4754474859111792,0.5705617813239681,0.396582150120414,0,1,0,1,1,1,0,0,1,0.672,0.450928,0.277564,Normal
2024-04-05 22:00:00,Dorm A,Room 107,25,Medium,3,0.6414261856690295,0.1825845507255076,0.4470275166659457,1,0,1,1,1,0,0,1,1,0.3375,0.23267,0.284364,Normal
2024-04-05 22:30:00,Dorm A,Room 101,20,Medium,2,0.7310033445887547,0.8046645652491984,0.4646194034733986,1,0,0,1,0,1,0,0,1,0.0914,0.055251,0.283453,Normal
2024-04-05 23:00:00,Dorm A,Room 108,15,Small,1,0.1503717886089149,0.4115060879890461,0.3549227738881321,0,0,0,1,1,0,0,1,1,0.2953,0.191218,0.231828,Normal
2024-04-05 23:30:00,Dorm B,Room 104,25,Medium,3,0.5846728786201648,0.358896565817603,0.5383092735475896,0,0,1,1,0,1,0,0,1,0.109,0.090064,0.300974,Normal
2024-04-06 00:00:00,Dorm A,Room 104,32,Large,3,0.334934706538309,0.4585756109821123,0.4182070084082316,1,0,1,1,0,1,0,1,0,0.3138,0.205342,0.267754,Normal
2024-04-06 00:30:00,Dorm B,Room 106,24,Medium,2,0.5933754545673852,0.7182394003557355,0.3616466434666494,1,0,1,1,0,1,0,0,1,0.1271,0.101459,0.220086,Normal
2024-04-06 01:00:00,Dorm B,Room 108,20,Medium,3,0.5435619238479732,0.8205795722902454,0.4204648666590662,0,1,0,1,0,1,0,0,1,0.6499,0.456975,0.30646,Normal
2024-04-06 01:30:00,Dorm A,Room 101,20,Medium,2,0.6117095935495651,0.5145114471006162,0.4917105585352636,1,1,1,1,0,1,0,1,1,0.9717,0.64095,0.281348,Abnormal
2024-04-06 02:00:00,Dorm A,Room 103,17,Medium,2,0.4593938278313499,0.6427614037065428,0.4726090374644968,0,0,0,1,0,1,0,0,0,0.0709,0.005839,0.233303,Normal
2024-04-06 02:30:00,Dorm C,Room 106,15,Small,1,0.2750013277972799,0.5024305070321831,0.5132882479898419,0,1,0,1,1,0,0,0,0,0.7311,0.415026,0.200066,Normal
2024-04-06 03:00:00,Dorm A,Room 106,32,Large,3,0.4659535427269017,0.3435648773207037,0.5704210318016073,0,0,1,1,0,1,0,0,0,0.0944,0.056494,0.281395,Normal
2024-04-06 03:30:00,Dorm A,Room 106,32,Large,3,0.5809935954242804,0.7131060625798764,0.6191998753695238,0,0,0,1,0,1,0,0,1,0.08,0.06107,0.281029,Normal
2024-04-06 04:00:00,Dorm A,Room 107,25,Medium,3,0.6626614921864312,0.4046521914955046,0.496896596047833,0,1,1,1,0,1,0,0,0,0.7032,0.46757,0.2877,Normal
2024-04-06 04:30:00,Dorm A,Room 102,15,Small,3,0.3691317721206486,0.7217455206770798,0.3343514433928842,1,0,0,1,0,1,0,0,0,0.0849,0.072035,0.319604,Normal
2024-04-06 05:00:00,Dorm B,Room 102,14,Small,2,0.6642273739518149,0.6869171267351517,0.4303619365155229,1,0,1,1,1,1,0,0,0,0.1399,0.113715,0.288808,Normal
2024-04-06 05:30:00,Dorm C,Room 105,11,Small,1,0.4394481036215243,0.5863210338252149,0.3421595315043748,0,0,1,1,0,1,0,0,1,0.1084,0.07231,0.238184,Normal
2024-04-06 06:00:00,Dorm B,Room 106,24,Medium,2,0.5750353294307996,0.764870575026962,0.6662175431933928,0,0,1,0,0,1,0,0,0,0.0409,0.033374,0.220658,Normal
2024-04-06 06:30:00,Dorm A,Room 102,15,Small,3,0.4579650682476871,0.8241507417898788,0.7010742665710373,0,1,1,1,0,1,0,0,1,0.6787,0.468666,0.300408,Normal
2024-04-06 07:00:00,Dorm A,Room 103,17,Medium,2,0.5508414983928661,0.470327083382285,0.5406644328773689,0,0,0,1,1,1,0,1,0,0.2992,0.20049,0.223465,Normal
2024-04-06 07:30:00,Dorm A,Room 106,32,Large,3,0.6460855769021019,0.3772193273673166,0.5656357788647531,1,1,1,1,0,1,0,0,0,0.7081,0.491214,0.281135,Normal
2024-04-06 08:00:00,Dorm A,Room 104,32,Large,3,0.3617261347567329,0.2221047215306438,0.4927524970789924,0,0,1,1,0,1,0,1,0,0.3225,0.211846,0.260763,Normal
2024-04-06 08:30:00,Dorm A,Room 103,17,Medium,2,0.4351491304394748,0.8259636951499758,0.5065625001286927,0,1,1,1,0,0,0,0,0,0.7275,0.480658,0.226589,Normal
2024-04-06 09:00:00,Dorm C,Room 105,11,Small,1,0.5512161848756305,0.4314647054014458,0.2710013874051192,0,0,1,0,0,0,0,0,0,0.0327,0.032676,0.231007,Normal
2024-04-06 09:30:00,Dorm A,Room 104,32,Large,3,0.8486910999144527,0.6628882160007572,0.4537773745479336,0,0,1,1,0,1,0,0,1,0.1069,0.054221,0.26418,Normal
2024-04-06 10:00:00,Dorm B,Room 102,14,Small,2,0.4105520813239331,0.3871449434081535,0.3569356000403358,1,0,1,1,0,1,0,0,0,0.1134,0.07112,0.272691,Normal
2024-04-06 10:30:00,Dorm C,Room 108,20,Medium,1,0.8001838280152622,0.7221474417188756,0.4964011674382984,1,0,0,1,1,1,0,0,0,0.1018,0.071978,0.243412,Normal
2024-04-06 11:00:00,Dorm A,Room 102,15,Small,3,0.7953913975145123,0.3931906247515347,0.4554956385177192,1,0,1,1,0,1,0,0,0,0.1238,0.06427,0.300412,Normal
2024-04-06 11:30:00,Dorm C,Room 101,21,Medium,1,0.5133344931246284,0.3209439799219311,0.6962060382759692,1,0,1,1,0,0,0,0,1,0.1091,0.076092,0.238938,Normal
2024-04-06 12:00:00,Dorm A,Room 108,15,Small,1,0.4863811848565497,0.4654386832154194,0.5726142598379584,0,0,1,1,1,1,0,0,0,0.1244,0.073037,0.234693,Normal
2024-04-06 12:30:00,Dorm B,Room 108,20,Medium,3,0.4335173281671411,0.4179304511440175,0.4967797242476608,0,0,1,1,0,0,0,1,0,0.2771,0.215185,0.311472,Normal
2024-04-06 13:00:00,Dorm B,Room 105,19,Medium,3,0.5172409273248296,0.5837144491149002,0.4306224039042455,0,0,1,1,1,1,0,1,0,0.3078,0.219894,0.272382,Normal
2024-04-06 13:30:00,Dorm C,Room 101,21,Medium,1,0.3376093220430832,0.4885280717663113,0.6637182670884889,1,1,0,1,0,1,0,1,0,0.8691,0.525591,0.230274,Normal
2024-04-06 14:00:00,Dorm C,Room 107,21,Medium,2,0.5161624149384222,0.5883294329031599,0.4590533546791905,1,0,1,1,0,1,0,0,0,0.1174,0.082302,0.26091,Normal
2024-04-06 14:30:00,Dorm B,Room 101,14,Small,4,0.7272781230050741,0.4533121245392073,0.5024377181062462,1,1,0,1,0,0,0,0,0,0.7051,0.517993,0.327917,Normal
2024-04-06 15:00:00,Dorm B,Room 102,14,Small,2,0.4443850219819739,0.3983357896304473,0.4677156545629669,0,0,1,1,1,1,0,1,0,0.3085,0.174466,0.272761,Normal
2024-04-06 15:30:00,Dorm C,Room 103,22,Medium,2,0.4940881654161893,0.4103200571035224,0.4141608978233401,1,0,1,1,1,1,0,0,0,0.1483,0.094481,0.266336,Normal
2024-04-06 16:00:00,Dorm A,Room 102,15,Small,3,0.2980974382090527,0.7966090381835551,0.4670266245237701,0,0,1,1,0,0,0,0,0,0.096,0.037778,0.299939,Normal
2024-04-06 16:30:00,Dorm A,Room 101,20,Medium,2,0.576593710425128,0.529172686801962,0.22727102930799,1,0,1,0,0,1,0,0,1,0.0659,0.037696,0.294701,Normal
2024-04-06 17:00:00,Dorm A,Room 105,18,Medium,1,0.5618878044348213,0.2045439080671847,0.2769696026677437,1,0,1,1,1,0,1,1,1,1.0779,0.673274,0.239491,Abnormal
2024-04-06 17:30:00,Dorm A,Room 104,32,Large,3,0.5349428234409527,0.4196303122981351,0.5045919580568375,1,0,0,1,0,1,0,0,0,0.0901,0.042232,0.263682,Normal
2024-04-06 18:00:00,Dorm B,Room 108,20,Medium,3,0.4972952239515228,0.5103167684738059,0.6507829553406274,1,0,0,1,0,0,0,0,1,0.0848,0.055664,0.303246,Normal
2024-04-06 18:30:00,Dorm B,Room 107,14,Small,3,0.4871051518011917,0.7672844114811586,0.5044228686968705,0,1,1,1,0,1,0,0,1,0.7561,0.53457,0.277241,Normal
2024-04-06 19:00:00,Dorm B,Room 101,14,Small,4,0.5937498414136191,0.6472605719298861,0.3762247833062774,1,0,1,1,1,1,0,0,1,0.1425,0.093639,0.327926,Normal
2024-04-06 19:30:00,Dorm C,Room 103,22,Medium,2,0.5225265965562266,0.3606238551033131,0.2895487107738022,1,0,1,1,1,1,1,1,1,1.0256,0.652515,0.25745,Abnormal
2024-04-06 20:00:00,Dorm A,Room 107,25,Medium,3,0.5686636869474402,0.8514870641178653,0.5567662520616457,1,0,1,1,1,1,0,1,0,0.3224,0.237053,0.287241,Normal
2024-04-06 20:30:00,Dorm A,Room 103,17,Medium,2,0.5552449588993705,0.4915017793689969,0.3946009391026754,0,1,1,0,0,1,0,0,1,0.6063,0.399012,0.232262,Normal
2024-04-06 21:00:00,Dorm B,Room 105,19,Medium,3,0.6771599964453924,0.6792440282471297,0.5398155559947392,1,0,1,1,0,1,0,0,0,0.12,0.082393,0.275293,Normal
2024-04-06 21:30:00,Dorm B,Room 102,14,Small,2,0.6172477828699319,0.3263390409027178,0.5094188804368995,0,0,0,1,1,1,0,0,1,0.0897,0.066476,0.255562,Normal
2024-04-06 22:00:00,Dorm A,Room 101,20,Medium,2,0.5522762805673472,0.1436428101911057,0.5200284015241754,0,0,1,1,1,1,0,0,1,0.1241,0.08287,0.293409,Normal
2024-04-06 22:30:00,Dorm A,Room 103,17,Medium,2,0.7301690692070779,0.2890955430537543,0.4666781716275626,1,1,1,1,0,0,1,0,0,1.3946,0.921722,0.239275,Abnormal
2024-04-06 23:00:00,Dorm C,Room 106,15,Small,1,0.5827947058283224,0.0184063216708294,0.508672578084141,0,0,0,1,1,1,0,0,1,0.0988,0.043806,0.204747,Normal
2024-04-06 23:30:00,Dorm B,Room 104,25,Medium,3,0.7015224049944556,0.8064776004688377,0.4483161236641556,0,0,1,1,0,1,0,0,0,0.0984,0.094996,0.301461,Normal
2024-04-07 00:00:00,Dorm C,Room 101,21,Medium,1,0.6078467350397321,0.5276093052700652,0.3864296579996692,1,1,1,1,0,0,0,0,1,0.6883,0.438135,0.228164,Normal
2024-04-07 00:30:00,Dorm B,Room 106,24,Medium,2,0.2792046721161475,0.3601938181501378,0.34705660088296,0,0,0,1,0,1,1,1,1,0.9451,0.61716,0.220095,Abnormal
2024-04-07 01:00:00,Dorm A,Room 105,18,Medium,1,0.7015052371442103,0.56259960224355,0.1765189450085008,1,1,1,1,0,0,0,0,1,0.6621,0.416358,0.252403,Normal
2024-04-07 01:30:00,Dorm C,Room 105,11,Small,1,0.5445347591587725,0.5239060322447036,0.4409193915998387,1,0,1,0,0,1,0,0,1,0.0649,0.058295,0.230227,Normal
2024-04-07 02:00:00,Dorm B,Room 101,14,Small,4,0.5194214086501879,0.5873346486713447,0.644925868865022,1,0,0,1,0,1,0,0,0,0.0848,0.047976,0.319967,Normal
2024-04-07 02:30:00,Dorm A,Room 103,17,Medium,2,0.5641513437763436,0.6738360678827482,0.5502342585448224,0,0,0,1,1,1,0,0,0,0.0849,0.03126,0.257214,Normal
2024-04-07 03:00:00,Dorm A,Room 106,32,Large,3,0.480096421277226,0.4534738295499411,0.4899651193061212,1,0,1,1,0,1,0,0,1,0.1231,0.089864,0.281075,Normal
2024-04-07 03:30:00,Dorm B,Room 102,14,Small,2,0.5568615615929927,0.3667783990848609,0.3745888639833908,1,0,0,1,1,1,0,0,0,0.1057,0.082539,0.254875,Normal
2024-04-07 04:00:00,Dorm A,Room 108,15,Small,1,0.4469629071066169,0.6177324935620223,0.582297173690401,0,1,1,1,0,1,0,0,1,0.6853,0.435494,0.234408,Normal
2024-04-07 04:30:00,Dorm A,Room 108,15,Small,1,0.6974036888179297,0.6139934274358849,0.4483335299573435,1,0,0,1,0,1,0,0,1,0.0843,0.059265,0.23946,Normal
2024-04-07 05:00:00,Dorm A,Room 101,20,Medium,2,0.511150092633705,0.5108854776475074,0.651590903984217,0,1,1,1,0,1,0,0,0,0.6541,0.414243,0.291336,Normal
2024-04-07 05:30:00,Dorm B,Room 103,12,Small,1,0.4750503358416726,0.8160984339899493,0.3449465549269735,0,0,1,1,0,1,0,0,0,0.0985,0.065815,0.229251,Normal
2024-04-07 06:00:00,Dorm B,Room 108,20,Medium,3,0.402266974601324,0.4317380375941733,0.3726736086180718,1,0,0,1,1,1,1,0,0,0.8877,0.600123,0.294831,Normal
2024-04-07 06:30:00,Dorm C,Room 102,22,Medium,2,0.5624640816778796,0.3638364200717019,0.3610005370483501,1,0,0,1,1,1,1,0,0,0.9243,0.603254,0.206236,Abnormal
2024-04-07 07:00:00,Dorm C,Room 108,20,Medium,1,0.5515039827159995,0.5575246290105502,0.2848381587054275,0,0,0,1,1,1,0,0,0,0.0945,0.051396,0.232679,Normal
2024-04-07 07:30:00,Dorm C,Room 103,22,Medium,2,0.5785211896489756,0.3968910837812079,0.3502303161495924,1,0,0,1,1,1,1,1,0,1.0941,0.700128,0.268391,Abnormal
2024-04-07 08:00:00,Dorm A,Room 106,32,Large,3,0.3885346141757755,0.568903160162469,0.475029787005456,1,0,0,1,1,1,1,0,1,0.9314,0.625723,0.271246,Normal
2024-04-07 08:30:00,Dorm A,Room 104,32,Large,3,0.3115121699042812,0.3736607742760405,0.377204672893333,0,1,1,1,0,1,0,1,0,0.9032,0.600775,0.252234,Normal
2024-04-07 09:00:00,Dorm A,Room 101,20,Medium,2,0.610349426530289,0.4372608383124289,0.0,0,0,1,1,0,1,0,0,0,0.1082,0.048635,0.296209,Normal
2024-04-07 09:30:00,Dorm A,Room 102,15,Small,3,0.7256357040073056,0.7739624640031968,0.591526907326586,0,0,1,1,0,1,0,1,1,0.3167,0.250608,0.300337,Normal
2024-04-07 10:00:00,Dorm A,Room 105,18,Medium,1,0.3886551631239057,0.4364753166719918,0.2606072981309781,1,0,1,0,1,0,1,0,0,0.8807,0.513647,0.259647,Normal
2024-04-07 10:30:00,Dorm A,Room 105,18,Medium,1,0.7396999928620748,0.3786805059443269,0.5333363531210571,0,1,1,1,0,0,0,0,0,0.7411,0.462537,0.250801,Normal
2024-04-07 11:00:00,Dorm B,Room 102,14,Small,2,0.5644952646744443,0.6681262182337275,0.4663917905755037,1,0,1,0,1,1,0,0,0,0.083,0.057432,0.255238,Normal
2024-04-07 11:30:00,Dorm C,Room 106,15,Small,1,0.5254459855555067,0.3416181512487032,0.7166669201783895,1,0,1,1,1,1,0,1,1,0.3308,0.210241,0.201749,Normal
2024-04-07 12:00:00,Dorm A,Room 108,15,Small,1,0.4730420229764246,0.3942449818176907,0.5822513760672727,0,0,1,1,0,1,0,0,0,0.0978,0.047214,0.238965,Normal
2024-04-07 12:30:00,Dorm B,Room 106,24,Medium,2,0.3405887954245921,0.5808136194897808,0.4021098898602684,1,0,1,1,0,1,0,0,0,0.1193,0.060881,0.222953,Normal
2024-04-07 13:00:00,Dorm C,Room 107,21,Medium,2,0.6589489540150113,0.6339917894621967,0.3784208580835672,1,1,1,1,0,0,0,0,0,0.7672,0.5066,0.261091,Normal
2024-04-07 13:30:00,Dorm B,Room 108,20,Medium,3,0.4223059395391491,0.6754445632473223,0.6429283182809983,1,1,1,1,0,1,0,0,0,0.7711,0.517348,0.293607,Normal
2024-04-07 14:00:00,Dorm B,Room 108,20,Medium,3,0.4217422490850793,0.3862681010465854,0.2855876402753929,1,0,1,1,0,1,0,0,0,0.1208,0.101975,0.303145,Normal
2024-04-07 14:30:00,Dorm A,Room 104,32,Large,3,0.6595123062348042,0.5836716667031194,0.4855467447458941,1,1,0,1,0,0,0,0,0,0.6492,0.434264,0.253182,Normal
2024-04-07 15:00:00,Dorm B,Room 106,24,Medium,2,0.2736937530647878,0.427581065001665,0.4469165533248121,1,1,1,1,1,0,0,0,0,0.67,0.421349,0.211567,Normal
2024-04-07 15:30:00,Dorm A,Room 104,32,Large,3,0.321924013439623,0.4070729236689454,0.4214703732536917,1,0,1,1,1,1,0,0,0,0.1474,0.094619,0.259868,Normal
2024-04-07 16:00:00,Dorm A,Room 101,20,Medium,2,0.5239601900558751,0.6729074723178083,0.5050578523175441,0,0,1,1,0,1,0,0,0,0.1089,0.075877,0.286625,Normal
2024-04-07 16:30:00,Dorm C,Room 108,20,Medium,1,0.5657531894308852,0.4153176622355086,0.4853883761043908,1,1,0,0,0,1,0,0,0,0.6727,0.414688,0.222815,Normal
2024-04-07 17:00:00,Dorm A,Room 106,32,Large,3,0.5914461859906167,0.5369666092093182,0.5175210833299365,1,1,1,0,1,1,0,0,0,0.6966,0.494712,0.28094,Normal
2024-04-07 17:30:00,Dorm C,Room 101,21,Medium,1,0.4858918888759044,0.5189454005086009,0.4793198195169236,1,0,1,1,1,1,0,0,0,0.1433,0.097803,0.235778,Normal
2024-04-07 18:00:00,Dorm B,Room 102,14,Small,2,0.8659744358563176,0.3387211777394772,0.512755978611712,1,0,1,1,1,1,1,0,0,0.8696,0.612005,0.254697,Abnormal
2024-04-07 18:30:00,Dorm B,Room 103,12,Small,1,0.4958102109048775,0.638059902311068,0.4738479605279281,0,0,0,1,0,1,1,1,0,0.9909,0.613147,0.22022,Abnormal
2024-04-07 19:00:00,Dorm B,Room 104,25,Medium,3,0.495421884978419,0.5784210481377381,0.3835359539854101,1,0,1,1,1,1,1,1,1,1.1602,0.787262,0.298931,Abnormal
2024-04-07 19:30:00,Dorm B,Room 101,14,Small,4,0.4194366601680573,0.2041723295103621,0.4631270240475255,1,0,1,1,0,1,0,0,1,0.1246,0.080881,0.319295,Normal
2024-04-07 20:00:00,Dorm A,Room 108,15,Small,1,0.5430223801458981,0.536851466879444,0.3769424756104662,0,0,1,1,0,0,0,0,1,0.094,0.03542,0.229991,Normal
2024-04-07 20:30:00,Dorm C,Room 103,22,Medium,2,0.6089228501323576,0.3824835994097996,0.3690256901721375,1,1,1,1,1,1,0,0,1,0.7289,0.48509,0.281313,Normal
2024-04-07 21:00:00,Dorm A,Room 107,25,Medium,3,0.6879163873400045,0.6573093183842762,0.422319284572712,1,1,1,1,0,0,0,0,1,0.6989,0.493532,0.280807,Normal
2024-04-07 21:30:00,Dorm B,Room 101,14,Small,4,0.3265289589442941,0.2836626085202203,0.4483198715703379,1,1,1,0,1,1,0,0,1,0.628,0.443144,0.318811,Normal
2024-04-07 22:00:00,Dorm B,Room 106,24,Medium,2,0.4933807822197565,0.44369266744516,0.4668729538082715,1,1,1,1,1,0,0,0,0,0.7534,0.481777,0.207451,Normal
2024-04-07 22:30:00,Dorm B,Room 107,14,Small,3,0.5863423458790908,0.5492849402177453,0.5725844040924997,1,0,1,1,1,1,0,0,0,0.1444,0.081179,0.277712,Normal
2024-04-07 23:00:00,Dorm C,Room 102,22,Medium,2,0.6051781189613855,0.5040671096499714,0.4028465634515684,0,0,1,1,1,1,0,0,1,0.1214,0.06702,0.217393,Normal
2024-04-07 23:30:00,Dorm B,Room 102,14,Small,2,0.5272726840396421,0.6082068771416904,0.4862632008091267,0,0,0,1,1,1,0,0,1,0.092,0.062582,0.26601,Normal
2024-04-08 00:00:00,Dorm C,Room 101,21,Medium,1,0.599188206597729,0.2729311424213334,0.4768067081260343,1,1,1,1,0,1,0,0,1,0.6938,0.45057,0.236629,Normal
2024-04-08 00:30:00,Dorm A,Room 107,25,Medium,3,0.4178292930959908,0.738849458034645,0.3896302310029019,0,0,0,1,0,1,0,0,0,0.0752,0.026112,0.280516,Normal
2024-04-08 01:00:00,Dorm A,Room 106,32,Large,3,0.7354678194966556,0.5732573640014107,0.4714936324268707,0,0,1,1,0,1,0,0,1,0.112,0.102177,0.289862,Normal
2024-04-08 01:30:00,Dorm A,Room 102,15,Small,3,0.659606488250412,0.6959077912852065,0.5829428716709872,1,1,1,1,0,1,0,0,1,0.7751,0.506258,0.303763,Normal
2024-04-08 02:00:00,Dorm A,Room 101,20,Medium,2,0.3459018826037234,0.6245610667161772,0.4850220323418339,0,0,0,1,0,1,0,0,0,0.0677,0.069852,0.27846,Normal
2024-04-08 02:30:00,Dorm B,Room 103,12,Small,1,0.3821128941504544,0.4943749192455145,0.4898301310144961,1,0,1,1,1,1,0,0,1,0.1492,0.074412,0.23129,Normal
2024-04-08 03:00:00,Dorm B,Room 103,12,Small,1,0.3858948798631566,0.3073530887564435,0.3780291857881266,0,0,0,0,0,1,0,0,0,0.011,0.027922,0.229266,Normal
2024-04-08 03:30:00,Dorm C,Room 105,11,Small,1,0.6173787470190754,0.4132603756119838,0.6988497903866426,0,0,1,1,1,1,0,0,0,0.1179,0.066671,0.21894,Normal
2024-04-08 04:00:00,Dorm C,Room 101,21,Medium,1,0.3539808439742902,0.729686242588671,0.384864077142533,0,0,0,1,0,1,0,0,0,0.0676,0.061459,0.241913,Normal
2024-04-08 04:30:00,Dorm C,Room 105,11,Small,1,0.4819697234613301,0.6996875852521103,0.2625640311272655,1,0,1,1,0,1,0,0,0,0.1167,0.036558,0.219055,Normal
2024-04-08 05:00:00,Dorm A,Room 105,18,Medium,1,0.5874160670699272,0.4050236374685871,0.5658427593632407,0,0,0,1,0,1,0,0,1,0.0785,0.05724,0.259897,Normal
2024-04-08 05:30:00,Dorm A,Room 103,17,Medium,2,0.5175142424916256,0.0818981067679142,0.4488724651067904,0,1,0,1,1,1,0,0,1,0.726,0.486958,0.256012,Normal
2024-04-08 06:00:00,Dorm A,Room 104,32,Large,3,0.561137055901958,0.4648238974473906,0.4262912529389264,1,0,0,1,0,1,0,0,1,0.0873,0.063844,0.251516,Normal
2024-04-08 06:30:00,Dorm A,Room 107,25,Medium,3,0.3833610176672488,0.453799829740023,0.3971972411295976,1,0,1,1,1,1,0,1,0,0.3434,0.23792,0.269887,Normal
2024-04-08 07:00:00,Dorm C,Room 103,22,Medium,2,0.6062244700892073,0.459374131185106,0.6871954567588939,0,0,0,1,0,1,0,0,1,0.0726,0.062942,0.290326,Normal
2024-04-08 07:30:00,Dorm A,Room 106,32,Large,3,0.4440995972060176,0.5737562321390022,0.5051869746707741,1,0,0,1,0,1,1,0,0,0.8424,0.570552,0.288073,Normal
2024-04-08 08:00:00,Dorm C,Room 103,22,Medium,2,0.4828292414256269,0.6248509356425318,0.5286003139307272,0,0,1,1,0,0,0,0,0,0.0967,0.05534,0.290818,Normal
2024-04-08 08:30:00,Dorm A,Room 105,18,Medium,1,0.5582979074994249,0.6416173611718774,0.482155892440239,0,1,1,0,1,0,1,0,0,1.3258,0.805897,0.252008,Abnormal
2024-04-08 09:00:00,Dorm C,Room 104,13,Small,2,0.5402271416639391,0.5615833776222467,0.495044682653711,1,0,1,1,0,1,0,0,1,0.1277,0.096942,0.231923,Normal
2024-04-08 09:30:00,Dorm C,Room 108,20,Medium,1,0.5296120070555698,0.2314366684172119,0.6304391364623583,0,1,0,1,1,0,0,0,0,0.7318,0.470182,0.229441,Normal
2024-04-08 10:00:00,Dorm B,Room 105,19,Medium,3,0.4256582429468128,0.4459378374554464,0.432552114648691,1,0,1,1,0,1,0,0,0,0.1138,0.086641,0.267499,Normal
2024-04-08 10:30:00,Dorm B,Room 102,14,Small,2,0.4861937201376511,0.8346943320972917,0.2878590869063028,0,0,1,1,0,0,0,1,1,0.2837,0.19496,0.262503,Normal
2024-04-08 11:00:00,Dorm A,Room 108,15,Small,1,0.5266868834530148,0.5510767254315987,0.5667869825262122,0,0,0,1,1,0,0,1,0,0.2722,0.172373,0.229625,Normal
2024-04-08 11:30:00,Dorm C,Room 101,21,Medium,1,0.3418546939238708,0.5501365863829444,0.5222359846586755,1,0,1,1,0,0,0,0,0,0.1104,0.059747,0.231682,Normal
2024-04-08 12:00:00,Dorm C,Room 101,21,Medium,1,0.4643210059485518,0.5489118613577606,0.4756012675666962,1,0,1,1,1,1,0,1,0,0.3273,0.218141,0.229063,Normal
2024-04-08 12:30:00,Dorm B,Room 103,12,Small,1,0.5784212447924657,0.5571260972809542,0.5191229744587296,1,0,0,1,0,1,0,0,0,0.0822,0.043881,0.228282,Normal
2024-04-08 13:00:00,Dorm C,Room 107,21,Medium,2,0.3549593323557383,0.1458547195477202,0.4181690373975806,0,0,1,1,0,1,0,0,0,0.1042,0.067844,0.257973,Normal
2024-04-08 13:30:00,Dorm A,Room 105,18,Medium,1,0.6816093774782725,0.4608802390292814,0.4651294718378285,1,1,1,1,0,1,0,1,0,0.858,0.551737,0.249364,Normal
2024-04-08 14:00:00,Dorm A,Room 103,17,Medium,2,0.6967784423580201,0.490512363937339,0.4468469961990586,1,0,1,1,0,1,0,0,0,0.1194,0.10023,0.264929,Normal
2024-04-08 14:30:00,Dorm A,Room 106,32,Large,3,0.3592921809044201,0.6844120261953084,0.3916865099914925,0,1,1,1,0,1,0,0,0,0.6758,0.406433,0.290117,Normal
2024-04-08 15:00:00,Dorm C,Room 106,15,Small,1,0.708589070653192,0.503087256651011,0.6053113285187777,1,1,0,1,0,1,1,0,0,1.4271,0.920542,0.203149,Abnormal
2024-04-08 15:30:00,Dorm A,Room 107,25,Medium,3,0.5071249091865435,0.2541068942362399,0.293219189450463,1,0,1,1,0,1,0,0,0,0.1203,0.07502,0.273194,Normal
2024-04-08 16:00:00,Dorm C,Room 107,21,Medium,2,0.5825593196123247,0.5592878367467504,0.7458805889686644,1,0,1,1,1,1,0,1,0,0.3459,0.234481,0.257447,Normal
2024-04-08 16:30:00,Dorm C,Room 105,11,Small,1,0.4597422916163916,0.3779496496224373,0.5679036042180423,1,0,1,1,0,1,0,0,0,0.1212,0.046099,0.218328,Normal
2024-04-08 17:00:00,Dorm A,Room 108,15,Small,1,0.6502682755588735,0.317260160999725,0.2493443552241221,1,0,1,1,1,1,0,1,0,0.3508,0.209983,0.231499,Normal
2024-04-08 17:30:00,Dorm A,Room 104,32,Large,3,0.5808924586333184,0.3734916519834839,0.4357538975233808,0,0,0,1,1,1,0,1,1,0.2748,0.206389,0.250921,Normal
2024-04-08 18:00:00,Dorm C,Room 104,13,Small,2,0.4171328702677053,0.5758085576915146,0.4424266446049033,1,1,1,1,1,0,0,0,1,0.7633,0.50705,0.233134,Normal
2024-04-08 18:30:00,Dorm B,Room 103,12,Small,1,0.370021437309059,0.6810709733165992,0.5096613950645489,1,1,1,0,1,1,0,0,1,0.7196,0.433629,0.219495,Normal
2024-04-08 19:00:00,Dorm A,Room 106,32,Large,3,0.330418377523995,0.567053413929091,0.3439518878225145,0,1,1,1,0,1,0,1,0,0.8593,0.595733,0.297439,Normal
2024-04-08 19:30:00,Dorm C,Room 106,15,Small,1,0.5516159979208781,0.5889644296968874,0.4664890562020533,0,0,1,1,1,1,1,0,1,0.8873,0.552102,0.221146,Abnormal
2024-04-08 20:00:00,Dorm C,Room 106,15,Small,1,0.6032206325436198,0.5656007447426654,0.4481163750059949,1,1,1,1,1,1,0,0,0,0.6923,0.438782,0.231862,Normal
2024-04-08 20:30:00,Dorm C,Room 108,20,Medium,1,0.6137547178159931,0.5109723862587012,0.3741553703950059,0,0,1,1,1,0,0,0,1,0.1112,0.057238,0.230234,Normal
2024-04-08 21:00:00,Dorm B,Room 104,25,Medium,3,0.5105605459307583,0.5985033393535086,0.357463565035265,1,0,1,1,1,1,0,0,1,0.1473,0.093265,0.311011,Normal
2024-04-08 21:30:00,Dorm B,Room 108,20,Medium,3,0.3711226375199291,0.1406135790369274,0.5728754281584995,1,0,0,1,0,1,0,0,0,0.0823,0.061027,0.303212,Normal
2024-04-08 22:00:00,Dorm A,Room 103,17,Medium,2,0.4348580596151703,0.5124069059728114,0.2591090231318701,1,1,0,1,1,1,1,0,1,1.4223,0.879534,0.26477,Abnormal
2024-04-08 22:30:00,Dorm C,Room 107,21,Medium,2,0.681041298843587,0.3425171041523938,0.5199778396859732,1,1,1,1,1,1,0,0,1,0.7627,0.508768,0.252298,Normal
2024-04-08 23:00:00,Dorm B,Room 106,24,Medium,2,0.461355733128091,0.6669834115510207,0.5583238202170023,0,0,0,1,0,1,0,0,0,0.0641,0.047865,0.212733,Normal
2024-04-08 23:30:00,Dorm B,Room 103,12,Small,1,0.5456407698443445,0.4744549547567224,0.4364266848002562,0,0,1,1,0,1,0,0,1,0.1048,0.065133,0.217022,Normal
2024-04-09 00:00:00,Dorm C,Room 108,20,Medium,1,0.3820394272334744,0.5006293490941998,0.4689301329250391,1,0,1,1,0,1,0,0,1,0.1232,0.096372,0.220825,Normal
2024-04-09 00:30:00,Dorm C,Room 103,22,Medium,2,0.5715639490613416,0.274893098803526,0.6022307805105537,1,0,1,1,1,1,0,0,1,0.1447,0.087505,0.289877,Normal
2024-04-09 01:00:00,Dorm A,Room 105,18,Medium,1,0.4649716714022835,0.6455164547935921,0.3780863896188235,0,0,0,1,0,1,0,1,1,0.2772,0.166801,0.259703,Normal
2024-04-09 01:30:00,Dorm C,Room 107,21,Medium,2,0.666864749570998,0.588274428883562,0.3904671205000877,1,0,0,1,0,0,0,0,0,0.0755,0.044001,0.261008,Normal
2024-04-09 02:00:00,Dorm B,Room 106,24,Medium,2,0.6302068094144523,0.5779312228098934,0.4032041203940303,1,0,1,1,1,1,0,0,1,0.1393,0.0874,0.205154,Normal
2024-04-09 02:30:00,Dorm A,Room 106,32,Large,3,0.4598691266435967,0.3765978650660225,0.6024503964187435,1,1,0,0,1,1,0,0,1,0.7014,0.471593,0.299973,Normal
2024-04-09 03:00:00,Dorm B,Room 102,14,Small,2,0.5093952792508263,0.3823856624868532,0.6176826876246195,1,0,0,1,1,1,0,0,0,0.1046,0.059466,0.25763,Normal
2024-04-09 03:30:00,Dorm A,Room 105,18,Medium,1,0.4524329560970597,0.5289417396070293,0.295182895566072,1,0,0,1,0,1,0,0,0,0.0835,0.06801,0.259918,Normal
2024-04-09 04:00:00,Dorm B,Room 105,19,Medium,3,0.3359031098689371,0.3940164297590662,0.5833650837998368,0,0,0,1,0,1,0,1,0,0.2516,0.187934,0.267779,Normal
2024-04-09 04:30:00,Dorm B,Room 102,14,Small,2,0.4113233779741667,0.5599938127719011,0.5608909251574207,1,1,0,1,0,1,0,0,0,0.655,0.436826,0.257607,Normal
2024-04-09 05:00:00,Dorm B,Room 106,24,Medium,2,0.552994997147529,0.178509568345129,0.649030816788815,0,0,0,1,0,1,0,0,1,0.0771,0.060986,0.205326,Normal
2024-04-09 05:30:00,Dorm C,Room 101,21,Medium,1,0.5700443067147067,0.4244307395266822,0.508848170940497,0,0,1,1,0,1,0,0,1,0.1126,0.055541,0.229711,Normal
2024-04-09 06:00:00,Dorm B,Room 108,20,Medium,3,0.5463292625761378,0.7601352763013736,0.4573371356735924,0,0,0,1,0,1,0,1,0,0.2592,0.176055,0.300226,Normal
2024-04-09 06:30:00,Dorm A,Room 104,32,Large,3,0.4859006709773543,0.5606687885016237,0.6000379424372942,0,0,1,1,0,1,0,0,0,0.0939,0.094876,0.253495,Normal
2024-04-09 07:00:00,Dorm B,Room 102,14,Small,2,0.6516132179766347,0.5205934587753527,0.5464940567316388,0,0,0,1,0,0,1,0,0,0.8838,0.582266,0.256449,Normal
2024-04-09 07:30:00,Dorm A,Room 108,15,Small,1,0.5349212900363522,0.7878336169453335,0.7319660883286728,0,0,0,1,1,1,0,0,0,0.0902,0.061787,0.226773,Normal
2024-04-09 08:00:00,Dorm C,Room 102,22,Medium,2,0.6207718904667897,0.1527852264935564,0.5776625905069247,0,0,1,1,1,1,0,0,1,0.1281,0.061962,0.21697,Normal
2024-04-09 08:30:00,Dorm C,Room 103,22,Medium,2,0.288349724017101,0.3762615778848913,0.4810680523432372,0,1,1,1,0,0,0,0,0,0.6578,0.422214,0.289653,Normal
2024-04-09 09:00:00,Dorm B,Room 103,12,Small,1,0.0,0.4371240332214948,0.321790409159265,0,0,1,1,0,1,0,0,0,0.1041,0.049603,0.217796,Normal
2024-04-09 09:30:00,Dorm A,Room 107,25,Medium,3,0.56447875368551,0.6222260001332567,0.3929547159944135,0,0,0,1,1,0,0,0,0,0.0808,0.051338,0.273024,Normal
2024-04-09 10:00:00,Dorm C,Room 101,21,Medium,1,0.3351874836104165,0.6247691931272359,0.290376352725981,1,1,0,0,0,1,0,0,0,0.6622,0.35835,0.230023,Normal
2024-04-09 10:30:00,Dorm A,Room 107,25,Medium,3,0.4978824042070842,0.3688112623818679,0.4368461340512406,1,0,1,1,0,0,0,0,0,0.1096,0.073592,0.263042,Normal
2024-04-09 11:00:00,Dorm C,Room 101,21,Medium,1,0.4858518231960128,0.6427423206497442,0.5737467594223068,0,0,1,1,0,0,0,0,1,0.0966,0.072943,0.233792,Normal
2024-04-09 11:30:00,Dorm C,Room 107,21,Medium,2,0.7394261294319279,0.436809300492506,0.462206577053184,1,0,1,1,0,1,0,0,0,0.1174,0.092703,0.260939,Normal
2024-04-09 12:00:00,Dorm A,Room 104,32,Large,3,0.5800741666962839,0.6741458963406617,0.585222752390192,0,0,1,1,0,0,0,0,0,0.0938,0.058484,0.253994,Normal
2024-04-09 12:30:00,Dorm B,Room 106,24,Medium,2,0.5486524494149116,0.3443221383667997,0.50314551012982,1,1,1,1,0,0,0,0,1,0.7443,0.497684,0.205035,Normal
2024-04-09 13:00:00,Dorm C,Room 102,22,Medium,2,0.6387197031631353,0.4779590686034303,0.4142882592415186,1,1,1,1,0,1,0,0,0,0.7033,0.479526,0.214592,Normal
2024-04-09 13:30:00,Dorm B,Room 106,24,Medium,2,0.5758469433891554,0.4240452941615552,0.4731593316999244,0,0,1,1,0,0,0,0,0,0.0921,0.048778,0.205954,Normal
2024-04-09 14:00:00,Dorm C,Room 108,20,Medium,1,0.4649726871354791,0.6512772810984087,0.5192841472764217,1,0,1,1,1,1,0,0,0,0.1396,0.100291,0.212896,Normal
2024-04-09 14:30:00,Dorm B,Room 108,20,Medium,3,0.6701880220082941,0.4192522967126111,0.4793495414654192,1,0,1,1,0,0,0,0,0,0.112,0.072873,0.292356,Normal
2024-04-09 15:00:00,Dorm C,Room 107,21,Medium,2,0.3774631877871441,0.4898428504984954,0.4807244902943274,1,0,1,1,0,0,0,0,0,0.1089,0.049505,0.261205,Normal
2024-04-09 15:30:00,Dorm B,Room 102,14,Small,2,0.5697742506548615,0.5705630750448965,0.3703845231237072,0,0,1,1,0,1,0,0,0,0.1079,0.060154,0.26691,Normal
2024-04-09 16:00:00,Dorm A,Room 107,25,Medium,3,0.3187069260311592,0.5762133277084214,0.4107030969357767,1,1,1,1,0,1,0,0,0,0.6751,0.450505,0.262706,Normal
2024-04-09 16:30:00,Dorm A,Room 108,15,Small,1,0.5537635087278381,0.6264293094541311,0.733593159022894,1,0,0,1,1,1,0,0,0,0.1051,0.042758,0.226997,Normal
2024-04-09 17:00:00,Dorm C,Room 107,21,Medium,2,0.552293431394294,0.5271084385992313,0.6100253706108976,0,0,1,1,0,0,0,1,1,0.3111,0.172367,0.260974,Normal
2024-04-09 17:30:00,Dorm B,Room 106,24,Medium,2,0.7513773999220889,0.4346145513072033,0.2858312021656697,1,1,1,0,0,0,0,1,0,0.8423,0.571496,0.204829,Normal
2024-04-09 18:00:00,Dorm B,Room 107,14,Small,3,0.3163712616166695,0.4446888073014872,0.1786831736621104,0,1,1,1,1,1,0,1,0,0.8868,0.592552,0.275016,Normal
2024-04-09 18:30:00,Dorm B,Room 107,14,Small,3,0.4457535984575537,0.4998540120171718,0.4717877536110201,0,0,1,1,1,0,0,0,1,0.1104,0.07029,0.278458,Normal
2024-04-09 19:00:00,Dorm C,Room 107,21,Medium,2,0.6367994436680202,0.5327617207135928,0.5698363932939626,1,0,1,1,0,1,0,1,1,0.3373,0.224298,0.252085,Normal
2024-04-09 19:30:00,Dorm B,Room 106,24,Medium,2,0.5713940776755354,0.474452553014257,0.4002698903030103,0,0,1,1,1,1,0,0,0,0.1284,0.093863,0.212037,Normal
2024-04-09 20:00:00,Dorm B,Room 107,14,Small,3,0.5505911343680359,0.49890333171004,0.5852147695595521,1,0,1,1,0,0,0,0,0,0.1079,0.048074,0.278126,Normal
2024-04-09 20:30:00,Dorm B,Room 106,24,Medium,2,0.3980785462474314,0.2731028122319432,0.4698037170642182,1,0,1,1,1,1,1,0,0,0.8352,0.493779,0.213045,Normal
2024-04-09 21:00:00,Dorm A,Room 103,17,Medium,2,0.4471048549797936,0.5941568927658185,0.443084633060581,1,0,1,1,0,1,0,0,1,0.1254,0.092796,0.271784,Normal
2024-04-09 21:30:00,Dorm C,Room 108,20,Medium,1,0.6934807974110536,0.5226977495078038,0.5533576716436299,1,0,0,1,1,1,0,0,1,0.1112,0.076007,0.213192,Normal
2024-04-09 22:00:00,Dorm C,Room 102,22,Medium,2,0.5194812059811237,0.6433178364696366,0.3988381809455185,1,1,1,1,1,1,0,0,1,0.7756,0.512369,0.220756,Normal
2024-04-09 22:30:00,Dorm C,Room 107,21,Medium,2,0.5767678519769389,0.4961047509583682,0.4282510128041287,1,0,1,1,0,1,0,0,0,0.1158,0.063249,0.245834,Normal
2024-04-09 23:00:00,Dorm A,Room 106,32,Large,3,0.5109353406072736,0.2406031345693254,0.5430465528364324,1,0,1,1,1,1,1,1,0,1.0416,0.71178,0.308472,Normal
2024-04-09 23:30:00,Dorm A,Room 103,17,Medium,2,0.3676214343256924,0.4434032672404123,0.4588804438845768,0,0,1,1,1,1,0,0,1,0.1263,0.096132,0.272903,Normal
2024-04-10 00:00:00,Dorm A,Room 101,20,Medium,2,0.6517130401335384,0.4666991021986196,0.6916417201838452,1,0,0,1,0,1,0,0,1,0.0899,0.062425,0.278494,Normal
2024-04-10 00:30:00,Dorm B,Room 107,14,Small,3,0.5939286186797111,0.605259565510166,0.5458848067440591,0,0,1,1,0,1,0,1,0,0.3088,0.204641,0.27755,Normal
2024-04-10 01:00:00,Dorm A,Room 108,15,Small,1,0.835814847154682,0.1918300470102593,0.5380854066153408,1,0,1,1,0,1,0,0,1,0.1216,0.081755,0.226556,Normal
2024-04-10 01:30:00,Dorm A,Room 102,15,Small,3,0.3901008193218476,0.5021329782148771,0.4567079531149118,1,0,1,1,0,1,0,0,1,0.1275,0.105226,0.301879,Normal
2024-04-10 02:00:00,Dorm C,Room 101,21,Medium,1,0.6367847478311388,0.5715717940753822,0.5675907801353675,1,0,1,1,1,1,0,0,0,0.1408,0.090828,0.233781,Normal
2024-04-10 02:30:00,Dorm B,Room 108,20,Medium,3,0.3503820571549392,0.3988677157500623,0.4239439376330143,1,0,1,1,0,1,0,0,0,0.121,0.063333,0.291746,Normal
2024-04-10 03:00:00,Dorm C,Room 102,22,Medium,2,0.5475100606299199,0.5070486287546536,0.4965236818181369,0,0,1,1,0,1,0,0,0,0.1085,0.0964,0.226626,Normal
2024-04-10 03:30:00,Dorm B,Room 106,24,Medium,2,0.6574429493219661,0.4039307518140928,0.3527198775213889,0,1,1,1,0,1,0,0,0,0.671,0.440135,0.221027,Normal
2024-04-10 04:00:00,Dorm B,Room 107,14,Small,3,0.2483092263815883,0.3888618149170091,0.587348144913534,1,0,1,1,0,1,0,0,0,0.1196,0.067771,0.279473,Normal
2024-04-10 04:30:00,Dorm C,Room 101,21,Medium,1,0.4988914994815326,0.4360590483610345,0.4975106635175927,0,0,0,1,0,1,0,0,0,0.0704,0.033912,0.225611,Normal
2024-04-10 05:00:00,Dorm A,Room 108,15,Small,1,0.4508099853766835,0.3916365918545636,0.7004878779283692,0,1,1,1,0,1,0,0,0,0.7546,0.470349,0.224726,Normal
2024-04-10 05:30:00,Dorm B,Room 106,24,Medium,2,0.4321897889083803,0.5965469364707559,0.749649572736658,1,0,1,1,0,1,0,0,0,0.1173,0.066021,0.228757,Normal
2024-04-10 06:00:00,Dorm C,Room 106,15,Small,1,0.5780901380987966,0.3880713157100986,0.5542219641506708,0,0,1,1,0,1,1,0,0,0.8288,0.492883,0.239352,Normal
2024-04-10 06:30:00,Dorm B,Room 102,14,Small,2,0.6767920709178843,0.3633878874701614,0.4708559381344976,0,0,1,1,0,1,0,0,1,0.1052,0.07641,0.26527,Normal
2024-04-10 07:00:00,Dorm C,Room 107,21,Medium,2,0.5085075751055791,0.7558991321709798,0.349148213015752,0,0,1,1,0,1,0,0,0,0.0975,0.066267,0.245777,Normal
2024-04-10 07:30:00,Dorm B,Room 103,12,Small,1,0.5539705246667529,0.6372732388191513,0.5711892771660807,1,0,1,1,0,1,1,1,0,1.0392,0.648195,0.214597,Abnormal
2024-04-10 08:00:00,Dorm B,Room 106,24,Medium,2,0.5417343011202428,0.2225098182782541,0.4878747061245875,1,0,1,1,0,1,0,0,0,0.1222,0.064049,0.22956,Normal
2024-04-10 08:30:00,Dorm A,Room 106,32,Large,3,0.5266358753669137,0.3836894421434548,0.5271947066720272,1,0,0,0,1,0,1,0,0,0.8077,0.544638,0.321563,Normal
2024-04-10 09:00:00,Dorm C,Room 108,20,Medium,1,0.3802019131734413,0.5317139559591977,0.670168532749137,1,1,1,1,0,0,0,1,1,0.9598,0.589605,0.213508,Abnormal
2024-04-10 09:30:00,Dorm A,Room 104,32,Large,3,0.6751492905510684,0.5436607882049833,0.3637414363756492,1,0,1,1,0,1,0,0,1,0.133,0.093884,0.253813,Normal
2024-04-10 10:00:00,Dorm B,Room 104,25,Medium,3,0.5660096412300778,0.2770356560592016,0.3517587881657711,0,1,1,1,1,1,0,0,1,0.7043,0.487659,0.311762,Normal
2024-04-10 10:30:00,Dorm B,Room 107,14,Small,3,0.5793877151724476,0.6663460265316179,0.4342831197262243,1,1,1,1,1,0,0,0,0,0.7627,0.546837,0.278922,Normal
2024-04-10 11:00:00,Dorm B,Room 102,14,Small,2,0.4181586601465283,0.6173576241231054,0.5611659961816948,1,0,1,1,0,1,0,1,1,0.3381,0.220548,0.265252,Normal
2024-04-10 11:30:00,Dorm B,Room 103,12,Small,1,0.4647655591437193,0.5669022911849924,0.5292140795569819,1,1,0,1,0,0,0,0,0,0.6499,0.406809,0.226734,Normal
2024-04-10 12:00:00,Dorm A,Room 107,25,Medium,3,0.5027562849272554,0.6954684163321814,0.3551917910506162,1,0,1,1,0,1,0,0,0,0.1218,0.068612,0.270296,Normal
2024-04-10 12:30:00,Dorm A,Room 107,25,Medium,3,0.3205112850315161,0.5625505115064178,0.5534101851880945,1,0,0,1,0,0,0,1,1,0.2812,0.169046,0.269804,Normal
2024-04-10 13:00:00,Dorm A,Room 108,15,Small,1,0.2998563092345219,0.5620054135565344,0.3185382263304659,1,1,0,1,0,1,0,0,1,0.6327,0.389977,0.232493,Normal
2024-04-10 13:30:00,Dorm A,Room 108,15,Small,1,0.4457722854397656,0.7250005037578626,0.3621436377711139,1,0,1,0,1,0,0,0,0,0.0729,0.037391,0.231206,Normal
2024-04-10 14:00:00,Dorm C,Room 102,22,Medium,2,0.5965171575319267,0.6579183683750891,0.4487956514008876,1,0,1,1,0,1,0,0,0,0.1263,0.056551,0.227766,Normal
2024-04-10 14:30:00,Dorm C,Room 103,22,Medium,2,0.4387415167907517,0.3724117161395804,0.3962521863923229,1,0,1,1,0,1,0,0,0,0.1228,0.086116,0.296856,Normal
2024-04-10 15:00:00,Dorm A,Room 106,32,Large,3,0.3896681766030554,0.5891366623149887,0.5694028952078332,1,0,0,1,1,0,0,0,0,0.0938,0.078115,0.319415,Normal
2024-04-10 15:30:00,Dorm B,Room 103,12,Small,1,0.4170614215897374,0.3984591649476665,0.4970036471713431,1,0,1,1,0,0,0,0,0,0.1123,0.052522,0.233173,Normal
2024-04-10 16:00:00,Dorm A,Room 105,18,Medium,1,0.4652859910077458,0.5701726200839119,0.6744602925287309,1,1,1,1,0,0,0,0,0,0.7401,0.429142,0.259575,Normal
2024-04-10 16:30:00,Dorm C,Room 104,13,Small,2,0.4789052713152526,0.5661251388417103,0.4329923178358035,1,1,1,1,1,1,0,0,0,0.7028,0.475987,0.233746,Normal
2024-04-10 17:00:00,Dorm B,Room 103,12,Small,1,0.8170110864257732,0.2927643234413982,0.4479864777990477,1,0,1,1,1,1,0,0,0,0.1363,0.107348,0.224997,Normal
2024-04-10 17:30:00,Dorm C,Room 104,13,Small,2,0.6679260073046167,0.4781745127948396,0.6078558583977267,1,1,1,1,0,1,1,1,0,1.5912,1.0,0.241628,Abnormal
2024-04-10 18:00:00,Dorm A,Room 104,32,Large,3,0.6639205460294112,0.5350638107272563,0.4517392820224651,1,0,1,1,1,1,0,1,1,0.3494,0.230418,0.253921,Normal
2024-04-10 18:30:00,Dorm A,Room 101,20,Medium,2,0.6832196283583942,0.4319631730506824,0.641881893304937,0,0,1,1,0,1,0,0,0,0.1039,0.064657,0.278363,Normal
2024-04-10 19:00:00,Dorm B,Room 104,25,Medium,3,0.3923501128260868,0.5423315004256719,0.5275298257141304,1,0,1,1,1,1,0,1,0,0.3471,0.238362,0.312733,Normal
2024-04-10 19:30:00,Dorm C,Room 104,13,Small,2,0.3623501017574404,0.6145173461039406,0.1803846380486187,1,0,1,1,1,1,1,1,0,1.1319,0.733662,0.261045,Abnormal
2024-04-10 20:00:00,Dorm C,Room 107,21,Medium,2,0.3778496674994259,0.4915851508789688,0.6039193993943169,1,0,1,1,1,1,0,0,1,0.1426,0.08894,0.2273,Normal
2024-04-10 20:30:00,Dorm C,Room 105,11,Small,1,0.7054871934560552,0.5290887046733819,0.5721462741719651,1,1,1,1,1,1,1,0,1,1.548,1.0,0.209896,Abnormal
2024-04-10 21:00:00,Dorm A,Room 101,20,Medium,2,0.4529596251740158,0.6993916478306081,0.5767777876019062,1,0,1,1,1,1,0,0,1,0.1455,0.102808,0.267725,Normal
2024-04-10 21:30:00,Dorm C,Room 107,21,Medium,2,0.3584593763161293,0.565622981588719,0.2333880851993976,1,0,1,1,1,1,0,0,1,0.1376,0.089453,0.219093,Normal
2024-04-10 22:00:00,Dorm B,Room 105,19,Medium,3,0.4685533020886733,0.5255946605190629,0.383108494165058,0,1,1,1,0,1,0,0,1,0.6585,0.443366,0.270066,Normal
2024-04-10 22:30:00,Dorm B,Room 102,14,Small,2,0.4943725088295956,0.3552800974648246,0.392020435612191,1,0,1,1,1,1,0,0,0,0.1374,0.092563,0.249209,Normal
2024-04-10 23:00:00,Dorm A,Room 105,18,Medium,1,0.562415431389753,0.5946963493836872,0.3617381780386312,0,0,0,1,0,1,0,0,1,0.0769,0.053743,0.264478,Normal
2024-04-10 23:30:00,Dorm A,Room 102,15,Small,3,0.560071962637235,0.5446005915637755,0.6716243786231215,1,1,1,1,1,1,1,0,1,1.5172,0.983176,0.30237,Abnormal
2024-04-11 00:00:00,Dorm B,Room 102,14,Small,2,0.4152503779961778,0.6847418135250134,0.4612352149746866,0,0,0,1,0,1,0,0,1,0.073,0.028832,0.238802,Normal
2024-04-11 00:30:00,Dorm C,Room 102,22,Medium,2,0.6184102799430674,0.5029705173556005,0.4582608013185718,1,0,0,0,0,1,0,0,0,0.0288,0.007868,0.224786,Normal
2024-04-11 01:00:00,Dorm B,Room 108,20,Medium,3,0.4406128097607732,0.2291593781027351,0.5288710954813974,0,1,1,1,0,1,1,0,0,1.5361,0.995203,0.291375,Abnormal
2024-04-11 01:30:00,Dorm C,Room 108,20,Medium,1,0.5054212489960599,0.2462283485186912,0.5309457690380354,1,0,0,1,0,0,0,0,0,0.0817,0.053026,0.216408,Normal
2024-04-11 02:00:00,Dorm A,Room 108,15,Small,1,0.6185602745312073,0.604198127823933,0.0625619515748528,0,0,0,1,0,1,0,1,0,0.2595,0.156339,0.230498,Normal
2024-04-11 02:30:00,Dorm B,Room 107,14,Small,3,0.440260144403565,0.4122844880934342,0.3851038759387349,1,1,0,1,0,1,0,0,0,0.7394,0.49806,0.28843,Normal
2024-04-11 03:00:00,Dorm A,Room 107,25,Medium,3,0.4499857585409142,0.5602693350446031,0.2931556116275039,1,0,0,1,1,1,0,0,0,0.1073,0.051078,0.261851,Normal
2024-04-11 03:30:00,Dorm C,Room 101,21,Medium,1,0.605796859170761,0.5128689969439848,0.5106714730490478,0,0,0,1,1,1,0,0,1,0.0929,0.076407,0.224346,Normal
2024-04-11 04:00:00,Dorm A,Room 102,15,Small,3,0.4112843591462108,0.4715621055208054,0.4279887486170922,1,1,0,1,1,1,0,0,0,0.6494,0.415248,0.318017,Normal
2024-04-11 04:30:00,Dorm C,Room 103,22,Medium,2,0.4747539936170349,0.4819197350381818,0.4644930320228541,1,1,1,1,0,1,0,0,0,0.6983,0.456114,0.297129,Normal
2024-04-11 05:00:00,Dorm C,Room 106,15,Small,1,0.6009755364179875,0.3689019677801652,0.2132882492237175,0,0,1,0,1,1,0,1,0,0.2408,0.135589,0.248709,Normal
2024-04-11 05:30:00,Dorm C,Room 102,22,Medium,2,0.8020570936548372,0.4937624450258481,0.4254742129571663,1,0,0,0,0,1,0,0,0,0.0282,0.025061,0.214861,Normal
2024-04-11 06:00:00,Dorm B,Room 107,14,Small,3,0.6076403185031987,0.4101829586646746,0.596428491218783,1,1,1,1,0,1,0,0,1,0.7172,0.518233,0.29348,Normal
2024-04-11 06:30:00,Dorm B,Room 104,25,Medium,3,0.5898230285983975,0.441373676238715,0.6317377898165633,1,1,0,1,1,1,1,0,0,1.5119,1.0,0.316442,Abnormal
2024-04-11 07:00:00,Dorm A,Room 108,15,Small,1,0.5976284595182191,0.4485171180587116,0.5488886011291891,1,0,1,1,0,0,0,0,0,0.1051,0.052522,0.222552,Normal
2024-04-11 07:30:00,Dorm A,Room 105,18,Medium,1,0.382369592196268,0.4627659127252899,0.3024320388716855,0,0,1,1,0,1,0,0,0,0.0984,0.063323,0.256173,Normal
2024-04-11 08:00:00,Dorm B,Room 102,14,Small,2,0.541907151327987,0.6316054286367996,0.6137366611847034,1,0,0,0,0,1,0,0,0,0.0272,0.012336,0.229702,Normal
2024-04-11 08:30:00,Dorm A,Room 105,18,Medium,1,0.5223991198833094,0.4770068693144043,0.549505104083805,0,1,1,1,0,0,1,1,1,1.6131,0.980205,0.255904,Abnormal
2024-04-11 09:00:00,Dorm B,Room 102,14,Small,2,0.5695511201303117,0.6465262950612993,0.4485878983839515,0,0,1,1,1,0,0,0,0,0.1146,0.089969,0.218854,Normal
2024-04-11 09:30:00,Dorm C,Room 108,20,Medium,1,0.5420294514347782,0.7220870860403437,0.2197046242136937,1,0,1,1,0,1,0,0,0,0.1191,0.108993,0.216244,Normal
2024-04-11 10:00:00,Dorm B,Room 103,12,Small,1,0.5773502860138942,0.6217253627364177,0.5770491996974466,0,0,0,1,0,0,0,0,0,0.0577,0.055452,0.225632,Normal
2024-04-11 10:30:00,Dorm A,Room 101,20,Medium,2,0.4845943300859666,0.5746276175925296,0.3916051619979077,0,1,0,1,1,1,0,0,0,0.7453,0.464306,0.259512,Normal
2024-04-11 11:00:00,Dorm C,Room 107,21,Medium,2,0.5342592734371251,0.544113010552695,0.5041762976386587,1,0,1,1,1,1,0,0,0,0.1464,0.126588,0.21632,Normal
2024-04-11 11:30:00,Dorm B,Room 107,14,Small,3,0.3616168287593874,0.6232558313886598,0.4708521650286553,1,0,0,1,0,1,0,0,0,0.0836,0.04645,0.293919,Normal
2024-04-11 12:00:00,Dorm A,Room 106,32,Large,3,0.4834616543056991,0.5092137770159755,0.6472073029363175,1,1,1,1,1,1,0,0,1,0.7046,0.471699,0.311575,Normal
2024-04-11 12:30:00,Dorm C,Room 103,22,Medium,2,0.7130464434976735,0.6407753140092669,0.447606794480295,1,0,0,1,0,1,0,1,0,0.2876,0.180999,0.285798,Normal
2024-04-11 13:00:00,Dorm B,Room 107,14,Small,3,0.5691785485210258,0.5863312537442371,0.460833827117173,1,0,1,1,0,1,0,0,0,0.1217,0.08592,0.274321,Normal
2024-04-11 13:30:00,Dorm B,Room 102,14,Small,2,0.5235861968276073,0.4431983626024241,0.6520325205086719,1,0,1,1,0,1,0,0,1,0.1184,0.046307,0.218921,Normal
2024-04-11 14:00:00,Dorm A,Room 106,32,Large,3,0.7808573204735021,0.6277370155689528,0.3836804743270332,1,1,1,1,0,1,0,1,0,0.9452,0.653085,0.309011,Normal
2024-04-11 14:30:00,Dorm B,Room 108,20,Medium,3,0.3437671062012173,0.5095252283536515,0.5603408109261235,1,0,1,0,0,0,0,0,0,0.0503,0.051008,0.307581,Normal
2024-04-11 15:00:00,Dorm A,Room 106,32,Large,3,0.377502719989203,0.4804838121946204,0.4388191882090863,1,0,1,1,0,1,0,0,0,0.1172,0.117189,0.311855,Normal
2024-04-11 15:30:00,Dorm A,Room 105,18,Medium,1,0.7562430868549971,0.4260980792848293,0.3423726478131965,0,0,1,1,0,1,1,0,0,0.8651,0.520485,0.274467,Normal
2024-04-11 16:00:00,Dorm C,Room 106,15,Small,1,0.5325618894258969,0.5204795903290103,0.4627862781668248,0,0,1,1,1,1,0,1,0,0.3171,0.212679,0.250536,Normal
2024-04-11 16:30:00,Dorm C,Room 104,13,Small,2,0.4938387198795539,0.6425230967516948,0.5456304357369643,1,0,1,1,0,1,0,0,0,0.1191,0.059099,0.27487,Normal
2024-04-11 17:00:00,Dorm B,Room 107,14,Small,3,0.3654582582888197,0.6267213810484851,0.6250507388400801,1,1,1,1,1,1,0,0,1,0.7479,0.491935,0.271712,Normal
2024-04-11 17:30:00,Dorm B,Room 105,19,Medium,3,0.5864755622143382,0.5480165491899778,0.6395651329420673,1,0,1,1,1,1,0,0,0,0.1386,0.076372,0.26783,Normal
2024-04-11 18:00:00,Dorm B,Room 106,24,Medium,2,0.5994614283880187,0.5842058680854787,0.4272843291624786,1,0,0,1,1,1,0,1,0,0.3089,0.218243,0.226872,Normal
2024-04-11 18:30:00,Dorm B,Room 102,14,Small,2,0.3795105417809887,0.6829720052182366,0.3442073072972302,1,0,1,1,1,1,0,1,1,0.3368,0.223464,0.218233,Normal
2024-04-11 19:00:00,Dorm B,Room 102,14,Small,2,0.5075685813239784,0.4740418472162227,0.4244080839931413,0,0,1,1,1,1,0,0,0,0.1203,0.079955,0.221905,Normal
2024-04-11 19:30:00,Dorm A,Room 103,17,Medium,2,0.4813669556045482,0.3321570370087904,0.3208994717271448,1,0,0,1,1,1,1,0,0,0.8156,0.539488,0.259426,Normal
2024-04-11 20:00:00,Dorm B,Room 107,14,Small,3,0.5607464786090135,0.6872975406339088,0.4365673055915425,1,0,1,1,1,0,0,1,0,0.3132,0.224098,0.280365,Normal
2024-04-11 20:30:00,Dorm B,Room 101,14,Small,4,0.3761882537276306,0.4182239998236015,0.421657619688023,0,1,1,1,1,1,0,0,1,0.6864,0.462386,0.323627,Normal
2024-04-11 21:00:00,Dorm C,Room 102,22,Medium,2,0.6944076561095004,0.394627832988705,0.5499235512159832,1,1,1,0,0,0,0,0,0,0.6322,0.426317,0.206354,Normal
2024-04-11 21:30:00,Dorm C,Room 105,11,Small,1,0.6492991970093084,0.2321087168545766,0.1980022977057589,1,0,0,1,1,1,0,0,1,0.1077,0.05844,0.223101,Normal
2024-04-11 22:00:00,Dorm A,Room 104,32,Large,3,0.4776549657892054,0.5800379452405882,0.3746364976139889,1,0,1,1,0,1,0,0,1,0.1282,0.075497,0.257819,Normal
2024-04-11 22:30:00,Dorm A,Room 102,15,Small,3,0.49735002379393,0.257789574878452,0.3756070069862467,1,0,1,1,0,1,0,0,0,0.1229,0.091159,0.324795,Normal
2024-04-11 23:00:00,Dorm C,Room 102,22,Medium,2,0.508085719929216,0.3858217816810612,0.605065927449133,0,0,1,1,1,1,0,0,1,0.1267,0.102289,0.214006,Normal
2024-04-11 23:30:00,Dorm B,Room 101,14,Small,4,0.4219433001070337,0.5825294974953106,0.3290197649488145,0,0,1,1,1,1,0,0,1,0.1204,0.083516,0.32271,Normal
2024-04-12 00:00:00,Dorm A,Room 104,32,Large,3,0.4668847397364336,0.6021760053424068,0.4898389404413764,0,1,0,1,1,1,0,0,0,0.7169,0.509889,0.247126,Normal
2024-04-12 00:30:00,Dorm A,Room 105,18,Medium,1,0.4901230254610915,0.4003055513071409,0.4472755075973486,1,0,0,0,0,0,0,0,1,0.0227,0.009124,0.27548,Normal
2024-04-12 01:00:00,Dorm C,Room 106,15,Small,1,0.7428439541105337,0.4763657488104215,0.587780170834974,0,1,0,1,0,1,0,0,1,0.6283,0.376067,0.253247,Normal
2024-04-12 01:30:00,Dorm C,Room 104,13,Small,2,0.6534318831649387,0.3678431049105645,0.534128580539392,0,1,1,1,1,1,0,0,1,0.7396,0.469978,0.274812,Normal
2024-04-12 02:00:00,Dorm B,Room 103,12,Small,1,0.6518263443421614,0.4154877863917883,0.4771925318284459,0,0,0,1,1,1,0,0,0,0.092,0.034411,0.216012,Normal
2024-04-12 02:30:00,Dorm B,Room 105,19,Medium,3,0.5760385873138901,0.5352046348936386,0.396103948781553,1,0,0,1,0,1,0,0,0,0.0831,0.063258,0.268196,Normal
2024-04-12 03:00:00,Dorm C,Room 106,15,Small,1,0.3764463554240179,0.422358266312075,0.240422595398955,1,0,1,1,1,1,0,0,0,0.1446,0.116778,0.257175,Normal
2024-04-12 03:30:00,Dorm C,Room 108,20,Medium,1,0.5208256532851848,0.4601908819201694,0.4922897106528683,0,0,1,0,0,1,0,0,0,0.0414,0.043236,0.210321,Normal
2024-04-12 04:00:00,Dorm A,Room 106,32,Large,3,0.6566353044935298,0.280825239954222,0.526289532751869,1,0,0,1,0,1,0,0,0,0.0892,0.07568,0.312907,Normal
2024-04-12 04:30:00,Dorm C,Room 107,21,Medium,2,0.3575322491012677,0.6625824337269077,0.2737110887283601,1,0,0,0,1,1,0,1,0,0.244,0.179812,0.217911,Normal
2024-04-12 05:00:00,Dorm C,Room 102,22,Medium,2,0.6118205356922728,0.5710414644186494,0.3146414591369467,0,0,1,1,0,1,0,0,0,0.1074,0.081068,0.214476,Normal
2024-04-12 05:30:00,Dorm C,Room 103,22,Medium,2,0.8380925750474526,0.6126079589244058,0.4929188682456524,0,1,1,1,0,1,0,0,0,0.7247,0.509634,0.288335,Normal
2024-04-12 06:00:00,Dorm C,Room 102,22,Medium,2,0.6688917270302649,0.6857243840526968,0.5033336164668202,1,0,1,1,0,1,1,1,1,1.1652,0.775505,0.214392,Abnormal
2024-04-12 06:30:00,Dorm C,Room 102,22,Medium,2,0.7161593370222531,0.3748063973538854,0.3437996419457132,1,1,0,1,1,1,0,1,0,0.9482,0.620631,0.226724,Abnormal
2024-04-12 07:00:00,Dorm A,Room 106,32,Large,3,0.5556953317178087,0.4434108660879169,0.3937768018746334,1,1,1,1,1,1,0,1,1,0.9788,0.651952,0.312886,Normal
2024-04-12 07:30:00,Dorm A,Room 106,32,Large,3,0.6562922157011115,0.2176129033017315,0.242324549860708,0,1,0,1,0,1,0,0,0,0.6581,0.451272,0.325501,Normal
2024-04-12 08:00:00,Dorm A,Room 108,15,Small,1,0.4300565256568398,0.9576033492900295,0.6278765055071617,0,0,0,1,0,1,1,0,0,0.8817,0.513504,0.222054,Normal
2024-04-12 08:30:00,Dorm C,Room 107,21,Medium,2,0.6332003328027961,0.4740978361113642,0.3067018557590382,1,1,1,1,0,1,0,0,1,0.747,0.488505,0.210293,Normal
2024-04-12 09:00:00,Dorm C,Room 106,15,Small,1,0.614214018057302,0.6487344788129481,0.5277015236091628,1,0,1,1,0,0,1,0,1,0.7864,0.488875,0.258812,Normal
2024-04-12 09:30:00,Dorm B,Room 105,19,Medium,3,0.5653004919686622,0.3141187786802389,0.458452781911889,1,0,1,1,1,1,0,0,1,0.1414,0.110288,0.267983,Normal
2024-04-12 10:00:00,Dorm B,Room 107,14,Small,3,0.7030046296441519,0.6425121936899558,0.6173587550047145,1,1,1,1,1,1,0,1,0,0.9558,0.665912,0.275765,Abnormal
2024-04-12 10:30:00,Dorm C,Room 103,22,Medium,2,0.4540878545654028,0.7690760514358099,0.3676007551785079,1,0,1,1,1,0,0,0,0,0.138,0.108095,0.297421,Normal
2024-04-12 11:00:00,Dorm A,Room 101,20,Medium,2,0.5012903540293215,0.4872221954425463,0.469995445584753,1,0,1,1,0,0,0,1,1,0.3283,0.206261,0.267618,Normal
2024-04-12 11:30:00,Dorm B,Room 102,14,Small,2,0.5392050352801988,0.3475202035974702,0.2588877552849091,1,1,0,1,0,1,0,0,1,0.6693,0.421597,0.214067,Normal
2024-04-12 12:00:00,Dorm A,Room 107,25,Medium,3,0.3882180205111519,0.4756833943296365,0.2300831134543825,1,0,1,1,0,0,0,0,0,0.108,0.099359,0.260784,Normal
2024-04-12 12:30:00,Dorm A,Room 106,32,Large,3,0.5568485551958547,0.1688322925650902,0.5341887715042807,1,1,1,1,1,1,0,1,1,1.0037,0.705235,0.333639,Normal
2024-04-12 13:00:00,Dorm B,Room 108,20,Medium,3,0.2957099933894751,0.4905132649267192,0.2484985345108837,1,0,1,1,0,1,0,1,0,0.3058,0.204111,0.307164,Normal
2024-04-12 13:30:00,Dorm A,Room 107,25,Medium,3,0.6668972023789654,0.6167319666333388,0.4352678769381221,1,1,1,1,0,1,0,1,0,0.9424,0.646719,0.260745,Normal
2024-04-12 14:00:00,Dorm C,Room 108,20,Medium,1,0.5326526677339136,0.4908261549126416,0.5839714931540672,1,0,1,1,0,1,0,0,1,0.1254,0.112236,0.207954,Normal
2024-04-12 14:30:00,Dorm B,Room 107,14,Small,3,0.4564889873494125,0.4543235036172779,0.552226321897441,1,0,0,1,1,1,0,0,1,0.1087,0.074085,0.276393,Normal
2024-04-12 15:00:00,Dorm C,Room 105,11,Small,1,0.4144192586971154,0.5736135196389374,0.3829170798030564,1,1,0,1,0,1,0,0,0,0.7328,0.460756,0.222566,Normal
2024-04-12 15:30:00,Dorm B,Room 108,20,Medium,3,0.4949128733433875,0.5848497380149091,0.2720752432417117,1,1,1,1,1,1,0,0,1,0.7831,0.554695,0.30774,Normal
2024-04-12 16:00:00,Dorm B,Room 106,24,Medium,2,0.6187596503821646,0.2521384621078138,0.5237707829850237,1,0,1,1,1,0,0,1,1,0.3233,0.220142,0.229932,Normal
2024-04-12 16:30:00,Dorm B,Room 101,14,Small,4,0.5999014913041644,0.5091347444432495,0.6236767225658671,1,0,1,1,0,1,0,0,1,0.1253,0.073105,0.322807,Normal
2024-04-12 17:00:00,Dorm B,Room 108,20,Medium,3,0.4317092587606045,0.8540779080679113,0.3831986970624728,1,1,1,0,1,1,0,0,0,0.7088,0.474671,0.317314,Normal
2024-04-12 17:30:00,Dorm B,Room 104,25,Medium,3,0.4128536504172673,0.2998847791715808,0.3662740418130516,1,0,1,1,0,1,0,1,0,0.311,0.201388,0.323714,Normal
2024-04-12 18:00:00,Dorm B,Room 102,14,Small,2,0.6145509418005053,0.4835278575328119,0.3996748270795578,1,1,0,1,1,0,0,0,1,0.6807,0.448557,0.210579,Normal
2024-04-12 18:30:00,Dorm A,Room 101,20,Medium,2,0.4294533964698412,0.7814436573282233,0.5312225435692437,1,0,1,1,1,0,1,0,0,0.8339,0.540845,0.271324,Normal
2024-04-12 19:00:00,Dorm C,Room 104,13,Small,2,0.5344338509701088,0.6583527251011896,0.6100315029651942,1,1,1,1,0,0,0,0,0,0.7446,0.479773,0.275893,Normal
2024-04-12 19:30:00,Dorm C,Room 108,20,Medium,1,0.5430019580957314,0.4206314649341622,0.3139321224776975,1,0,1,1,0,0,0,0,1,0.115,0.066188,0.201598,Normal
2024-04-12 20:00:00,Dorm C,Room 105,11,Small,1,0.5682731941299847,0.5263751878293192,0.2828990408037696,1,1,1,1,1,1,0,0,1,0.6956,0.436392,0.227642,Normal
2024-04-12 20:30:00,Dorm A,Room 105,18,Medium,1,0.6415754238638571,0.4957708262215014,0.7433749263019094,0,0,0,1,1,1,0,0,0,0.0932,0.036232,0.27427,Normal
2024-04-12 21:00:00,Dorm C,Room 101,21,Medium,1,0.3569017269786598,0.3861431876212041,0.4413736886278556,1,1,0,0,1,1,0,0,1,0.6937,0.41525,0.224333,Normal
2024-04-12 21:30:00,Dorm B,Room 102,14,Small,2,0.2699124946490724,0.4851689395289962,0.4929863896958153,1,0,0,1,1,0,1,0,1,0.8931,0.565202,0.209529,Normal
2024-04-12 22:00:00,Dorm B,Room 106,24,Medium,2,0.4502412981959959,0.4549368371868991,0.3796364745279996,0,0,0,1,0,1,0,1,0,0.2636,0.172652,0.230911,Normal
2024-04-12 22:30:00,Dorm B,Room 108,20,Medium,3,0.7681625027705516,0.5126509487849631,0.5214274746149544,1,0,1,0,1,1,0,0,1,0.0804,0.045439,0.325718,Normal
2024-04-12 23:00:00,Dorm B,Room 107,14,Small,3,0.7977735893637518,0.3860974271911545,0.5778249126592505,0,0,1,1,1,1,0,0,1,0.1325,0.086295,0.262919,Normal
2024-04-12 23:30:00,Dorm B,Room 106,24,Medium,2,0.7721414204431681,0.308467060727361,0.4986133590825617,0,0,1,1,1,1,0,0,0,0.1274,0.063237,0.23047,Normal
2024-04-13 00:00:00,Dorm A,Room 108,15,Small,1,0.5004953615160641,0.490014465960018,0.6714966766207001,1,0,1,1,0,1,0,0,0,0.1181,0.061339,0.230906,Normal
2024-04-13 00:30:00,Dorm B,Room 102,14,Small,2,0.2872304863258376,0.7481380138602023,0.423447646204856,1,1,0,1,0,1,0,0,0,0.6356,0.372127,0.210999,Normal
2024-04-13 01:00:00,Dorm C,Room 101,21,Medium,1,0.2119533778139903,0.5081618520697766,0.4311091454048408,1,0,0,1,0,0,1,0,0,0.8904,0.524491,0.231933,Normal
2024-04-13 01:30:00,Dorm C,Room 101,21,Medium,1,0.4439887102685383,0.4473495456594747,0.4904086740694615,1,0,0,1,1,1,0,1,1,0.3291,0.208632,0.223214,Normal
2024-04-13 02:00:00,Dorm C,Room 108,20,Medium,1,0.4998119698712736,0.6069029657206313,0.5184281602153253,0,0,1,1,0,1,0,0,0,0.0992,0.050314,0.201976,Normal
2024-04-13 02:30:00,Dorm C,Room 107,21,Medium,2,0.7009403324356304,0.4728142281084946,0.4899936892469094,1,0,0,1,1,1,0,0,1,0.1095,0.039053,0.219034,Normal
2024-04-13 03:00:00,Dorm B,Room 106,24,Medium,2,0.6428550435889416,0.7706106335950536,0.3085565081947552,1,0,0,1,0,1,0,0,0,0.0828,0.067707,0.222744,Normal
2024-04-13 03:30:00,Dorm B,Room 103,12,Small,1,0.5569120508706573,0.4955061731142312,0.5001392491069994,0,0,0,1,0,1,1,0,0,0.8665,0.542865,0.215126,Normal
2024-04-13 04:00:00,Dorm A,Room 106,32,Large,3,0.4069749199234732,0.5990274680415499,0.4177576186298162,1,0,1,1,1,1,0,0,1,0.1446,0.083901,0.335966,Normal
2024-04-13 04:30:00,Dorm A,Room 108,15,Small,1,0.397455331719176,0.3851831482241937,0.3929475374003658,0,0,1,0,0,1,0,0,0,0.0454,0.013864,0.228272,Normal
2024-04-13 05:00:00,Dorm C,Room 103,22,Medium,2,0.560498277520994,0.5700160620347923,0.4665438475882544,1,0,0,1,0,1,0,0,0,0.0856,0.069454,0.298088,Normal
2024-04-13 05:30:00,Dorm C,Room 104,13,Small,2,0.6199394558764145,0.5365093935663992,0.3472937051683093,0,0,1,1,0,1,0,0,1,0.1039,0.075078,0.275753,Normal
2024-04-13 06:00:00,Dorm C,Room 105,11,Small,1,0.5789850786967312,0.4877769210138624,0.326434790927319,0,0,1,1,1,1,0,1,1,0.3177,0.209046,0.232291,Normal
2024-04-13 06:30:00,Dorm C,Room 103,22,Medium,2,0.3875487568273048,0.4223419414471477,0.1488707799836868,1,0,0,1,0,1,1,0,0,0.8863,0.543342,0.295209,Normal
2024-04-13 07:00:00,Dorm B,Room 102,14,Small,2,0.6137147189205038,0.4023151043248567,0.6722619915303373,0,0,1,1,1,1,0,1,0,0.3192,0.218554,0.217684,Normal
2024-04-13 07:30:00,Dorm B,Room 106,24,Medium,2,0.5835519321300695,0.5375762167208016,0.529317742574023,1,0,0,1,1,1,0,0,0,0.1076,0.05485,0.223174,Normal
2024-04-13 08:00:00,Dorm B,Room 104,25,Medium,3,0.3827083002375987,0.5885111827802583,0.4486388749082981,0,0,0,1,1,0,1,1,1,1.0451,0.677533,0.317632,Abnormal
2024-04-13 08:30:00,Dorm A,Room 108,15,Small,1,0.4211364218611904,0.4773930897473059,0.3826006306723692,0,0,1,1,0,1,0,1,1,0.3277,0.199806,0.216473,Normal
2024-04-13 09:00:00,Dorm A,Room 108,15,Small,1,0.6187913574481306,0.5382985729070608,0.1176111572198223,1,0,0,1,1,0,0,0,1,0.1004,0.070308,0.218755,Normal
2024-04-13 09:30:00,Dorm C,Room 105,11,Small,1,0.4949224680425547,0.4905091533602885,0.3752458305267391,0,0,1,1,0,0,0,0,1,0.0943,0.058736,0.232994,Normal
2024-04-13 10:00:00,Dorm C,Room 107,21,Medium,2,0.7396605399085355,0.5105607239403311,0.5485290429851224,0,0,1,1,0,1,0,0,0,0.1074,0.073204,0.211443,Normal
2024-04-13 10:30:00,Dorm B,Room 104,25,Medium,3,0.5936463773799968,0.4666234081215121,0.5756790716368793,1,1,1,1,0,1,0,0,0,0.7297,0.484995,0.330124,Normal
2024-04-13 11:00:00,Dorm B,Room 104,25,Medium,3,0.461086977097067,0.4987224450199957,0.5397023738792033,1,0,1,1,1,0,0,1,0,0.3096,0.179701,0.327902,Normal
2024-04-13 11:30:00,Dorm C,Room 106,15,Small,1,0.5250242295823615,0.8925900300393068,0.4816491815877507,0,0,1,0,0,1,0,0,0,0.0422,0.032902,0.267867,Normal
2024-04-13 12:00:00,Dorm B,Room 107,14,Small,3,0.534900017423973,0.5418794983250008,0.6190719810325184,1,0,0,1,0,1,0,1,1,0.2883,0.200526,0.262848,Normal
2024-04-13 12:30:00,Dorm C,Room 101,21,Medium,1,0.4286424262270482,0.5909151615866937,0.4232325852198934,0,0,0,0,0,0,0,0,0,0.0,0.0,0.224042,Normal
2024-04-13 13:00:00,Dorm A,Room 101,20,Medium,2,0.4039227071816681,0.5604538976342242,0.5928364474436159,0,1,1,1,0,0,0,0,1,0.7139,0.450216,0.272984,Normal
2024-04-13 13:30:00,Dorm A,Room 105,18,Medium,1,0.6205217468134244,0.4574571304891987,0.4165088741764908,1,1,1,1,0,0,0,0,1,0.7444,0.469152,0.27444,Normal
2024-04-13 14:00:00,Dorm C,Room 105,11,Small,1,0.639831182990937,0.6862481395282334,0.3569370100967801,1,0,1,1,0,0,1,0,0,0.8681,0.54061,0.232672,Normal
2024-04-13 14:30:00,Dorm A,Room 104,32,Large,3,0.6074225039805147,0.4532912122665949,0.3419922226684212,1,0,1,1,0,0,0,0,0,0.1053,0.083198,0.255675,Normal
2024-04-13 15:00:00,Dorm C,Room 106,15,Small,1,0.7297525148367661,0.6511338724544611,0.3349400091480536,1,0,1,1,1,1,0,0,1,0.1447,0.103477,0.258123,Normal
2024-04-13 15:30:00,Dorm B,Room 101,14,Small,4,0.4536868056443427,0.4469655022856292,0.5417149845862241,1,1,1,1,0,1,0,0,1,0.7527,0.530112,0.313555,Normal
2024-04-13 16:00:00,Dorm B,Room 101,14,Small,4,0.7510842765368176,0.3550018782860122,0.3735402623167689,1,0,1,1,0,0,0,0,0,0.1026,0.072043,0.313783,Normal
2024-04-13 16:30:00,Dorm A,Room 102,15,Small,3,0.4054884522523712,0.5497804450177726,0.3387151550575253,1,0,1,1,0,1,0,0,0,0.1161,0.081848,0.315929,Normal
2024-04-13 17:00:00,Dorm B,Room 104,25,Medium,3,0.3904894435719266,0.3337371184101298,0.5482733741186137,1,0,1,1,1,0,0,1,0,0.3184,0.169889,0.317908,Normal
2024-04-13 17:30:00,Dorm A,Room 102,15,Small,3,0.2902038919935483,0.5747998112500605,0.5019934029335335,1,1,1,1,0,1,0,0,0,0.7785,0.512715,0.316545,Normal
2024-04-13 18:00:00,Dorm C,Room 103,22,Medium,2,0.466567231886982,0.3205854633210982,0.5781285681589751,1,1,1,1,0,1,1,0,1,1.4643,0.92156,0.295203,Abnormal
2024-04-13 18:30:00,Dorm A,Room 105,18,Medium,1,0.4587933112784005,0.4491991698398159,0.5241432459053191,1,0,1,1,1,0,1,0,1,0.8905,0.553448,0.283543,Normal
2024-04-13 19:00:00,Dorm A,Room 105,18,Medium,1,0.5969756604163824,0.2856715968651862,0.3722966585297895,1,0,1,1,1,0,0,0,1,0.1381,0.100042,0.280509,Normal
2024-04-13 19:30:00,Dorm B,Room 102,14,Small,2,0.5591244861141305,0.9111258145586404,0.4717769557684694,0,0,1,1,1,1,0,0,1,0.1227,0.042062,0.220117,Normal
2024-04-13 20:00:00,Dorm C,Room 105,11,Small,1,0.3662944646014463,0.2530122973632796,0.4776591238515786,0,0,0,1,1,1,0,0,1,0.0947,0.067543,0.234351,Normal
2024-04-13 20:30:00,Dorm A,Room 101,20,Medium,2,0.4736892063568148,0.4975234074025291,0.3523760918618404,1,1,1,1,0,1,0,0,0,0.7243,0.466664,0.281691,Normal
2024-04-13 21:00:00,Dorm A,Room 103,17,Medium,2,0.4765429062160797,0.6641032104736384,0.3301258111383792,1,1,0,0,1,1,0,0,1,0.7078,0.465213,0.269826,Normal
2024-04-13 21:30:00,Dorm A,Room 108,15,Small,1,0.2880535248681715,0.6483902955643772,0.3809812391917827,1,0,1,1,1,1,0,0,1,0.1493,0.104461,0.216092,Normal
2024-04-13 22:00:00,Dorm C,Room 103,22,Medium,2,0.3947488579392463,0.621195928626538,0.7069745380163396,0,0,1,1,0,0,0,0,1,0.1004,0.067503,0.313027,Normal
2024-04-13 22:30:00,Dorm A,Room 105,18,Medium,1,0.4229491334577905,0.4494607092588905,0.4131303381485546,1,0,1,1,0,0,1,0,0,0.87,0.533944,0.280488,Normal
2024-04-13 23:00:00,Dorm A,Room 107,25,Medium,3,0.7187891432955213,0.694639618769878,0.6105532720326248,0,0,1,1,1,1,0,0,1,0.1324,0.075326,0.272609,Normal
2024-04-13 23:30:00,Dorm A,Room 105,18,Medium,1,0.5520869045180165,0.6303147564116471,0.406422079927181,0,0,1,1,1,1,0,0,1,0.1286,0.066962,0.290159,Normal
2024-04-14 00:00:00,Dorm A,Room 104,32,Large,3,0.6152581925746475,0.5272810953139357,0.5692804461573502,1,0,1,1,1,1,0,1,1,0.3568,0.276491,0.247038,Normal
2024-04-14 00:30:00,Dorm A,Room 102,15,Small,3,0.3252740050919481,0.5314373424124368,0.5709183685641935,1,0,1,1,0,1,0,0,0,0.1175,0.092851,0.323088,Normal
2024-04-14 01:00:00,Dorm C,Room 103,22,Medium,2,0.6866597775949843,0.4514161447773397,0.5769286973183276,0,0,1,1,0,1,0,0,1,0.1073,0.078386,0.30622,Normal
2024-04-14 01:30:00,Dorm A,Room 105,18,Medium,1,0.7010043014108225,0.3623970682900241,0.5091744048879348,0,0,1,1,1,1,0,0,1,0.1279,0.066888,0.282877,Normal
2024-04-14 02:00:00,Dorm C,Room 106,15,Small,1,0.2582120097443905,0.6778950900952287,0.6278888233604161,1,0,1,1,0,1,0,0,0,0.1172,0.075316,0.251645,Normal
2024-04-14 02:30:00,Dorm C,Room 103,22,Medium,2,0.4317389473716977,0.6889256041786711,0.508037890150504,0,0,0,1,0,1,0,0,0,0.0722,0.039886,0.287758,Normal
2024-04-14 03:00:00,Dorm B,Room 102,14,Small,2,0.5929265578638179,0.3661508964809003,0.6682181114245046,1,0,0,1,1,1,0,0,0,0.1097,0.105512,0.220279,Normal
2024-04-14 03:30:00,Dorm B,Room 103,12,Small,1,0.6128720412308701,0.4734806186433148,0.2683062048968269,0,0,1,1,0,1,0,0,1,0.1076,0.088314,0.224939,Normal
